lon,lat,state,name,type,fee,toilets,water,power,shower,backcountry
150.73319,-34.91677,New South Wales,Coral Tree Lodge Tourist Park,caravan_site,,,,,,
150.73472,-34.90693,New South Wales,Anglers Rest Caravan Park,caravan_site,,,,,,
150.81826,-35.01731,New South Wales,Holiday Haven Currarong,caravan_site,,,,,,
150.67396,-35.0233,New South Wales,Myola Tourist Park,caravan_site,,,,,,
150.66174,-35.02313,New South Wales,Jervis Bay Holiday Park,caravan_site,,,,1,,
150.67556,-35.04267,,White Sands Tourist Park,caravan_site,paid,,,,,
150.67465,-35.04674,New South Wales,Huskisson Beach Tourist Park,caravan_site,,,,,,
149.23724,-35.34985,New South Wales,Queanbeyan Riverside Caravan Park,caravan_site,,,,,,
150.76388,-34.90763,New South Wales,Holiday Haven Tourist Park,caravan_site,,,,,,
150.32607,-35.60702,New South Wales,Pebbly Beach,camp_site,paid,,,,,
149.73776,-35.34422,New South Wales,Warri Camping Reserve,camp_site,free,1,,,0,
153.09939,-26.61783,Queensland,Mudjimba Beach Caravan Park,caravan_site,,,,,,
153.43568,-28.06086,Queensland,Nobby Beach Holiday Village,caravan_site,,,,1,,
153.44362,-28.06951,Queensland,Ocean Beach Tourist Park,caravan_site,paid,,,1,,
151.15136,-33.9522,New South Wales,Sheralee Tourist Caravan Park,caravan_site,paid,1,1,1,,
151.26667,-27.18605,Queensland,Dalby Tourist Park - Myall Creek,caravan_site,,,,,,
146.69928,-36.3583,Victoria,Lake Sambell Caravan Park,camp_site,paid,,,,,
151.30433,-33.70062,New South Wales,BIG4 Holiday Parks,caravan_site,paid,1,1,1,1,
148.25194,-20.0143,Queensland,Harbour Lights Caravan Park,caravan_site,,,,,,
151.1438,-33.79013,New South Wales,Lane Cove River Tourist Park,caravan_site,free,1,,1,1,
151.10521,-34.02684,New South Wales,Sydney Tourist Park,caravan_site,,,,,,
144.68972,-37.97309,Victoria,Werribee South Tourist Park,caravan_site,,,,,,
150.39185,-35.47705,New South Wales,Meroo Head Camping Ground,camp_site,,,,,,
150.99657,-33.90031,New South Wales,Bass Hill Tourist Park,caravan_site,,,,,,
150.30193,-35.63552,New South Wales,Durras Lake North Holiday Park,caravan_site,paid,1,,,1,
153.16791,-27.6607,Queensland,Galaxy Caravan Park,caravan_site,paid,1,,,,
116.01829,-31.94658,Western Australia,Advent Park Campground,camp_site,paid,1,,,1,
153.14941,-27.06493,Queensland,Bellara Caravan Park,caravan_site,,,,,,
115.82183,-31.81456,Western Australia,Acclaim Kingsway Tourist Park,caravan_site,,,,1,,
117.48665,-30.82186,Western Australia,Koorda Caravan Park,camp_site,paid,1,,1,1,
115.79303,-31.86305,Western Australia,Karrinyup Waters Resort,caravan_site,paid,1,1,1,,
115.06724,-30.49815,Western Australia,RAC Cervantes Holiday Park,caravan_site,paid,1,1,1,1,
152.30974,-32.54291,New South Wales,Mungo Brush,camp_site,paid,,,,,
152.3165,-32.53853,New South Wales,Dees Corner Camping Area,camp_site,paid,,,,,
153.19225,-30.04713,New South Wales,"Darlington Beach Resort, unpowered camping area",camp_site,paid,,,,,
143.96357,-36.97922,Victoria,Loddon House Holiday Park,caravan_site,,,,,,
143.88629,-36.83341,Victoria,Laanecoorie Lakeside Park,caravan_site,,,,,,
153.52277,-28.17044,New South Wales,Kirra Beach Tourist Park,caravan_site,,,,,,
144.99366,-38.32875,Victoria,Dromana Holiday Village,caravan_site,,,,,,
144.19247,-38.41014,Victoria,Anglesea Caravan Park,caravan_site,paid,,,,,
144.21377,-37.05284,Victoria,BIG4 Castlemaine Gardens Holiday Park,caravan_site,,,,,,
148.96093,-35.33172,Australian Capital Territory,Camp Cottermouth,camp_site,,,,,,
147.26211,-43.06438,,Snug Beach Cabin & Caravan Park,caravan_site,paid,,,1,,
117.19623,-20.63291,,The Cove Caravan Park,caravan_site,paid,1,1,1,,
116.81084,-20.73065,Western Australia,Balmoral Holiday Park,caravan_site,,,,,,
144.69283,-37.97227,Victoria,BP Caravan Park,caravan_site,,,,,,
115.72088,-31.73097,Western Australia,Burns Beach Caravan Park,caravan_site,,,,,,
150.74953,-23.12005,Queensland,Beachside Caravan Park,caravan_site,,,,,,
144.06278,-36.99477,Victoria,Maldon Caravan & Camping Park,caravan_site,,,,,,
138.73713,-34.98566,South Australia,Woodhouse Scout Activity Centre,camp_site,,,,,,
128.21692,-17.01653,Western Australia,Turkey Creek Roadhouse,caravan_site,,,,,,
152.65062,-26.61558,Queensland,Charlie Moreland Campground,camp_site,paid,,,,,
150.29769,-33.72997,New South Wales,KCC Camp Site,camp_site,paid,1,,,1,
152.1801,-32.67857,New South Wales,Reflections Jimmys Beach - Holiday Park,camp_site,,,,1,,
152.18309,-32.67166,New South Wales,Reflections Hawks Nest - Holiday Park,camp_site,,,,,,
147.96108,-43.14296,Tasmania,Banksia Campground,camp_site,,,,,1,
115.96487,-31.87672,Western Australia,Perth Vineyards Holiday Park (Big 4),caravan_site,,,,,,
150.78058,-35.05246,New South Wales,Jerrinja Aboriginal Camping Area,camp_site,,,,,,
144.34913,-38.16584,Victoria,Geelong Holiday Park,caravan_site,paid,,,1,,
150.49715,-35.26901,New South Wales,Lake Conjola Entrance Tourist Park,caravan_site,,,,,,
144.02032,-37.07148,Victoria,Welshmans Reef Caravan Park,caravan_site,,,,,,
142.53969,-37.22405,Victoria,Borough Huts Campground,camp_site,paid,,,,,
142.63493,-37.14331,Victoria,Lake Fyans Holiday Park,caravan_site,,,,,,
142.0181,-36.49806,Victoria,Horseshoe Bend,camp_site,,1,0,0,0,
142.02018,-36.50394,Victoria,Ackle Bend,camp_site,,,,,,
141.79808,-36.44663,Victoria,Kiata Campground,camp_site,,,,,,
140.01644,-37.47856,South Australia,Beachport Caravan Park,caravan_site,,,,,,
139.78428,-37.16488,South Australia,Discovery Parks,caravan_site,paid,1,1,1,,
141.98447,-36.14458,Victoria,Jeparit Caravan Park,caravan_site,,,,,,
141.92823,-36.13257,Victoria,Four Mile Beach Campsite,camp_site,paid,1,,,1,
148.30308,-34.30996,New South Wales,Young Caravan Park,caravan_site,,,,,,
144.33763,-38.16715,Victoria,Discovery Park - Geelong,caravan_site,,,,,,
144.33974,-38.16742,Victoria,Riverglen Holiday Park,caravan_site,,,,,,
144.34867,-38.18761,Victoria,Sherwood Village,caravan_site,,,,,,
144.33362,-38.23522,Victoria,Geelong Surf Coast Highway Holiday Park,caravan_site,,,,,,
153.06169,-27.28698,Queensland,Brighton Caravan Park,caravan_site,,,,,,
153.10086,-26.65261,Queensland,Cotton Tree Holiday Park,caravan_site,,,,,,
143.73079,-36.86285,Victoria,Dunolly Caravan Park,caravan_site,,,,,,
145.49302,-38.07222,Victoria,Pakenham Caravan Park,caravan_site,,,,,,
149.60307,-35.51024,New South Wales,Lowden Forest Park Camping Area,camp_site,free,,,,,
153.09233,-27.25516,Queensland,Bells Caravan Park,caravan_site,,,,,,
153.09143,-27.25467,Queensland,Bramble Bay Caravan Park,caravan_site,,,,,,
153.11094,-27.19299,,Scarborough Holiday Village,camp_site,paid,1,1,1,1,
152.62025,-27.07367,Queensland,Camp Somerset,camp_site,,,,,,
152.96783,-27.57462,Queensland,Oxley Pines Caravan Park,caravan_site,,,,,,
147.63795,-37.82499,Victoria,Mitchell Gardens Caravan Park,caravan_site,,,,,,
146.4487,-37.93262,Victoria,North Gardens Campground,camp_site,,,,,,
144.02308,-38.39887,Victoria,Hammonds Camping Area,camp_site,,,,,,
138.47258,-35.24865,South Australia,BIG4 Port Willunga Tourist Park,caravan_site,,,,,,
152.5993,-27.63891,Queensland,Rosewood Showgrounds,camp_site,,,,1,,
144.19011,-37.85972,Victoria,Friday's Camping Area,camp_site,free,,,,0,
115.80509,-31.76901,Western Australia,Wanneroo Caravan Park,caravan_site,,,,,,
143.93246,-38.47482,Victoria,Big Hill Campground,camp_site,,,,,,
143.93627,-36.6064,Victoria,Bridgewater on Loddon Tourist Park,caravan_site,,,,,,
115.76631,-32.12964,Western Australia,Woodman Point Holiday Park,caravan_site,paid,,,1,,
113.6614,-24.87943,Western Australia,Coral Coast Tourist Park,caravan_site,,,,1,,
113.68162,-24.8657,Western Australia,Outback Oasis Caravan Park Carnarvon,caravan_site,,,,,,
113.68918,-24.86502,Western Australia,Carnarvon Caravan Park,caravan_site,paid,,,1,,
152.16434,-26.97155,Queensland,Clancy's Campground and Dayuse Area,camp_site,,,,,,
142.23619,-38.39079,Victoria,Southcombe By The Sea Caravan Park,caravan_site,,,,,,
143.27527,-37.30133,Victoria,Richards Camping Site,camp_site,,,,,,
141.92305,-38.0564,Victoria,Budj Bim Campground,camp_site,,1,,,1,
141.16097,-38.04634,Victoria,Battersbys,camp_site,,,,,,
141.28392,-37.92559,Victoria,Dartmoor - Fort O'Hare Tourist Camping Reserve,camp_site,,,,,,
141.18514,-38.13454,Victoria,Lake Mombeong Campsite,camp_site,,,,,,
152.5497,-27.34988,Queensland,Captain Logan Camp Ground,camp_site,paid,,,0,,
151.44926,-26.10224,Queensland,Lake Boondooma,camp_site,,,,,,
151.44077,-26.09567,Queensland,Boondooma Dam,camp_site,,1,,1,1,
152.171,-26.97768,Queensland,Emu Creek Campground and Dayuse area,camp_site,,,,,,
116.77061,-31.86408,Western Australia,,caravan_site,,,,,,
152.95503,-26.81953,Queensland,Rocky Creek Campsite,camp_site,paid,,,,,
144.41277,-38.025,Victoria,Mittagong Camp Site,camp_site,,,,,,
150.53818,-35.24589,New South Wales,Holiday Haven Bendalong Point,caravan_site,,,,1,,
143.93377,-36.94271,Victoria,Hamiltons Crossing Crown Land Reserve,camp_site,,,,,,
152.94555,-27.25985,Queensland,YMCA Camp,camp_site,,,,,,
152.33884,-24.86739,Queensland,Finemore Tourist Park,caravan_site,,,,,,
152.45519,-24.8065,Queensland,Bargara Beach Caravan Park,caravan_site,paid,,,,,
152.4436,-24.79982,Queensland,,caravan_site,,,,,,
150.85411,-34.68185,New South Wales,Kendalls On The Beach Holiday Park,caravan_site,,,,,,
149.16357,-35.33404,Australian Capital Territory,Canberra Holiday Village,caravan_site,,,,1,,
147.68125,-37.89188,Victoria,Eagle Point Caravan Park,caravan_site,,,,,,
115.11194,-21.63448,,Ocean View Caravan Park,caravan_site,,,,,,
138.93746,-33.6792,South Australia,Burra Caravan & Camping Park,caravan_site,,,,,,
115.12791,-21.64585,,Discovery Parks Onslow,caravan_site,,,,1,,
145.05761,-36.31595,Victoria,Kyabram Caravan and Tourist Park,caravan_site,,,,,,
145.85362,-37.02404,Victoria,Bonnie Doon Caravan Park,caravan_site,,,,,,
151.87842,-31.85706,New South Wales,Gloryvale Reserve,camp_site,free,1,,,0,
151.91744,-31.79032,New South Wales,Bretti Reserve,camp_site,free,1,,,0,
152.95794,-26.81721,Queensland,Bush Campsite 2,camp_site,,,,,,
152.95573,-26.81677,Queensland,Bush Campsite 1,camp_site,,,,,,
152.95689,-26.8188,Queensland,Bush Campsite 4,camp_site,,,,,,
152.95622,-26.81953,Queensland,Bush Campsite 3,camp_site,,,,,,
151.48427,-32.98363,New South Wales,,caravan_site,,,,,,
144.88682,-37.67263,Victoria,Airport Tourist Village,caravan_site,,,,,,
144.55913,-37.42894,Victoria,Macedon Family Caravan Park,caravan_site,,,,,,
144.35349,-37.48923,Victoria,Margarets Corner,camp_site,,,,,,
145.14124,-38.17465,Victoria,BIG 4 Frankston Holiday Park,caravan_site,paid,,,,,
115.44117,-31.27263,Western Australia,,caravan_site,,,,,,
145.72644,-36.63634,Victoria,Honeysuckle Caravan Village,caravan_site,,,,,,
153.36558,-27.78012,Queensland,Jacobs Well Tourist Park,caravan_site,,1,,,,
120.67346,-19.75473,Western Australia,Eighty Mile Beach Caravan Park,caravan_site,,,,,,
141.48752,-31.943,New South Wales,Lakeview Caravan Park,caravan_site,,,,,,
114.16944,-27.71276,Western Australia,Kalbarri Tudor Holiday Park,caravan_site,paid,,,1,,
115.03862,-30.30411,Western Australia,Jurien Bay Tourist Park,camp_site,,1,1,1,1,
121.46913,-30.78293,Western Australia,Kalgoorlie Discovery Holiday Park,caravan_site,paid,,,0,,
145.47633,-38.55105,Victoria,Kilcunda Ocean View Holiday Retreat,caravan_site,,,,,,
146.10286,-37.06191,Victoria,Mansfield Holiday Park,caravan_site,,,,,,
145.5394,-37.16225,Victoria,Molesworth Recreation Reserve,caravan_site,,,,,,
142.76182,-34.5996,Victoria,Weir Caravan Park,caravan_site,,,,,,
142.76967,-34.57907,Victoria,Robinvale Riverside Caravan Park,caravan_site,,,,,,
128.22614,-31.817,Western Australia,Mundrabilla Motel Caravan Park,camp_site,paid,1,,1,1,
126.09802,-32.03806,Western Australia,Cocklebiddy Caravan Park,camp_site,paid,1,,1,1,
122.79491,-32.02951,Western Australia,Fraser Range Station Caravan Park,caravan_site,,,,1,,
142.38766,-32.26831,New South Wales,Copi Hollow Caravan Park,caravan_site,,,,,,
144.31544,-38.32887,Victoria,Torquay Holiday Park,caravan_site,paid,1,1,1,,
134.19874,-32.79644,South Australia,Streaky Bay Foreshore Tourist Park,caravan_site,paid,,,,,
130.89714,-31.44924,South Australia,Nullarbor Roadhouse Caravan Park,caravan_site,,,,,,
139.30869,-35.09005,South Australia,Avoca Dell Caravan Park,caravan_site,,,,,,
115.78237,-32.27539,Western Australia,Rockingham Holiday Village,caravan_site,,,,,,
115.74925,-32.2623,Western Australia,Cee and See Caravan Park,caravan_site,,,,,,
142.12361,-34.17425,Victoria,BIG4 NRMA Mildura Riverside Holiday Park,caravan_site,,,,,,
136.81747,-31.19974,South Australia,Woomera Travellers Village,caravan_site,,,,1,,
145.20885,-38.03858,Victoria,Big4 Dandenong Tourist Park,caravan_site,paid,,,,,
138.50463,-34.9501,South Australia,BIG4 West Beach Parks,caravan_site,,,,,,
132.26998,-14.44528,Northern Territory,Knott's Crossing Resort,caravan_site,,,,,,
131.0332,-12.49826,Northern Territory,BIG4 Howard Springs Holiday Park,caravan_site,paid,1,1,1,,
130.89356,-12.34392,Northern Territory,Lee Point Village Resort,caravan_site,,,,,,
130.48196,-15.66272,Northern Territory,Timber Creek Gunamu Tourist Park,caravan_site,,,,,,
128.72085,-15.79181,Western Australia,Discovery Parks Lake Kununurra,caravan_site,,,,,,
122.21611,-17.92723,Western Australia,Cable Beach Caravan Park,caravan_site,paid,1,1,1,,
122.21792,-17.92435,Western Australia,Tarangau Caravan Park,caravan_site,,,,,,
123.629,-17.3077,Western Australia,Kimberley Entrance Caravan Park,caravan_site,paid,1,1,1,,
125.58315,-18.20934,Western Australia,Fitzroy River Lodge,caravan_site,paid,1,1,1,,
145.85292,-37.3108,Victoria,Kendalls Camp Area,camp_site,free,,,,,
145.85997,-37.31959,Victoria,The Boys Camping Area,camp_site,free,,,,,
144.51149,-38.27039,Victoria,Riverview Family Caravan Park,caravan_site,,,,,,
144.47433,-38.16501,Victoria,Sands Caravan & Mobile Home Park,caravan_site,,,,,,
152.69769,-27.01548,Queensland,Archer Campground,camp_site,paid,,,,,
153.19432,-28.44492,New South Wales,Cutters Camp,camp_site,,,,,,
152.58686,-26.36593,Queensland,Cedar Grove camping area,camp_site,,,,,,
115.16407,-34.3243,Western Australia,Turner Holiday Park,caravan_site,,,,,,
115.16693,-34.34121,,Flinders Bay Caravan Park,caravan_site,,,,,,
151.4123,-32.97591,New South Wales,Watagan Headquarters Camping Area,camp_site,free,0,,,0,
151.42084,-32.96267,New South Wales,Bushrat's Camp,camp_site,,,,,,
150.31119,-28.55066,Queensland,Rivergums Caravan Park,caravan_site,,,,,,
144.56579,-38.23654,Victoria,Big4 Bellarine,caravan_site,,,,,,
148.90846,-34.83386,New South Wales,Yass Caravan Park,camp_site,,1,,,1,
144.49902,-36.88618,Victoria,Lake Eppalock Holiday Park,caravan_site,,,,,,
145.74618,-38.63472,Victoria,Inverloch Holiday Park,caravan_site,,,,,,
122.21344,-17.9753,Western Australia,Broome Vacation Village Caravan Park,caravan_site,,,,,,
144.98376,-37.72252,Victoria,Melbourne Big 4 Holiday Park,camp_site,,,,,,
142.92557,-37.27632,Victoria,Acacia Caravan Park,caravan_site,,,,,,
148.46305,-35.65243,New South Wales,Yarrangobilly Village Campground,camp_site,paid,1,,,0,
145.24508,-15.47597,Queensland,Big4 Cooktown Holiday Caravan Park,caravan_site,,,,,,
150.12575,-36.21426,New South Wales,BIG4 Narooma East's Holiday Park,caravan_site,paid,,,,,
150.13883,-36.22331,New South Wales,Surf Beach Holiday Park Narooma,caravan_site,paid,,,1,,
153.60303,-28.84399,New South Wales,Flat Rock Tent Park,camp_site,,,,,,
152.94578,-29.71521,New South Wales,Glenwood Tourist Park,caravan_site,paid,1,1,1,1,
150.47505,-34.74053,New South Wales,Bendeela Recreation Area,camp_site,free,1,,,0,
150.9244,-31.14396,New South Wales,Tamworth Holiday Park,caravan_site,,1,,,,
153.28006,-28.02475,Queensland,Advancetown Caravan Park,caravan_site,,,,,,
153.25277,-29.35502,New South Wales,Woombah Woods Caravan Park,caravan_site,,,,,,
153.27698,-29.35795,New South Wales,Bimbimbi Riverside Caravan Park,caravan_site,,,,,,
153.34928,-29.39012,New South Wales,Anchorage Holiday Park,caravan_site,,,,,,
153.34786,-29.40601,New South Wales,Iluka Riverside Caravan Park,caravan_site,,,,,,
113.70065,-24.86157,Western Australia,BIG4 Plantation Caravan Park,caravan_site,,,,,,
135.47245,-34.62422,,Coffin Bay Caravan Park,caravan_site,,1,,,,
147.05058,-41.37372,Tasmania,Launceston Holiday Park,camp_site,paid,1,,,1,
145.30437,-38.02971,Victoria,Casey Gardens Residential Village,caravan_site,,,,,,
147.73576,-43.11082,,White Beach Caravan Park,caravan_site,,,,,,
138.4779,-34.85235,South Australia,Adelaide Beachfront Tourist Park,caravan_site,paid,1,1,1,,
128.74733,-15.76586,Western Australia,Hidden Valley Caravan Park,caravan_site,,,,,,
144.63999,-38.11062,Victoria,Portarlington Caravan Park,caravan_site,,,,,,
148.25213,-41.3336,Tasmania,BIG4 St Helens Holiday Park,caravan_site,paid,1,1,1,1,
146.40379,-41.23308,Tasmania,Latrobe Mersey River Caravan Park,caravan_site,,,,,,
146.37676,-41.17208,Tasmania,Discovery Holiday Parks Devonport,camp_site,paid,1,,1,1,
132.83591,-12.66276,Northern Territory,Aurora Kakadu Lodge,camp_site,,,,,,
150.56924,-34.87144,New South Wales,Shoalhaven Ski Park,camp_site,,,,,,
145.34882,-37.92539,Victoria,,caravan_site,paid,,,,,
145.66325,-35.9313,Victoria,RACV Resort Cobram,caravan_site,,,,,,
145.34808,-37.92627,Victoria,,caravan_site,paid,,,,,
145.35093,-37.92693,Victoria,,camp_site,paid,,,,,
142.47631,-38.39553,Victoria,Shipwreck Coast Holiday Park,caravan_site,,,,1,,
142.48689,-38.39186,Victoria,Surfside Holiday Park,camp_site,,1,1,1,1,
117.86321,-30.81861,Western Australia,Bencubbin Caravan Park,camp_site,paid,1,,1,1,
147.17297,-36.21232,Victoria,Lakelands Caravan Park,caravan_site,,,,,,
150.30767,-33.33999,New South Wales,,camp_site,,,,,,
143.94826,-38.5738,,Cumberland River Holiday Park,camp_site,,,,,,
114.12766,-21.93491,Western Australia,Ningaloo Caravan and Holiday Resort,caravan_site,paid,1,1,1,,
114.13201,-21.93866,Western Australia,Exmouth Cape Holiday Park,caravan_site,paid,1,1,1,1,
113.92748,-22.0064,,Mesa Campground,camp_site,,,,,,1
144.32072,-38.33976,,Torquay Foreshore Caravan Park,caravan_site,paid,,1,1,,
149.00255,-31.32814,New South Wales,Hurleys Camp,camp_site,paid,0,,0,0,1
152.25111,-29.215,New South Wales,Wunglebung,caravan_site,paid,,,,,
143.54055,-38.52371,Victoria,Otway Tourist Park,caravan_site,,,,,,
143.74386,-38.5491,Victoria,Lake Elizabeth Campground,camp_site,,,,,,
144.26277,-37.76684,Victoria,Boar Gully Camp Ground,camp_site,,,,,,
150.21801,-33.83861,New South Wales,Mobbs Soak,camp_site,,,,,,1
145.0664,-38.22514,Victoria,Mornington Gardens Holiday Village,caravan_site,,,,,,
150.81798,-34.24259,New South Wales,Ground #8,camp_site,paid,1,,,1,
150.81742,-34.23805,New South Wales,Ground #6,camp_site,paid,1,,,1,
150.82082,-34.24599,New South Wales,Ground #1,camp_site,paid,1,,,1,
150.82363,-34.24478,New South Wales,Ground #10,camp_site,paid,1,,,1,
150.81804,-34.24525,New South Wales,Ground #2,camp_site,paid,1,,,1,
150.81649,-34.24053,New South Wales,Ground #7,camp_site,paid,1,,,1,
150.81407,-34.23961,New South Wales,Ground #4,camp_site,paid,1,,,1,
150.82043,-34.24386,New South Wales,Ground #9,camp_site,paid,1,,,1,
150.81575,-34.24347,New South Wales,Ground #3,camp_site,paid,1,,,1,
146.39618,-36.00472,New South Wales,Ball Park Caravan Park,caravan_site,paid,,,1,,
146.3819,-36.00763,New South Wales,Corowa Caravan Park,caravan_site,paid,,,1,,
146.40453,-35.98388,New South Wales,Rivergum Holiday Park,caravan_site,paid,,,1,,
139.67127,-34.03973,South Australia,Morgan Riverside Caravan Park,caravan_site,,,,1,,
148.07887,-23.65935,Queensland,Lake Maraboon Tourist Park,caravan_site,,,,,,
149.9774,-24.56253,Queensland,Moura Caravan Park,caravan_site,,,,1,,
150.07473,-24.9547,Queensland,Junction Park Short Stay Camping,camp_site,paid,1,,0,1,
138.68986,-35.53081,South Australia,Port Elliot Caravan Park,caravan_site,,,,,,
138.81432,-35.50406,South Australia,Hindmarsh Island Caravan Park,caravan_site,,,,,,
138.61182,-35.55983,South Australia,Victor Harbour Beachfront Holiday Park,caravan_site,,,,,,
150.51448,-23.2991,Queensland,Country Club,caravan_site,,,,,,
150.92245,-34.34181,,Bulli Beach Camping Reserve,camp_site,,,,,,
150.91687,-34.37923,,Corrimal Beach Tourist Park,caravan_site,,,,,,
150.29049,-28.52351,Queensland,Goondiwindi Top Tourist Park,caravan_site,,,,,,
150.32303,-28.5331,Queensland,BIG4 Goondiwindi Holiday Park,caravan_site,,,,,,
117.87358,-35.01145,Western Australia,Albany Gardens Holiday Resort,caravan_site,,,,,,
150.54025,-23.49122,Queensland,Kangaroo Country Caravan Park,camp_site,,,,,,
143.78231,-37.53864,Victoria,Big 4 Ballarat Windmill Holiday Park and Caravan Park,caravan_site,,,,,,
143.89299,-37.58062,Victoria,Pax Hill Activity Centre,camp_site,,,,,,
143.87156,-37.57299,Victoria,BIG4 Ballarat Goldfield Holiday Park,caravan_site,paid,1,,1,,
143.89204,-37.55612,Victoria,BIG4 Ballarat Welcome Stranger Holiday Park,caravan_site,,,,,,
149.97851,-36.72245,New South Wales,NRMA Tathra Beachfront Holiday Park,caravan_site,,,,1,,
149.97524,-36.7187,New South Wales,Tathra Beach Eco Camp,caravan_site,,,,,,
146.1581,-26.36467,Queensland,Evening Star Tourist Park,camp_site,paid,1,,1,1,
115.69773,-33.23547,Western Australia,Belvidere Camp Site,camp_site,,,,,,
142.88098,-38.60423,Victoria,Great Ocean Road Tourist Park,caravan_site,,,,,,
115.91241,-33.36737,Western Australia,Sailors Gully,camp_site,,,,,,
143.58264,-38.82767,Victoria,Blanket Bay Campsite,camp_site,,,,,,
143.58236,-38.82645,Victoria,Blanket Bay Great Ocean Walk Campsite,camp_site,,,,,,
143.55831,-38.84692,Victoria,Parker Hill Campground,camp_site,,,,,,
146.58174,-25.79523,Queensland,Augathella Rest Area - Warrego Park - Main Campground,camp_site,paid,1,,0,1,
144.34705,-36.76866,Victoria,BIG4 Bendigo Park Lane Holiday Park,caravan_site,,,,1,,
115.6402,-33.35451,Western Australia,Bunbury Glade Caravan Park,caravan_site,,,,,,
149.98284,-36.72885,New South Wales,Hobbs Corner,caravan_site,paid,,,,,
149.97745,-36.72449,New South Wales,BIG4 Holiday Parks,caravan_site,paid,,,,,
144.1378,-37.35654,Victoria,Daylesford Victoria Caravan Park,caravan_site,,,,,,
143.37938,-38.76122,Victoria,Johanna Beach Campground,camp_site,,,,,,
116.01201,-31.8761,Western Australia,BIG4 Perth Midland Tourist Park,caravan_site,,,,,,
115.98921,-31.8391,Western Australia,Swan Valley Tourist Park,caravan_site,,,,,,
152.64535,-31.87449,New South Wales,BIG4 Colonial Holiday Park,caravan_site,,,,,,
152.50438,-32.17203,New South Wales,Reflections Tuncurry - Holiday Park,caravan_site,paid,1,1,1,,
152.49286,-32.18344,New South Wales,Great Lakes Holiday Park,caravan_site,paid,,,1,,
146.20523,-36.06909,Victoria,Bundalong Caravan Park,caravan_site,,,,,,
152.51223,-32.19772,New South Wales,Lani's Holiday Island,caravan_site,,,,,,
152.51315,-32.20016,New South Wales,Smugglers Cove Holiday Village,caravan_site,,,,,,
145.39313,-36.39312,Victoria,Victoria Lake Holiday Park,caravan_site,,,,,,
152.50962,-32.17781,New South Wales,Reflections Forster Beach - Holiday Park,caravan_site,paid,,,1,,
152.53044,-32.22319,New South Wales,Lakeside Forster Holiday Park,caravan_site,,,,,,
152.48337,-32.17404,New South Wales,Twin Dolphins Holiday Park,caravan_site,,,,,,
148.16856,-23.5208,Queensland,Emerald Cabin & Caravan Village,caravan_site,,,,,,
143.6988,-36.60109,Victoria,Melville Caves Campground,camp_site,,,,,,
145.92494,-38.16337,Victoria,Warragul Gardens Holiday Park & Retirement Village,caravan_site,,,,1,,
144.78184,-38.36648,Victoria,Blairgowrie Caravan Park,caravan_site,,,,,,
152.02375,-26.86865,Queensland,Harland Park,camp_site,free,1,0,0,0,
128.73087,-15.77008,Western Australia,Ivanhoe Village Caravan Resort,caravan_site,,,,,,
152.64679,-26.63996,Queensland,Booloumba Creek Camping Area 1,camp_site,,,,,,
143.7435,-37.04018,Victoria,Caravan Park,caravan_site,,,,,,
144.49603,-38.28612,,Barwon Heads Caravan Park,caravan_site,,,,,,
144.5566,-38.27144,Victoria,Collendina Caravan Park,caravan_site,,,,1,,
142.19813,-36.72327,Victoria,Horsham Riverside Caravan Park,caravan_site,,,,,,
152.64688,-26.64562,Queensland,Booloumba Creek No 3 Campground,camp_site,,,,,,
152.64845,-26.64704,Queensland,Booloumba Creek No 4 Campground,camp_site,,,,,,
152.6235,-26.69031,Queensland,Wongai Walkers Camp,camp_site,,,,,,
144.9072,-38.38351,Victoria,Tudor Caravan Park,caravan_site,,,,,,
144.91105,-38.38026,Victoria,Amberlee Caravan Park,caravan_site,,,,,,
145.0048,-38.29085,,Joseph Harris (Bay Park) Scout Camp,camp_site,paid,,,,,
145.14506,-38.39083,Victoria,Lord Somers Camp,camp_site,,,,,,
114.97673,-29.95334,Western Australia,Leeman Caravan Park,caravan_site,,,,,,
114.96683,-30.06793,,Green Head Caravan Park,caravan_site,paid,1,,,,
115.72348,-33.341,Western Australia,Waterloo Village Caravan Park,caravan_site,,,,,,
145.22077,-38.37465,,Stony Point Caravan Park,caravan_site,paid,,,1,,
115.84174,-33.24988,Western Australia,Brunswick Caravan Park,caravan_site,,1,,,,
152.93711,-26.79325,Queensland,Ocean View Caravan Park,caravan_site,,,,,,
140.35211,-34.2223,South Australia,Kingston On Murray Caravan Park,caravan_site,,,,,,
147.06975,-38.12887,Victoria,Thomson River Caravan Park (Closed),caravan_site,,,,,,
147.16063,-36.73524,Victoria,Mt Beauty Holiday Centre,caravan_site,,,,,,
143.66483,-38.77872,Victoria,Marengo Holiday Park,caravan_site,,,,,,
145.24384,-38.24701,,Yaringa Caravan Park,caravan_site,,,,,,
147.01209,-36.14096,Victoria,"Discovery Parks Lake Hume, Victoria",caravan_site,,,,,,
143.88468,-37.56387,Victoria,Eureka Stockade Holiday Park,caravan_site,,,,,,
146.98064,-37.97032,Victoria,Maffra Caravan Park,caravan_site,,,,,,
141.6079,-38.33772,Victoria,Portland Bay Holiday Park,caravan_site,paid,,,1,,
139.77028,-37.16712,South Australia,Lakeside Tourist Park,caravan_site,paid,,,1,,
147.83528,-36.21341,Victoria,Colac Colac Caravan Park,caravan_site,,,,,,
139.8007,-37.25501,,Little Dip Conservation Park - Long Gully,camp_site,,,,,,
134.26404,-20.56789,Northern Territory,,camp_site,,,,,,
139.76193,-37.16282,South Australia,Sea Vu Caravan Park,caravan_site,,,,,,
140.74309,-36.95138,South Australia,Big 4 Holiday Park,caravan_site,paid,1,1,0,1,
133.81986,-27.5555,South Australia,Marla South Rest Area,camp_site,free,,,,,
151.62272,-33.18639,New South Wales,Frazer Beach campsite,camp_site,,,,,,
143.22019,-38.2933,Victoria,Lake Purrumbete Caravan Park,caravan_site,,,,,,
152.04012,-25.51386,Queensland,Mountain View Caravan Park,caravan_site,paid,,,1,,
153.05425,-31.05591,New South Wales,Hat Head Holiday Park,caravan_site,,,,,,
153.51414,-27.42263,,Adder Rock Campground,camp_site,,,,,,
152.79427,-31.71847,New South Wales,Diamond Head Camping Area,camp_site,paid,,0,,1,
152.49438,-32.45306,New South Wales,Yagon Campground,camp_site,,,,,,
148.2856,-42.12323,,BIG4 Iluka on Freycinet Holiday Park,caravan_site,paid,,,,,
143.23586,-37.29285,Victoria,Mugwamp Camping Area,camp_site,,,,,,
143.24008,-37.31615,Victoria,Bailes Picnic and Camping Area,camp_site,,,,,,
143.23983,-37.31075,Victoria,Fern Tree Camping Area,camp_site,,,,,,
118.19139,-34.31554,Western Australia,Stirling Range Retreat,camp_site,paid,1,,1,1,
145.32193,-36.39712,Victoria,Vara-Ville Village,caravan_site,,,,,,
145.31916,-36.39932,Victoria,Acacia Gardens Caravan Park,caravan_site,,,,,,
138.60837,-35.55852,South Australia,Victor Harbor Holiday Park,caravan_site,,,,,,
149.1809,-21.11729,Queensland,Hilltop Caravan Park,caravan_site,,,,,,
149.20706,-21.42641,Queensland,Tropicana Caravan Park,caravan_site,,,,,,
152.55169,-27.34775,Queensland,Lumley Hill Camp Ground,camp_site,paid,,,1,,
150.70634,-34.05557,New South Wales,Camden Holiday Park,caravan_site,paid,,,1,,
149.19088,-21.32072,Queensland,Moana Caravan Park,caravan_site,,,,,,
148.96718,-20.90018,Queensland,Seaforth Caravan and Camping Reserve,caravan_site,,,,,,
153.03659,-28.28758,Queensland,Stinson Memorial Park,camp_site,,,,,,
152.37781,-27.63317,Queensland,Lake Dyer Caravan & Camping Ground,camp_site,paid,,,,,
115.64556,-33.3761,Western Australia,,caravan_site,,,,,,
140.01012,-37.48593,South Australia,,caravan_site,,,,,,
145.5036,-37.06523,Victoria,Camping Bays,camp_site,,,,,,
145.4987,-37.06181,Victoria,Minimum Impact Camping,camp_site,,,,,,
149.9138,-37.25082,New South Wales,Wonboyn Cabins and Caravan Park,caravan_site,,,,,,
143.80088,-36.81695,Victoria,Waanyarra Recreation Site,camp_site,free,,,,,
151.68495,-30.5203,New South Wales,Armidale Tourist Park,camp_site,paid,1,,1,1,
149.75878,-37.55923,Victoria,Mallacoota Foreshore Holiday Park,caravan_site,free,1,1,1,1,
146.37351,-37.97855,Victoria,,caravan_site,,,,,,
147.30756,-35.73015,New South Wales,Holbrook Motor Village,caravan_site,,,,,,
147.14031,-37.44698,Victoria,Black Snake Creek Campsite,camp_site,,,,,,
147.06682,-37.33476,Victoria,Talbotville Camp Site,camp_site,,,,,,
147.46066,-38.05303,Victoria,Lake View Caravan Park,caravan_site,,,,,,
146.47446,-38.21468,Victoria,Traralgon Holiday Village,caravan_site,,,,,,
152.471,-28.82239,New South Wales,Oaks Camp,camp_site,,,,,,
152.46937,-28.82461,New South Wales,Sleepy Hollow,camp_site,,,,,,
147.65709,-37.81751,Victoria,Bairnsdale Holiday Park: Big 4,caravan_site,,,,,,
149.14673,-21.21354,Queensland,Mycow Accommodation,caravan_site,paid,,,1,,
151.00427,-34.09133,New South Wales,Heathcote Tourist Park,caravan_site,paid,,,,,
148.62335,-24.46513,Queensland,Rolleston Caravan Park,camp_site,paid,1,,1,1,
151.12336,-25.3681,Queensland,Eidsvold Caravan Park,caravan_site,paid,,,1,,
117.91604,-35.02066,Western Australia,Middleton Beach Caravan Park,caravan_site,,,,,,
144.53898,-36.8559,Victoria,Lakeshore Caravan Park,caravan_site,,,,,,
144.59489,-36.87548,Victoria,Moorabbee Lodge Caravan Park,caravan_site,,,,,,
151.49568,-24.24407,Queensland,Bororen Caravan Park,caravan_site,,,,,,
151.55796,-24.32601,Queensland,Miriam Vale Caravan Park,caravan_site,,,,,,
153.56526,-28.19591,,Tweed Holiday Parks Fingal Head,caravan_site,,,,1,,
153.56746,-28.19803,,,camp_site,,,,,,
116.02068,-31.92987,Western Australia,Banksia Tourist Park,camp_site,paid,1,1,1,1,
149.16829,-21.03684,Queensland,Bucasia Beachfront Caravan Resort,caravan_site,,,,,,
117.40371,-32.01204,Western Australia,Quairading Caravan Park,caravan_site,,,,1,,
152.28806,-27.55627,Queensland,Gatton Caravan Park,caravan_site,paid,,1,1,,
143.67077,-37.49065,Victoria,,caravan_site,,,,,,
143.64201,-37.53279,Victoria,,caravan_site,,,,,,
143.59344,-38.33124,Victoria,Lake Colac Caravan Park,caravan_site,,,,,,
144.26252,-36.64972,Victoria,Notley Picnic and Camping Area,camp_site,,,,,,
144.24755,-36.62847,Victoria,Shadbolt Camping Ground and Picnic Site,camp_site,,,,,,
134.75523,-29.00504,South Australia,Oasis Tourist Park,camp_site,,,0,1,1,
134.75981,-29.02155,South Australia,BIG4 Stuart Range Outback Resort,caravan_site,,,,,,
142.0505,-34.16556,Victoria,Merbein Caravan Park,caravan_site,,,,,,
153.31789,-27.8982,Queensland,Gold Coast Holiday Park & Motel,caravan_site,,,,,,
149.17589,-21.10731,Queensland,Mackay Caravan Park,caravan_site,,,,,,
137.76179,-32.4743,,Shoreline Caravan Park,caravan_site,,,,,,
137.75477,-32.47923,,Discovery Parks Port Augusta,camp_site,,,,,,
115.76403,-32.11499,Western Australia,Coogee Beach Holiday Park,caravan_site,paid,,,1,,
150.67917,-33.74407,New South Wales,Ingenia Holidays Nepean River,caravan_site,paid,1,,,1,
147.73731,-35.95483,Victoria,Walwa Riverside Caravan Park,caravan_site,,,,1,,
115.29648,-33.65752,Western Australia,Mandalay Holiday Resort,camp_site,,,,,,
153.26317,-27.6879,Queensland,Aquatic Gardens Caravan Park,caravan_site,,,,,,
149.1852,-21.12482,Queensland,Central Tourist Park,caravan_site,,,,,,
149.20622,-21.11292,Queensland,Big 4 - Mackay Marine Tourist Park,caravan_site,,,,,,
153.31147,-27.86781,Queensland,Coomera Holiday Village,caravan_site,paid,,,1,,
138.62731,-34.98707,South Australia,Brownhill Creek Caravan Park,caravan_site,,,,,,
152.44875,-26.63602,Queensland,Peach Trees Forest Park,camp_site,,,,,,
153.3936,-27.93424,Queensland,Treasure Island Holiday Park,caravan_site,,,,,,
153.42801,-27.97698,Queensland,Main Beach Caravan Park,caravan_site,,,,,,
152.85893,-26.35836,Queensland,,caravan_site,,,,,,
143.53612,-38.33418,Victoria,Colac Caravan Park,caravan_site,,,,,,
142.90932,-38.24227,Victoria,Terang Community Caravan Park,caravan_site,paid,,,1,,
151.60409,-25.62169,Queensland,Gayndah Caravan Park,caravan_site,,,,,,
115.07782,-33.93445,Western Australia,RAC Margaret River,camp_site,,,,,,
151.91678,-25.35741,Queensland,Lake Paradise,caravan_site,,,,,,
146.35466,-41.16151,Tasmania,Mersey Bluff Caravan Park,caravan_site,,,,,,
116.814,-20.75318,Western Australia,Pilbara Karratha Holiday Park,caravan_site,,,,,,
152.51578,-32.44771,New South Wales,Treachery Camp,camp_site,,,,,,
152.52353,-32.4334,New South Wales,Reflections Seal Rocks - Holiday Park,camp_site,,,,,,
152.8372,-25.27804,Queensland,Beachfront Tourist Park,caravan_site,paid,,,,,
146.44945,-37.9297,Victoria,Chinese Gardens,camp_site,,,,,,
146.40104,-37.76222,Victoria,Merringtons Flat Camping Area,camp_site,,,,,,
146.40195,-37.75841,Victoria,Junction Hut Camping Area,camp_site,,,,,,
146.4104,-37.75134,Victoria,,camp_site,,,,,,
147.37138,-35.10059,New South Wales,Wilks Park,camp_site,,,,,,
140.71829,-38.05044,South Australia,,caravan_site,,,,,,
149.16465,-21.15412,Queensland,Premier Caravan Park,caravan_site,,,,,,
149.15251,-21.18391,Queensland,The Park Mackay,caravan_site,,,,,,
146.44271,-37.74797,Victoria,O'Tooles Flat Camping Area,camp_site,,,,,,
146.44016,-37.74746,Victoria,Little O'Tooles Camping Area,camp_site,,,,,,
149.19096,-21.05201,,BIG 4 Mackay Blacks Beach Holiday Park,caravan_site,,,,,,
115.50033,-31.3503,Western Australia,,caravan_site,,,,,,
151.21165,-28.4105,Queensland,Lake Coolmunda Caravan Park,caravan_site,paid,,,1,,
151.17155,-33.84643,,Cookatoo Island Waterfront Campground,camp_site,paid,1,1,1,1,
145.74255,-38.63358,Victoria,BIG4 Inverloch Holiday Park,caravan_site,,,,,,
133.86737,-23.73399,Northern Territory,G'day Mate Tourist Park,caravan_site,,,,,,
153.09147,-26.52802,Queensland,Coolum Beach Holiday Park,caravan_site,,,,,,
146.43196,-37.85341,Victoria,,camp_site,,,,,,
139.3547,-25.90007,Queensland,Birdsville Caravan Park,camp_site,paid,1,,,1,
145.22902,-38.4512,Victoria,Beach Park Tourist Caravan Park Phillip Island,caravan_site,,,,,,
145.22734,-38.45125,Victoria,Phillip Island Beachfront Holiday Park,caravan_site,,,,,,
151.26524,-27.8711,Queensland,The Village Caravan Park,caravan_site,,,,,,
151.26882,-27.87938,Queensland,Millmerran Caravan Park,caravan_site,,,,,,
153.09766,-26.54528,,Luther Heights Youth Camp,camp_site,,,,,,
148.76936,-35.99602,New South Wales,Alpine Tourist Park,caravan_site,,,,,,
122.4055,-28.62501,Western Australia,Laverton Caravan Park,caravan_site,,,,,,
146.37055,-41.17378,Tasmania,Abel Tasman Caravan Park,caravan_site,,,,,,
114.01449,-21.88703,Western Australia,Yardie Homestead Caravan Park,caravan_site,paid,1,1,1,,
146.7652,-38.15613,Victoria,Rosedale Caravan Park,caravan_site,free,,1,,,
146.00152,-35.99706,New South Wales,Lake Mulwala Holiday Park,caravan_site,paid,,,,,
145.63297,-35.913,Victoria,Oasis Caravan Park,caravan_site,paid,,,,,
116.14432,-33.36232,Western Australia,Collie River Valley Tourist Park,caravan_site,,,,,,
145.56749,-35.80768,New South Wales,Boomerang Way Tourist Park,caravan_site,,,,,,
145.56656,-35.80999,New South Wales,Tocumwal Caravan Park,caravan_site,,,,,,
146.47211,-37.99912,Victoria,Bruntons Bridge Camping Area,camp_site,,,,,,
146.42347,-37.98277,Victoria,Coopers Crossing,camp_site,,,,,,
146.42578,-37.98013,Victoria,Coopers Crossing,camp_site,,,,,,
146.4241,-37.98101,Victoria,Coopers Crossing,camp_site,,,,,,
146.42337,-37.98456,Victoria,Coopers Creek,camp_site,,,,,,
130.83419,-17.44701,Northern Territory,,caravan_site,,,,,,
153.06579,-26.64585,Queensland,Big 4 Maroochy River,caravan_site,,,,,,
142.01921,-37.733,Victoria,Hamilton Caravan Park,caravan_site,,,,,,
153.26518,-29.87092,New South Wales,Wooli Camping and Caravan Park,caravan_site,paid,1,1,1,,
144.03609,-35.08556,New South Wales,Moulamein Lakeside Caravan Park,caravan_site,,,,1,,
153.29117,-29.77371,New South Wales,Minnie Water Holiday Park,caravan_site,,,,,,
153.25564,-29.85111,New South Wales,Solitary Islands Resort,caravan_site,,,,,,
153.0376,-26.3796,Queensland,Noosa North Caravan Park,caravan_site,,,,1,,
153.01592,-26.39833,Queensland,BIG4 Ingenia Holidays Noosa,caravan_site,paid,,,1,,
153.07389,-26.39446,Queensland,Noosa River Holiday Park,caravan_site,,,,1,,
152.37475,-24.85378,Queensland,Apollo Gardens Caravan Park,caravan_site,,,,1,,
152.68158,-25.51885,Queensland,City Caravan Park,caravan_site,,,,,,
151.27149,-23.86563,Queensland,Gladstone City Caravan Park,caravan_site,,,,,,
150.51427,-23.29697,Queensland,Parkhurst Motel and Van Park,caravan_site,,,,1,,
146.83703,-19.31997,Queensland,BIG4 Townsville Gateway Holiday Park,caravan_site,,,,1,,
146.79141,-19.24251,Queensland,BIG 4 Rowes Bay Beachfront Holiday Park,caravan_site,paid,,,,,
146.8122,-19.3195,Queensland,Discovery Parks - Townsville,caravan_site,,,,1,,
146.66578,-19.24171,Queensland,BIG4 Ingenia Holidays Townsville,caravan_site,,,,1,,
146.5785,-19.19425,Queensland,Bluewater Caravan Park,caravan_site,,,,1,,
146.71396,-19.2627,Queensland,Coconut Glen Van Village,caravan_site,,,,1,,
146.74836,-19.26151,Queensland,Coral Coast Tourist Park Mount St John,caravan_site,,,,1,,
145.74506,-17.02388,Queensland,Barrier Reef Caravilla,caravan_site,,,,,,
145.74343,-16.97003,Queensland,BIG4 Ingenia Holidays Cairns Coconut Resort,caravan_site,paid,,1,1,,
146.0231,-18.26584,Queensland,Cardwell Van Park,caravan_site,,,,1,,
145.74268,-16.93828,Queensland,First City Caravilla,caravan_site,paid,,,,,
145.74632,-16.95511,Queensland,Mindarra Holiday Village,caravan_site,,,,,,
146.01821,-18.25551,Queensland,Cardwell Beachcomber Motel & Tourist Park,caravan_site,,,,1,,
145.73912,-16.91716,Queensland,Cairns Sunland Leisure Park,caravan_site,,,,1,,
145.74649,-16.97,Queensland,White Rock Leisure Park,caravan_site,,,,,,
145.67456,-16.86886,Queensland,Lake Placid Tourist Park,caravan_site,,,,1,,
135.82702,-19.71195,Northern Territory,Barkly Homestead Roadhouse,camp_site,paid,1,,,1,
133.54319,-17.55384,Northern Territory,Elliott Caravan Park,caravan_site,,,,,,
133.54775,-17.55633,Northern Territory,Midland Caravan Park,caravan_site,,,,,,
134.19914,-19.64555,Northern Territory,Outback Caravan Park,caravan_site,,,,,,
134.19311,-19.63829,Northern Territory,Tennant Creek Caravan Park,caravan_site,,,,,,
153.43261,-29.11437,New South Wales,Reflections Evans Head - Holiday Park,camp_site,,,,,,
132.25681,-14.47603,Northern Territory,Boab Caravan Park,caravan_site,paid,,,1,,
128.73552,-15.78632,Western Australia,Kimberleyland Caravan Park,caravan_site,paid,1,1,1,,
122.50102,-17.84763,Western Australia,Roebuck Plains Roadhouse Caravan Park,caravan_site,,,,,,
113.52917,-25.92435,Western Australia,Tasman Holiday Parks - Denham Seaside,caravan_site,paid,1,1,1,1,
114.29402,-25.77076,Western Australia,Wooramel Roadhouse Caravan Park,caravan_site,,,,,,
114.63076,-28.35272,Western Australia,Northampton Caravan Park,caravan_site,,,,1,,
114.63994,-28.85971,Western Australia,Double Beach Caravan Park,caravan_site,paid,,,1,,
114.5833,-28.77942,,Belair Gardens Caravan Park,caravan_site,paid,,,1,,
114.92125,-29.2531,Western Australia,Seaspray Beach Holiday Park,caravan_site,,,,1,,
115.70314,-33.30434,Western Australia,Australind Holiday Park,caravan_site,,,,,,
115.73036,-32.52193,,Mandurah Coastal Holiday Park,caravan_site,,,,,,
115.67213,-32.7872,Western Australia,Caravan Park,caravan_site,,,,,,
115.63941,-32.63559,Western Australia,Dawsville Holiday 7 Village,caravan_site,,,,,,
115.66441,-32.58212,Western Australia,Miami Falcon Caravan Park,caravan_site,,,,,,
115.69679,-33.31291,Western Australia,"Riverside Cabins, Caravans & Camping",caravan_site,paid,,,1,,
115.71665,-33.26313,Western Australia,,caravan_site,,,,,,
115.69096,-33.10312,Western Australia,Myalup Beach Caravan Park,caravan_site,,,,,,
115.30756,-33.65693,Western Australia,Beachlands Holiday Park,caravan_site,,,,,,
115.35655,-33.6514,Western Australia,Busselton Holiday Village,caravan_site,,,,1,,
115.12224,-33.6308,Western Australia,Dunsborough Lakes Holiday Resort,caravan_site,,,,,,
115.28142,-33.65845,Western Australia,Geographe Bay Holiday Park Broadwater,caravan_site,,,,,,
115.34764,-33.64643,Western Australia,Kookaburra Caravan Park,caravan_site,paid,1,1,1,,
115.28869,-33.66116,Western Australia,Lazy Days Caravan Park,caravan_site,,,,,,
147.85959,-43.13229,Tasmania,Port Arthur Holiday Park,camp_site,,,,,,
121.88954,-33.83278,Western Australia,Acclaim Pine Grove,caravan_site,paid,,1,1,1,
121.85605,-33.83983,Western Australia,Bushlands Holiday Park,caravan_site,,,,,,
140.76828,-37.84573,South Australia,Blue Lake Holiday Park,caravan_site,,,,,,
121.77681,-32.18968,Western Australia,Gateway Caravan Park Norseman,caravan_site,,,,1,,
133.01029,-31.92466,South Australia,Penong Caravan Park,camp_site,paid,1,,,1,
137.54476,-33.04734,South Australia,Whyalla Caravan  & Tourist Park,caravan_site,paid,1,1,1,1,
151.59849,-30.98006,New South Wales,Walcha Caravan Park,caravan_site,,,,1,,
138.61489,-34.90892,South Australia,Adelaide Caravan Park,caravan_site,paid,,,,,
138.51683,-35.03712,South Australia,Brighton Beachfront Holiday Park,caravan_site,paid,,,1,,
138.47019,-35.13557,,Christies Beach Caravan Park,caravan_site,,,,1,,
138.59086,-34.76184,South Australia,Highway One Caravan Park,caravan_site,,1,,1,,
138.3085,-35.44681,South Australia,Jetty Road Caravan Park,camp_site,,,,1,,
138.62632,-34.89043,South Australia,Levi Park Caravan Park,caravan_site,paid,1,1,1,,
138.57051,-34.69395,South Australia,Virginia Gardens,caravan_site,,,,1,,
138.62787,-35.54111,South Australia,Adare Camp and Caravan Park,caravan_site,,,,,,
144.62387,-38.27081,Victoria,Beacon Resort Caravan Park,caravan_site,,,,,,
148.30238,-41.87552,Tasmania,Bicheno East Coast Holiday Park,camp_site,paid,1,,,1,
148.29454,-41.87159,Tasmania,Big 4 Bicheno Cabin Park,caravan_site,,,,,,
144.29134,-38.34767,Victoria,Jan Juc Caravan Park,camp_site,,,,1,,
144.31586,-38.10378,Victoria,Eldorado Tourist Park,caravan_site,,,,1,,
142.49032,-38.38513,Victoria,Figtree Holiday Village,caravan_site,,,,,,
139.33033,-35.69036,South Australia,Lake Albert Caravan Parkl,caravan_site,,,,1,,
138.70845,-35.5088,South Australia,Middleton Caravan Tourist and Mobile Home Park,caravan_site,,,,,,
144.4245,-38.17806,Victoria,Moolap Caravan Park,caravan_site,,,,,,
142.2412,-38.37807,Victoria,Gardens By East Beach Caravan Park,caravan_site,,,,,,
141.59997,-38.33039,Victoria,Portland Claremont Tourist Park,caravan_site,,,,,,
144.65692,-38.2725,,Queenscliff Recreational Reserve Caravan Park,caravan_site,paid,1,,1,1,
148.29457,-41.87414,Tasmania,Seaview Holiday Park,camp_site,paid,1,,,1,
148.07913,-42.12883,Tasmania,Swansea Holiday Park - Schouten Beach,caravan_site,paid,1,,1,1,
144.62659,-38.27168,Victoria,The Springs Queenscliff Caravan Park,caravan_site,,,,,,
147.91112,-42.50854,Tasmania,Triabunna Caravan Park,camp_site,paid,1,,,,
139.3825,-35.33032,South Australia,Wellington Caravan Park,caravan_site,,,,,,
144.18696,-38.40288,Victoria,Narambi Caravan Park,caravan_site,,,,,,
145.26104,-38.48788,Victoria,A Maze'N Things Holiday Park,caravan_site,,,,,,
147.72635,-37.91291,Victoria,Allawah Caravan and Boat Park,caravan_site,paid,,,1,,
145.23592,-38.45293,Victoria,Amaroo Holiday Park,caravan_site,,,,,,
145.217,-38.45175,Victoria,Anchor Belle Holiday Park Cowes,caravan_site,,,,1,,
144.86348,-38.36769,Victoria,Eden Bay,caravan_site,,,,,,
147.83439,-37.71181,Victoria,Bruthen Caravan Park,caravan_site,,,,,,
145.16992,-38.10479,Victoria,Ingenia Rental Frankston,caravan_site,,,,,,
144.81271,-38.3906,Victoria,Glenvue Holiday Park,caravan_site,,,,,,
144.81993,-38.37416,Victoria,Kanasta Caravan Park,caravan_site,,,,,,
147.73813,-37.81615,Victoria,Nicholson River Tourist Park,caravan_site,,,,,,
147.97762,-37.88091,Victoria,North Arm Tourist Park,caravan_site,,,,,,
145.35576,-38.51705,,BIG4 Phillip Island Caravan Park,caravan_site,,,,,,
145.07714,-38.41625,Victoria,Point Leo Foreshore Reserve,caravan_site,,,1,1,1,
145.51422,-38.57801,Victoria,Powlett River Caravan Park,caravan_site,,,,,,
147.71388,-37.91733,Victoria,Resthaven Caravan Park,caravan_site,,,,,,
144.88576,-38.36183,Victoria,Rosebud Motel and Caravan Park,caravan_site,,,,,,
145.21892,-38.4572,Victoria,Seaview Holiday Park,caravan_site,paid,,,,,
144.87779,-38.36811,Victoria,Sundowner Willows Caravan Park,caravan_site,,,,,,
144.90684,-38.35792,Victoria,Sunrise Caravan Park - Rosebud,caravan_site,,,,,,
150.12705,-36.16367,New South Wales,Dalmeny Caravan & Camping Ground,caravan_site,,,,,,
149.90152,-37.05429,New South Wales,Eden Gateway Holiday Park,camp_site,paid,1,,1,1,
150.14035,-36.24719,New South Wales,Discovery Parks – Narooma Beach,caravan_site,paid,,,1,,
150.60418,-34.90419,New South Wales,Rest Point Garden Village,caravan_site,,,,,,
150.61472,-34.86641,New South Wales,Shoalhaven Caravan Village,caravan_site,,,,,,
150.59562,-34.84083,New South Wales,Tree Haven Tourist Park,caravan_site,,,,,,
150.85137,-34.69156,New South Wales,Easts Beach Kiama Caravan Park,caravan_site,,,,,,
150.86659,-34.52665,,Lake Illawarra Village,caravan_site,,,,,,
150.86512,-34.558,New South Wales,Lake Windemere,caravan_site,,,,,,
150.86461,-34.53083,,Oaklands Caravan Park,caravan_site,,,,,,
150.87311,-34.58115,,Shellharbour Beachside Holiday Park,caravan_site,,,,,,
150.86624,-34.56563,New South Wales,Shellharbour Holiday Village,caravan_site,,,,,,
150.6027,-34.86592,New South Wales,Nowra Riverside Tourist Park,caravan_site,,,,,,
150.83049,-34.74083,New South Wales,Werri Beach Holiday Park,caravan_site,,,,,,
150.87118,-34.53645,,Windang Beach Tourist Park,caravan_site,,,,,,
151.86442,-32.80556,New South Wales,Banksia Grove Village,caravan_site,,,,,,
152.06716,-32.75678,New South Wales,Bays Holiday Park,caravan_site,,,,,,
151.55554,-33.21635,New South Wales,Bevington Shores Manufactured Home VIllage,caravan_site,,,,,,
152.07986,-32.78121,New South Wales,Birubi Beach Caravan Village,caravan_site,,,,,,
151.50005,-33.35342,New South Wales,Blue Bay Camping and Caravan Tourist Park,camp_site,,,,1,,
151.48543,-33.37897,New South Wales,Blue Lagoon Beach Resort,caravan_site,,,,,,
152.21491,-32.39991,New South Wales,Bulahdelah Alum Mountain Caravan Park,caravan_site,,,,,,
151.54604,-33.27339,New South Wales,Canton Beach Tourist Park,caravan_site,,,,,,
152.83614,-31.0788,New South Wales,Central Caravan Park,caravan_site,,,,,,
151.57015,-33.1607,New South Wales,Chain Valley Bay Van Village,caravan_site,,,,,,
151.48513,-33.35588,New South Wales,Duncans Lakefront,caravan_site,,,,,,
151.50292,-33.33839,,Dunleith Caravan Park,caravan_site,,,,,,
151.49605,-33.33846,,El Lago Tourist Park,caravan_site,,,,,,
152.07089,-32.77091,New South Wales,Emerald Tiki Village,caravan_site,,,,,,
151.33492,-33.50985,New South Wales,Ettalong Beach Village Tourist Park,caravan_site,,,,,,
152.16825,-32.74697,New South Wales,Fingal Bay Holiday Park,caravan_site,,,,,,
152.16079,-32.71155,,Halifax Holiday Park,caravan_site,paid,,,,,
151.38351,-33.47899,New South Wales,Kincumber Nautical Village,caravan_site,,,,,,
151.52963,-33.22348,,Lakeland Park for Manufactured Homes,caravan_site,,,,,,
151.47676,-33.36451,New South Wales,Lakeview Tourist Park,camp_site,,,,,,
152.87463,-31.42541,New South Wales,Port Macquarie Rental Village,caravan_site,,,,,,
152.92031,-31.48136,New South Wales,Lighthouse Beach Caravan Park,caravan_site,free,1,1,1,1,
152.89523,-31.41437,New South Wales,Marina Holiday Park,caravan_site,,,,,,
152.11584,-32.76645,New South Wales,Middle Rock Holiday Resort,caravan_site,,,,,,
152.94423,-30.70689,New South Wales,Nambucca River Tourist Park,caravan_site,,,,,,
150.8717,-34.51715,,Oasis by the Lake,caravan_site,,,,,,
151.30997,-33.5307,New South Wales,NRMA Ocean Beach Holiday Park,caravan_site,,,,1,,
152.85398,-31.55134,New South Wales,Little Palm Cabins,caravan_site,,,,,,
152.11374,-32.77723,New South Wales,Ingenia Holidays One Mile Beach,caravan_site,paid,,,1,,
151.78902,-32.91341,New South Wales,Stockton Beach Tourist Park,caravan_site,,,,,,
152.79877,-31.33048,New South Wales,Stoney Park Aqua and Action Park,caravan_site,paid,1,1,1,,
151.48439,-33.37503,New South Wales,Sun Valley Tourist Park,caravan_site,,,,,,
152.9133,-31.42779,New South Wales,NRMA Port Macquarie Breakwall Holiday Park,caravan_site,paid,1,1,1,1,
153.53809,-28.18704,,Boyds Bay Holiday Park,caravan_site,,,,,,
153.54729,-28.24215,New South Wales,Chinderah Lake Caravan Park,caravan_site,,,,,,
153.55646,-28.23567,New South Wales,Chinderah Village,caravan_site,,,,,,
153.52194,-28.19445,,Colonial Tweed,caravan_site,,,,,,
153.56063,-28.23664,New South Wales,Ingenia Holidays Kingscliff,caravan_site,,,,,,
153.55527,-28.22931,New South Wales,Homestead Chinderah,caravan_site,,,,,,
153.57584,-28.25428,New South Wales,Kingscliff Beach Holiday Park,caravan_site,,,,1,,
153.56764,-28.23951,New South Wales,Kingscliff North Holiday Park,caravan_site,,,,,,
153.19779,-30.10108,New South Wales,Woolgoolga Lakeside Holiday Park,caravan_site,,,,,,
153.52101,-28.18568,New South Wales,Pyramid,caravan_site,,,,,,
153.5202,-28.19438,,River Retreat,caravan_site,paid,,1,1,,
153.55103,-28.24283,New South Wales,Royal Pacific Tourist Retreat,caravan_site,,,,,,
153.45901,-28.10077,Queensland,Tallebudgera Creek Tourist Park,caravan_site,paid,1,1,1,1,
153.52599,-28.19479,,The Palm Village Tweed Heads South,caravan_site,,,,,,
153.52943,-28.19541,,Tweed Billabong Holiday Park,caravan_site,,,,,,
153.51743,-28.197,,Tweed Broadwater Village,caravan_site,,,,,,
153.55537,-28.23139,New South Wales,Tweed River Hacienda Holiday Park,caravan_site,,,,,,
153.55497,-28.22107,New South Wales,Palm Lake Resort Tweed River,caravan_site,,,,,,
152.80091,-31.64452,New South Wales,The Haven Caravan Park,caravan_site,,,,,,
152.80814,-31.63957,New South Wales,Brigadoon Holiday Park,caravan_site,,,,,,
151.4265,-33.47589,New South Wales,The Palms at Avoca,caravan_site,,,,,,
151.49569,-33.36432,New South Wales,Toowoon Bay Tourist Park,caravan_site,,,,,,
151.49776,-33.3603,New South Wales,Toowoon Bay Van Park,caravan_site,,,,,,
151.50953,-33.32635,,Two Shores Caravan Park,caravan_site,,,,,,
151.5425,-33.22612,New South Wales,Walu Caravan Park,caravan_site,,,,,,
151.54395,-33.2711,New South Wales,Waterfront Tourist Park,caravan_site,,,,,,
143.73053,-36.11835,Victoria,Boort Lakes Holiday Park,caravan_site,,,,1,,
153.43022,-29.01547,New South Wales,Sunrise Tourist Park,caravan_site,,,,,,
153.42384,-29.01983,New South Wales,Broadwater Stopover Tourist Park,caravan_site,,,,,,
135.44738,-27.54922,South Australia,Oodnadatta Tourist Park,caravan_site,,,,,,
133.62452,-27.3038,South Australia,Marla Travellers Rest Caravan Park,caravan_site,,,,,,
136.33848,-28.90892,South Australia,,caravan_site,paid,1,,,1,
134.75342,-29.01508,South Australia,,caravan_site,,,,,,
138.06202,-29.64676,South Australia,Marree Caravan and Campers Park,caravan_site,paid,1,1,1,,
118.6859,-26.12868,Western Australia,Caravan Site,caravan_site,,,,,,
126.64467,-14.29593,Western Australia,Kalumburu Mission Caravan Park,caravan_site,,,,,,
153.61267,-28.67319,New South Wales,Ingenia Byron Bay,caravan_site,paid,1,1,1,,
147.18612,-36.83412,Victoria,Bogong Jack Saddle Camping Area,camp_site,,,,,,
145.89309,-38.07541,Victoria,Glen Cromie Caravan Park,caravan_site,,,,,,
114.62102,-28.72436,Western Australia,Sunset Beach Holiday Park,caravan_site,,,,,,
144.0538,-36.98752,Victoria,The Butts Reserve,camp_site,,,,,,
142.65295,-25.41997,Queensland,Windorah Caravan Park (Original),caravan_site,,,,1,,
144.26377,-26.61734,Queensland,Channel Country Tourist Park & Spas,caravan_site,paid,,,1,,
141.62039,-38.29988,Victoria,Henty Bay Holiday Park,caravan_site,,,,,,
141.70472,-38.25713,Victoria,Narrawong Island Holiday Park,caravan_site,,1,,,,
138.11815,-19.92033,Queensland,Camooweal Roadhouse Caravan Park,caravan_site,,,,1,,
138.11937,-19.92232,Queensland,Camooweal Post Office Hotel Motel & Caravan Park,caravan_site,,,,,,
143.38045,-37.44188,Victoria,Beaufort Lake Caravan Park,caravan_site,,,,,,
148.07224,-42.11861,Tasmania,Swansea Beach Chalets,caravan_site,,,,,,
150.06881,-36.37117,New South Wales,Regatta Point Holiday Park,caravan_site,,,,,,
145.68416,-28.07527,Queensland,Cunnamulla Tourist Park - Gday Parks,caravan_site,,,,,,
145.04669,-28.16006,Queensland,Eulo Queen Hotel,camp_site,paid,1,,1,1,
143.81924,-27.99764,Queensland,Explorers Caravan Park,caravan_site,,,,1,,
140.12265,-37.56954,South Australia,Southend On Sea Tourist Park,caravan_site,,,,1,,
140.12307,-37.56922,South Australia,Southend Foreshore Campground,caravan_site,,,,,,
143.56082,-35.36549,Victoria,Swan Hill Holiday Park,caravan_site,,,,,,
131.97876,-25.26568,Northern Territory,Curtin Springs East RA,camp_site,,0,,,,
131.76068,-25.31119,Northern Territory,,camp_site,,,,,,
137.63237,-33.9203,South Australia,Wallaroo Holiday Park,caravan_site,paid,,,1,,
145.48034,-17.2285,Queensland,Tolga Caravan Park,caravan_site,,,,,,
153.0612,-26.33353,Queensland,Noosa North Shore Beach Campground,camp_site,,1,1,1,1,
146.46971,-38.22074,Victoria,Tandara Caravan Park,caravan_site,,,,,,
144.44551,-36.72295,Victoria,,camp_site,,,,,,
144.44578,-36.724,Victoria,,camp_site,,,,,,
152.67682,-26.45915,Queensland,Imbil Caravan Park,caravan_site,paid,,,1,,
145.50825,-17.26205,Queensland,Atherton Caravan Park and Units,caravan_site,,,,,,
144.42638,-36.72606,Victoria,,camp_site,,,,,,
144.42351,-36.72598,Victoria,,camp_site,,,,,,
144.42166,-36.72581,Victoria,,camp_site,,,,,,
147.73317,-36.73119,Victoria,Ah Sye's Camping Area,camp_site,,,,,,
145.73956,-40.98849,,Beach Retreat Tourist Park,caravan_site,paid,1,,,,
152.99715,-30.79366,New South Wales,Grassy Head Holiday Park,caravan_site,,,,1,,
152.98915,-30.80173,New South Wales,Yarra Holiday Park,caravan_site,,,,1,,
152.99014,-30.7438,New South Wales,Christian Youth Centre,camp_site,,,,,,
152.99478,-30.74588,,Reflections Scotts Head - Holiday Park,camp_site,,,,,,
144.61763,-38.27765,Victoria,Queenscliff Tourist Park,caravan_site,,,,,,
142.99015,-36.3638,Victoria,Donald Lakeside Caravan Park,caravan_site,,,,,,
149.45347,-30.22135,New South Wales,Mainway Caravan Park,caravan_site,,,,,,
143.66671,-38.75052,Victoria,Apollo Bay Holiday Park,caravan_site,paid,,1,1,,
143.67518,-38.74052,Victoria,Big4 Pisces Holiday Park,caravan_site,,,,1,,
115.5393,-31.99069,,,camp_site,,,,,,
147.59514,-37.09137,Victoria,Omeo Caravan Park,caravan_site,,,,,,
148.08949,-36.89648,Victoria,Native Dog Flat Camping Area,camp_site,,,,,,
148.09093,-36.89826,Victoria,Native Dog Flat Horse Camping Area,camp_site,,,,,,
153.20727,-27.56283,Queensland,Greenacres Caravan and Tourist Park,caravan_site,paid,,,1,,
148.32392,-36.95293,Victoria,Suggan Buggan Campground,camp_site,,,,,,
148.42484,-36.89931,Victoria,Willis Campground,camp_site,,1,,,0,
148.41385,-36.86536,New South Wales,Scotchies Yard Campground,camp_site,,1,,,0,
148.41893,-36.88675,Victoria,Willis Campground,camp_site,,1,,,0,
148.44621,-36.74948,New South Wales,Jacobs River Camping Area - Kosciuszko NP,camp_site,,,,,0,
145.87272,-37.25325,Victoria,Eildon Riverside Holiday Park,caravan_site,,,,,,
145.82588,-37.25408,Victoria,Eildon Waters Caravan Park,caravan_site,,,,,,
153.14903,-26.00321,Queensland,Freshwater Camping & Day Use Area,camp_site,,,,,,
148.41194,-37.09148,Victoria,McKillops Bridge,camp_site,,,,,,
147.53547,-34.45638,New South Wales,Temora Caravan Park,caravan_site,paid,,1,1,,
145.4059,-16.42528,Queensland,Newell Beach Caravan Park,caravan_site,,,,,,
143.1556,-38.69417,Victoria,Apostles Camping Park and Cabins,caravan_site,paid,,,1,,
145.47265,-16.55504,Queensland,BIG 4 Port Douglas Glengarry Holiday Park,caravan_site,,,,,,
150.37243,-35.56522,New South Wales,Merry Beach Caravan Resort,caravan_site,,,,,,
150.36579,-35.5675,New South Wales,Pretty Beach,camp_site,,,,,,
138.50754,-34.95626,South Australia,Adelaide Shores Resort,caravan_site,,,,,,
146.03577,-17.55737,Queensland,August Moon Caravan Park,caravan_site,,,,,,
146.00783,-17.79765,Queensland,Diggers Creek Motel and Van Park,caravan_site,paid,,,,,
145.92828,-17.93139,Queensland,Tully Caravan Park,caravan_site,,,,,,
145.19341,-38.31738,Victoria,Marina View Van Village,caravan_site,paid,,,,,
134.88392,-33.63667,South Australia,Elliston Caravan Park,caravan_site,,,,,,
134.88755,-33.64615,South Australia,Waterloo Bay Tourist Park,caravan_site,,,,,,
152.99167,-26.28831,Queensland,Boreen Point Campground,camp_site,,,,,,
139.6859,-36.94311,,Cape Jaffa Caravan Park,caravan_site,,,,,,
139.74273,-37.04153,,,camp_site,,,,,,
146.69118,-19.31956,Queensland,Townsville Tourist & Lifestyle Village,caravan_site,,,,1,,
147.48047,-19.45957,Queensland,Alva Beach Tourist Park,caravan_site,,,,1,,
143.88783,-38.63592,,Big4 Wye River Tourist Park,caravan_site,,,,1,,
143.89235,-38.63377,,Wye River Foreshore Camping Reserve,caravan_site,,,,1,,
143.86182,-38.66888,,Kennett River Holiday Park,caravan_site,,,,,,
146.93956,-36.04877,New South Wales,BIG4 Albury Tourist Park,caravan_site,,1,,,,
150.85451,-34.67851,New South Wales,Surf Beach Holiday Park,caravan_site,,,,,,
146.42192,-37.98286,Victoria,Coopers Creek,camp_site,,,,,,
150.61011,-30.37237,New South Wales,Barraba Caravan Park,caravan_site,,,,,,
150.5779,-29.86447,New South Wales,,caravan_site,,,,,,
150.96595,-29.93274,New South Wales,Reflections Copeton Waters - Holiday Park,camp_site,,,,,,
133.19919,-25.19775,Northern Territory,Erldunda Desert Oaks Resort,caravan_site,,,,,,
132.7816,-23.94257,Northern Territory,Ntaria Campground,camp_site,,1,,1,1,
133.86201,-23.69934,Northern Territory,Alice Springs Tourist Park,camp_site,paid,1,,1,1,
133.45873,-24.3398,Northern Territory,Stuarts Well Roadhouse,camp_site,paid,1,,1,1,
143.56456,-35.34294,Victoria,BIG4 Riverside Swan Hill,caravan_site,,,,1,,
132.43733,-31.98892,South Australia,Fowlers Bay Caravan Park,caravan_site,,1,,,,
121.90153,-33.84545,Western Australia,RAC Esperance Holiday Park,caravan_site,paid,1,1,1,,
150.72887,-30.74456,New South Wales,,caravan_site,,,,,,
116.73866,-34.98958,Western Australia,Coalmine Beach Holiday Park,caravan_site,paid,,,1,,
142.5697,-38.40034,Victoria,Warrnambool Riverside Holiday Park,caravan_site,,1,,1,,
148.77859,-20.90434,Queensland,St Helens Gardens Caravan Park,caravan_site,,,,,,
150.92348,-34.32568,New South Wales,Sandon Point Aboriginal Tent Embassy,camp_site,,,,,,
149.24695,-21.61003,Queensland,Koumala Caravan Park,caravan_site,,,,,,
149.41052,-21.90826,Queensland,Carmila Caravan Park,caravan_site,,,,,,
145.8182,-38.70171,Victoria,Venus Bay Caravan Park,caravan_site,,,,,,
144.66688,-37.44868,Victoria,Treetops Scout Camp,camp_site,,,,,,
145.24087,-38.45331,Victoria,Bushy Park Tourist Park,caravan_site,,,,,,
145.24939,-38.50317,Victoria,YMCA Phillip Island Coastal Discovery Camp,camp_site,,,,,,
145.19586,-38.46362,Victoria,Anchorage Caravan Park,caravan_site,,,,,,
145.21782,-36.60482,Victoria,Murchison River Caravan Park,caravan_site,,,,,,
145.22821,-36.61713,Victoria,River Haven,caravan_site,,,,,,
145.24336,-36.61424,Victoria,Murchison East Caravan Park,caravan_site,,,,,,
133.69096,-32.12381,South Australia,Ceduna Airport Caravan Park,caravan_site,,,,,,
151.45232,-32.32607,New South Wales,,caravan_site,,,,,,
149.53615,-22.12122,Queensland,Barracrab Caravan Park,caravan_site,,,,1,,
143.61898,-38.55391,Victoria,Dandos Campground,camp_site,,,,,,
133.93501,-32.37765,,Smokey Bay Caravan Park,caravan_site,,,,1,,
145.80129,-37.8143,Victoria,Starlings Gap,camp_site,,,,,,
139.63116,-34.29581,South Australia,Roonka Scout Camp,camp_site,,,,,,
138.30811,-35.44888,South Australia,Jetty Road Caravan Park,caravan_site,,,,1,,
139.62062,-34.34184,South Australia,,caravan_site,,,,,,
149.29066,-21.45232,Queensland,Armstrong Beach Caravan Park,caravan_site,,,,,,
142.3873,-36.25277,Victoria,Warracknabeal Caravan Park,camp_site,paid,1,,1,1,
149.21175,-21.42128,Queensland,Sarina Palms Caravan Village,caravan_site,,,,,,
138.30378,-35.45678,South Australia,Beachside Caravan Park,caravan_site,,,,,,
133.67816,-32.12442,South Australia,Big 4 Ceduna Tourist Park,caravan_site,,,,,,
133.67316,-32.12766,South Australia,Ceduna Foreshore Caravan Park,caravan_site,,,,1,,
116.02713,-34.44484,Western Australia,Pemberton Caravan Park,caravan_site,paid,1,,,1,
146.67212,-38.57378,Victoria,Windmill Caravan Park,caravan_site,,,,,,
146.67598,-38.5695,Victoria,Yarram Rosebank Tourist Park,camp_site,,,,,,
146.2051,-38.65504,Victoria,Prom Central Caravan Park,camp_site,,,,,,
153.02294,-30.49633,New South Wales,Reflections Urunga - Holiday Park,camp_site,paid,,,,,
145.57927,-38.60644,Victoria,Wonthaggi Coalfields Caravan & Residential Park,caravan_site,,,,,,
145.61512,-38.67391,Victoria,Ingenia Holiday Park Illawong,caravan_site,,,,,,
114.171,-27.7,Western Australia,Kalbarri Anchorage Caravan Park,caravan_site,,,,,,
114.171,-27.7,Western Australia,Kalbarri Anchorage Caravan Park,caravan_site,paid,,,1,,
142.84664,-35.50299,Victoria,Sea Lake Caravan Park,caravan_site,,,,,,
121.89118,-33.86941,,Esperance Bay Holiday Park,caravan_site,,,,,,
147.86975,-37.82187,Victoria,Swan Reach Gardens Tourist Park,caravan_site,,,,,,
147.95657,-37.86942,Victoria,Lakes Caravilla Caravan Park,caravan_site,,,,,,
149.90336,-36.88418,New South Wales,Sapphire Valley Caravan Park,caravan_site,,,,,,
137.83761,-32.51526,South Australia,Port Augusta Caravan Park Cabins,caravan_site,,,,,,
149.04916,-20.92535,Queensland,Cape Hillsborough Nature Tourist Park,caravan_site,,,,1,,
116.11017,-32.78748,Western Australia,Chuditch Camp Site,camp_site,paid,1,,,,
146.02566,-35.97114,New South Wales,,caravan_site,,,,,,
144.31395,-36.72595,Victoria,Big4 Tasman Holiday Parks - Bendigo,caravan_site,,,,,,
149.1464,-37.56744,Victoria,Cann River Caravan Park,caravan_site,,,,,,
149.87255,-37.09874,New South Wales,Discovery Parks - Eden,caravan_site,paid,,,1,,
144.23505,-37.59885,Victoria,Caledonian Caravan Park,caravan_site,,,,,,
152.51681,-32.38452,New South Wales,Sandbar Holiday Park,camp_site,paid,1,1,1,1,
152.51877,-32.31044,New South Wales,The Ruins Campground and Picnic Area,camp_site,paid,1,,0,1,
130.94679,-12.77387,Northern Territory,Tumbling Waters Holiday Park,caravan_site,,1,,,,
148.08968,-37.73453,Victoria,Mingling Waters Bush Retreat,caravan_site,,,,,,
121.48747,-30.79169,Western Australia,Discovery Holiday Park - Boulder,caravan_site,paid,,,1,,
121.50059,-30.79847,Western Australia,Boulder Town Camp (Zone 6),camp_site,,,,,,
148.61579,-20.56528,Queensland,O'connell River Whitsunday Tourist Park,caravan_site,,,,,,
148.92077,-21.05117,Queensland,Kuttabul Hotel & Caravan Park,caravan_site,,,,,,
148.68818,-21.68623,Queensland,Nebo Caravan Park,caravan_site,,,,,,
143.52484,-35.85174,Victoria,Quambatook Caravan Park,caravan_site,,,,1,,
152.65953,-31.89658,New South Wales,Weeroona Holiday Park,caravan_site,,,,,,
151.88718,-28.72336,Queensland,Country Style Holiday Park,caravan_site,,,,,,
144.71073,-38.13701,,Taylor Reserve,caravan_site,,,,,,
144.71258,-38.14077,,Batman Reserve,caravan_site,,,,,,
144.70709,-38.1321,,Anderson Reserve,caravan_site,,,,,,
144.71682,-38.1769,Victoria,St Leonards Area 3 camping area,caravan_site,,,,,,
144.71578,-38.17898,Victoria,St Leonards Area 4 camping area,caravan_site,,,,,,
143.92836,-35.76073,Victoria,IBIS Caravan Park,caravan_site,,,,,,
143.63666,-35.4632,Victoria,Lake Boga Caravan Park,caravan_site,,,,,,
142.40377,-32.35514,New South Wales,Menindee Lake Caravan Park,caravan_site,,,,,,
143.76923,-35.55285,Victoria,Kangaroo Lake Caravan Park,caravan_site,paid,,,,,
133.87066,-23.73346,Northern Territory,Discovery Parks - Alice Springs,caravan_site,paid,1,1,1,1,
133.78118,-23.75798,Northern Territory,Wanngardi Caravan Park,camp_site,,,,,,
133.78278,-23.76147,Northern Territory,Temple Bar Caravan Park,camp_site,,,,,,
148.1204,-36.21992,New South Wales,Khancoban Lakeside Caravan Park,caravan_site,paid,,,,,
133.87169,-23.73681,Northern Territory,Alice Springs Heritage Caravan Park,caravan_site,paid,,,1,,
133.87311,-23.68147,Northern Territory,Wintersun Cabin and Caravan Park,caravan_site,paid,,,1,,
145.6708,-16.74073,Queensland,Palm Cove Caravan Park & Campground,caravan_site,,,,,,
143.89928,-36.82524,Victoria,Laanecoorie River Reserve Camping Area,caravan_site,,,,,,
143.61262,-35.37814,Victoria,Pental Island Caravan Park,caravan_site,,,,,,
134.22325,-20.64095,Northern Territory,Wauchope Hotel Campground,camp_site,paid,1,,1,1,
133.34547,-22.64335,Northern Territory,,caravan_site,,,,,,
133.828,-24.87252,Northern Territory,Chambers Pillar Campground,camp_site,paid,,,,,
130.98948,-25.23619,Northern Territory,Ayers Rock Campground - Unpowered Section,camp_site,,1,1,1,1,
130.99196,-25.2378,Northern Territory,Ayers Rock Campground - Powered Section,caravan_site,,1,,,1,
147.64616,-22.82881,Queensland,Clermomt Caravan Park,caravan_site,,,,,,
131.51271,-24.24936,Northern Territory,Kings Canyon Resort,caravan_site,paid,,,1,,
131.81779,-24.40572,Northern Territory,Kings Creek Station,camp_site,paid,,,1,,
133.71623,-23.67881,Northern Territory,Larapinta Group Camping,camp_site,,,,,,1
133.72912,-23.70223,Northern Territory,School Camp,camp_site,,,,,,
142.32032,-35.07417,Victoria,Ouyen Caravan Park,camp_site,,,,,,
142.0441,-37.52161,Victoria,Cavendish Recreation Reserve,camp_site,,,,,,
138.83424,-32.98131,South Australia,Peterborough Caravan Park,caravan_site,paid,,1,1,,
138.60097,-33.20602,South Australia,Jamestown Country Retreat Caravan Park,caravan_site,,,,,,
151.19654,-33.4004,New South Wales,Glenworth,camp_site,paid,1,,,1,
145.9458,-37.52864,Victoria,Big River,camp_site,,,,,,
146.07915,-37.5203,Victoria,Vennels: Lower,camp_site,,,,,,
146.05822,-37.52246,Victoria,Frenchmans Creek,camp_site,,,,,,
146.22872,-37.43425,Victoria,Knockwood Reserve,camp_site,,,,,,
146.14344,-37.34591,Victoria,Skipworth Reserve,camp_site,,,,,,
146.22507,-37.38262,Victoria,Tunnel Bend Reserve,camp_site,,,,,,
148.10607,-35.07324,New South Wales,Gundagai River Caravan Park,caravan_site,,,,1,,
148.14766,-35.5163,New South Wales,Batlow Caravan Park,caravan_site,,,,,,
148.22113,-35.29439,New South Wales,Reflections Tumut River,caravan_site,paid,1,,1,1,
152.01929,-32.739,New South Wales,Koala Shores Holiday Park,caravan_site,,,,1,,
149.11616,-33.29692,New South Wales,Canobolas Caravan Park,caravan_site,paid,,,1,,
149.11038,-33.27179,New South Wales,Colour City Caravan Park,caravan_site,,,,,,
144.1279,-36.73284,Victoria,Bendigo Marong Caravan Park,caravan_site,paid,,,,,
140.83021,-17.4634,Queensland,Karumba Point Sunset Caravan Park,caravan_site,,,,,,
140.83661,-17.45461,Queensland,Karumba Point Tourist Park,caravan_site,,,,,,
146.01225,-37.52552,Victoria,Stockmans Reward Campground,camp_site,,,,,,
140.51727,-20.70601,Queensland,Oasis Caravan Park,caravan_site,paid,1,1,1,,
146.18753,-41.15344,,,camp_site,,,,,,
136.97752,-35.24421,,Marion Bay Caravan Park,caravan_site,paid,,,,,
146.16189,-41.14438,,Apex Beachside Holiday Park,caravan_site,,,,,,
146.16001,-41.14178,,,camp_site,,,,,,
148.89297,-21.22023,Queensland,Kinchant Waters Holiday Park,caravan_site,,,,,,
146.18169,-41.15363,,BIG4 Ulverstone Holiday Park,caravan_site,,,,,,
145.82582,-31.49571,New South Wales,Cobar Caravan Park,caravan_site,,,,1,,
148.59703,-36.41051,New South Wales,Discovery Holiday Park Jindabyne,camp_site,paid,,,1,,
149.62714,-33.41884,New South Wales,NRMA Bathurst Panorama Holiday Park,caravan_site,,,,,,
144.65116,-38.22436,Victoria,Swan Bay Holiday Park,caravan_site,,,,,,
146.14706,-37.93543,Victoria,,camp_site,,,,,,
146.13243,-37.93324,Victoria,,camp_site,,,,,,
146.13314,-37.93318,Victoria,,camp_site,,,,,,
146.14033,-37.93561,Victoria,,camp_site,,,,,,
116.66906,-30.2736,Western Australia,Dalwallinu Caravan Park,camp_site,paid,,,,,
149.85135,-29.47089,New South Wales,Mehi River Van Park,caravan_site,,,,,,
146.06093,-37.35757,Victoria,The Pines Camping Area,camp_site,,,,,,
146.05569,-37.3668,Victoria,Horse Shoe Bend,camp_site,free,,,,,
146.05758,-37.36844,Victoria,Jim Bullock,camp_site,free,,,,,
146.00887,-36.79937,Victoria,,caravan_site,,,,,,
146.41396,-36.76204,Victoria,Valleyview Caravan Park,caravan_site,,,,,,
132.25655,-14.48588,Northern Territory,Riverview Tourist Village,caravan_site,,,,,,
148.01821,-37.8712,Victoria,,caravan_site,,,,,,
146.85657,-36.11118,Victoria,Wodonga Holiday Park,caravan_site,,,,,,
134.25578,-28.55473,South Australia,Pootnoura Rest Area,camp_site,,,,,,
146.93858,-43.4808,Tasmania,Southport Lagoon Campsite,camp_site,,,,,0,
151.19089,-24.00106,Queensland,Calliope Caravan Park,caravan_site,,,,,,
149.8755,-36.90549,New South Wales,Acacia Ponds Village,caravan_site,,,,,,
115.61315,-34.43996,Western Australia,Jasper Beach,camp_site,,,,,,
148.21784,-20.03123,Queensland,Bowen Village Caravan Park,caravan_site,,,,,,
148.21869,-20.03549,Queensland,Bowen Palms Caravan Park,caravan_site,,,,,,
115.89667,-34.61912,Western Australia,Calcup Track,camp_site,,,,,,
115.81043,-34.59253,Western Australia,Warren Beach,camp_site,,,,,,
115.81061,-34.59347,Western Australia,Warren Beach,camp_site,,,,,,
146.10776,-17.86472,Queensland,Mission Beach Hideaway Holiday Village,caravan_site,,,,,,
148.2419,-19.98557,Queensland,Tropical Beach Caravan Park,caravan_site,,,,,,
141.01027,-38.0388,Victoria,Kywong Caravan Park,caravan_site,,,,,,
148.09778,-35.06382,New South Wales,Gundagai Cabins & Tourist Park,camp_site,,,,,,
148.23238,-19.98081,Queensland,Wangaratta Caravan Park,caravan_site,,,,,,
148.24487,-19.98583,Queensland,NRMA Bowen Beachfront Holiday Park,caravan_site,,,,,,
148.23074,-19.98202,Queensland,Queens Beach Tourist Village,caravan_site,,,,,,
146.96484,-36.72937,Victoria,NRMA Bright Holiday Park,caravan_site,,,,,,
146.97499,-36.74279,Victoria,Bright Cabin & Caravan Park,caravan_site,,,,,,
145.95741,-30.04574,New South Wales,Kidman's Camp,camp_site,,1,,,1,
145.70691,-37.75337,Victoria,Warburton Holiday Park,caravan_site,,,,,,
149.88692,-36.38959,New South Wales,,caravan_site,,,,,,
146.25397,-26.40014,Queensland,Bailey Bar Caravan Park,caravan_site,,,,1,,
143.90407,-37.46269,Victoria,Slaty Creek Camp Ground No 1,camp_site,,,,,,
146.44144,-36.96376,Victoria,Top Crossing Hut,camp_site,,,,,,
150.1116,-34.36631,New South Wales,River Island Nature Retreat,caravan_site,,,,,,
144.6814,-36.0938,Victoria,Riverlander Holiday Park,caravan_site,,,,,,
146.11769,-37.23059,Victoria,,camp_site,,,,,,
145.46509,-24.42359,Queensland,Barcoo Hotel Caravan Park,caravan_site,,,,,,
144.26643,-23.44306,Queensland,Longreach Tourist Park,caravan_site,,,,1,,
114.56493,-28.55299,,Coronation Beach,camp_site,paid,,,,,
151.95141,-32.00732,New South Wales,Gloucester Holiday Park,caravan_site,paid,1,,1,1,
146.09408,-17.93596,Queensland,BIG 4 Beachcomber Coconut Holiday Park,caravan_site,paid,,,1,,
146.09182,-17.89625,Queensland,Tropical Hibiscus Caravan Park,caravan_site,,,,,,
145.42818,-17.00129,Queensland,Riverside Caravan Park,caravan_site,paid,,,1,,
146.09763,-17.78337,Queensland,Kurrimine Beach Holiday Park,caravan_site,,,,,,
146.10228,-17.78162,Queensland,King Reef Resort & Caravan Park,caravan_site,,,,,,
146.10937,-17.77484,Queensland,,caravan_site,,,,,,
150.47622,-35.26764,New South Wales,Conjola Lakeside Van Park,caravan_site,,,,,,
150.48944,-35.26875,New South Wales,Island View Caravan Park,caravan_site,,,,,,
139.46949,-34.86898,South Australia,Younghusband Caravan Park,camp_site,,,,,,
146.03676,-38.81116,Victoria,Waratah Bay Caravan Park,caravan_site,,,,,,
145.5876,-17.35337,Queensland,Malanda Falls Caravan Park,caravan_site,,,,,,
144.19541,-20.84965,Queensland,Allen Terry Caravan Park,caravan_site,,1,,1,,
146.25564,-20.05731,Queensland,Dalrymple Tourist Van Park,caravan_site,paid,,,1,,
148.45351,-37.71159,Victoria,Orbost Caravan Park,camp_site,paid,1,,1,1,
148.53876,-37.79556,Victoria,Marlo Ocean Views Cabin and Caravan Park,caravan_site,paid,,1,,,
148.69907,-37.78842,Victoria,Jungle Beach Caravan Park,caravan_site,,,,,,
148.74538,-37.79692,Victoria,Banksia Bluff Campground,camp_site,paid,,,,,
148.53147,-37.79507,Victoria,Marlo Caravan Park & Motel,caravan_site,,,,,,
142.29554,-31.28262,New South Wales,Homestead Creek Campground,camp_site,paid,1,,,1,
116.51205,-35.00449,Western Australia,Banksia Hut,camp_site,paid,,,,,
119.25553,-20.30902,Western Australia,De Grey River Rest Area,camp_site,,1,0,0,0,
114.61298,-22.98319,Western Australia,Burkett Road Rest Area,camp_site,free,1,0,,,
113.75241,-25.1301,Western Australia,Bush Bay,camp_site,free,0,0,,,
114.0584,-25.4591,Western Australia,Edaggee Rest Area,camp_site,,1,,,0,
113.41662,-24.49054,Western Australia,Blowholes Camping Area,camp_site,paid,0,0,0,0,
113.49732,-23.87502,Western Australia,3 Mile Camp,camp_site,,,,,,
115.92283,-21.61478,Western Australia,Robe River Rest Area,camp_site,,,,,,
115.01303,-29.25498,Western Australia,Dongara East Rest Area,camp_site,,0,,,,
114.69062,-27.82769,Western Australia,Galena Bridge Rest Area South (Murchison River),camp_site,,1,,,0,
114.61248,-27.21168,Western Australia,Nerren-Nerren Rest Area,camp_site,free,1,0,,,
116.07884,-32.75505,Western Australia,Camp Kelly (Trinity College),camp_site,,,,,,
117.06793,-35.03326,Western Australia,Boatharbour Road Campsite,camp_site,free,1,,,0,1
113.52545,-23.82178,Western Australia,Gnaraloo Station,camp_site,,,,,,
142.54298,-37.17227,Victoria,Halls Gap Lakeside Tourist Park,caravan_site,paid,,,1,,
130.90682,-12.40144,Northern Territory,Malak Caravan Park,caravan_site,,,,,,
142.52538,-37.12837,Victoria,Halls Gap Holiday Park,caravan_site,,,,,,
131.01695,-12.50821,Northern Territory,Oasis Tourist Park,caravan_site,,,,,,
146.39677,-19.00165,Queensland,Tasman Holiday Parks - Rollingstone,caravan_site,,,,,,
153.00207,-28.61539,New South Wales,Kyogle Caravan Park,caravan_site,,1,,,,
145.28,-38.34205,Victoria,Fairhaven Campsite,camp_site,free,,,,,
152.28584,-28.32963,Queensland,Killarney View Cabins & Caravan Park,caravan_site,,,,1,,
148.48719,-20.08695,Queensland,Hydeaway Bay Caravan & Camping Park,caravan_site,,,,,,
145.99367,-37.82024,Victoria,The Poplars Camping Ground,camp_site,,,,,,
148.55547,-20.35151,Queensland,Gunna Go Caravan Park,caravan_site,,,,,,
113.77039,-23.14419,,Peoples Park Caravan Village,caravan_site,paid,1,1,1,,
144.2738,-38.25564,Victoria,Freshwater Creek Camp - Revival Centre Church Retreat,camp_site,,,,,,
113.69603,-24.86633,Western Australia,Discovery Parks - Carnarvon,caravan_site,paid,1,1,1,,
113.70307,-24.86424,Western Australia,Capricorn Holiday Park Carnarvon,caravan_site,paid,,,1,,
113.68521,-24.86533,Western Australia,Norwesta Lifestyle Park,caravan_site,paid,,,1,,
145.87913,-34.79871,New South Wales,Coleambally Caravan Park,camp_site,paid,1,,1,1,
128.11509,-15.48098,Western Australia,Wyndham Caravan Park,caravan_site,,,,1,,
145.74743,-37.93755,Victoria,Bunyip Weir (Freemans Mill) Camping Area,camp_site,,,,,,
132.98472,-32.08736,South Australia,Point Sinclair Camping Ground,caravan_site,,,,,,
115.50344,-28.5383,Western Australia,Mullewa Caravan Park,camp_site,,,,,,
116.00739,-29.20824,Western Australia,Morawa Short Stay Tourist Park,camp_site,paid,1,,,1,
116.2889,-29.43558,Western Australia,Perenjori Caravan Park,camp_site,paid,1,,1,1,
148.71872,-20.6545,Queensland,Travellers Rest Caravan & Camping Park,caravan_site,,,,,,
115.32737,-31.00595,Western Australia,Lancelin North End Caravan Park,caravan_site,,,,,,
115.32967,-31.02583,,Experience Lancelin Holiday Park,caravan_site,,,,1,,
115.38023,-31.10368,Western Australia,Ledge Point Holiday Park,camp_site,,,,,,
119.92681,-33.94835,Western Australia,Inlet rd,camp_site,,,,,,
146.80532,-37.93791,Victoria,Blores Hill Caravan Park,caravan_site,,,,,,
150.48583,-33.76882,New South Wales,Murphys Glen Campsite,camp_site,free,1,,,0,1
143.50376,-14.78114,Queensland,Musgrave Roadhouse,caravan_site,,,,,,
144.78041,-37.84225,Victoria,Honey Hush Caravan Park,caravan_site,paid,,,0,,
120.80525,-33.88791,,Munglinup Beach campsite,camp_site,,1,,,,
145.02919,-15.37083,Queensland,Endeavour Falls Tourist Park,caravan_site,,,,,,
121.19265,-33.85589,,Fanny Cove,camp_site,,,,,,
121.16675,-33.86561,,Shoal Cape,camp_site,,,,,,
138.42623,-31.88705,South Australia,Big 4: Hawker Caravan Park,caravan_site,,,,,,
146.69965,-36.35903,Victoria,Lake Sambell Caravan Park,caravan_site,paid,,,,,
116.13653,-33.97286,Western Australia,Bridgetown Caravan Park,camp_site,,1,,,,
116.40006,-33.83546,Western Australia,Boyup Brook Flaxmill & Caravan Park,camp_site,,,,,,
115.76357,-33.97577,Western Australia,Nannup Caravan Park,caravan_site,,,,,,
148.73726,-20.47709,,BIG 4 Conway Beach Tourist Park Whitsundays,caravan_site,,,,,,
144.72823,-36.10371,New South Wales,Discovery Parks Moama West,caravan_site,,,,,,
148.67855,-20.28521,Queensland,BIG 4 Adventure Whitsunday Resort,caravan_site,,,,,,
148.26502,-19.99144,Queensland,Rose Bay Caravan Park,caravan_site,,,,,,
116.24685,-34.43587,Western Australia,Quinninup Eco Tourist Park,caravan_site,paid,1,,,1,
116.72645,-33.3351,Western Australia,Darkan Caravan Park,camp_site,paid,1,,1,1,
117.16309,-32.93665,Western Australia,,camp_site,,,,,,
117.50332,-32.7806,Western Australia,Wickepin Caravan Park,camp_site,paid,1,,,1,
117.74047,-33.31364,Western Australia,Dumbleyung Caravan Park,camp_site,paid,1,,,1,
118.26366,-32.49616,Western Australia,Kondinin Caravan Park,camp_site,,,,,,
118.39678,-32.06396,Western Australia,Narembeen Caravan and Apex Park,camp_site,paid,1,,1,1,
145.03533,-16.93577,Queensland,Tyrconnel Gold Mine,camp_site,,,,,,
147.06627,-42.77567,Tasmania,New Norfolk Caravan Park,caravan_site,,,,,,
152.78217,-28.60691,New South Wales,Bells Bay camping area,camp_site,,,,,,
148.70311,-20.27623,Queensland,NRMA Airlie Beach Holiday Park,caravan_site,,,,1,,
145.5338,-33.48063,New South Wales,Hillston Caravan Park,caravan_site,,,,,,
146.1532,-18.67721,Queensland,Ingham Tourist Park,caravan_site,,1,,1,,
145.10459,-17.66939,Queensland,Mount Garnet Travellers Park,caravan_site,paid,,,1,,
143.54912,-18.28683,Queensland,Goldfields Caravan Park,caravan_site,,,,,,
143.54688,-18.28943,Queensland,Midway Caravan Park,caravan_site,,,,,,
141.06842,-17.67753,Queensland,,caravan_site,,,,,,
141.0778,-17.66927,Queensland,Normanton Caravan Park,caravan_site,,,,,,
150.84594,-34.40127,New South Wales,Scout Camp,camp_site,,,,,,
117.00177,-32.36935,Western Australia,Brookton Caravan Park,camp_site,,,,,,
117.08533,-32.53535,Western Australia,Pingelly Caravan Park,camp_site,paid,1,,1,1,
117.37955,-31.1836,Western Australia,Wyalkatchem Travellers Park,camp_site,paid,1,,1,1,
116.7152,-30.88834,Western Australia,,caravan_site,,,,,,
116.00428,-30.6379,Western Australia,Moora Shire Caravan Park,caravan_site,,,,,,
116.50846,-31.27085,Western Australia,Bolgart Caravan Park,caravan_site,,,,,,
119.33676,-31.22888,Western Australia,Southern Cross Caravan Park,caravan_site,,,,,,
121.4541,-30.76563,Western Australia,Prospector Holiday Park,caravan_site,paid,,,1,,
148.72997,-20.28206,Queensland,Airlie Beach Tasman Holiday Parks,caravan_site,,,,,,
148.73622,-20.28349,Queensland,Kipara Tropical Rainforest Retreat,caravan_site,,,,,,
148.73748,-20.28447,Queensland,BIG4 Airlie Cove Caravan Park & Resort,caravan_site,,,,,,
121.15922,-30.95525,Western Australia,Coolgardie Tourist Village,caravan_site,,,,,,
138.85184,-35.40816,South Australia,Norm Howard Outdoor Education Centre,camp_site,,,,,,
148.87448,-21.006,Queensland,Jollimont Caravan Park,caravan_site,,,,,,
116.8332,-31.29935,Western Australia,Goomalling Caravan Park,camp_site,paid,1,,1,1,
115.6711,-32.72019,Western Australia,Estuary Hideaway Holiday Park,camp_site,,,,,,
146.55552,-41.16364,,Port Sorell Lions Caravan Park,caravan_site,,,,,,
146.38025,-41.17021,Tasmania,Bay View Holiday Village,caravan_site,,,,,,
146.37977,-41.17359,Tasmania,Devonport Holiday Village,caravan_site,,,,,,
115.06827,-33.95909,Western Australia,Margaret River Tourist Park and Country Cottages,caravan_site,,,,,,
115.08363,-33.9507,Western Australia,Riverview Caravanpark,caravan_site,,,,,,
149.74291,-37.553,Victoria,Shadygully Caravan Park and Cabins,caravan_site,,,,,,
146.07347,-37.39065,Victoria,Chaffe Creek Campsite,camp_site,,,,,,
116.71954,-34.98701,Western Australia,Rest Point Caravan Park,caravan_site,,,,1,,
117.94263,-34.9987,Western Australia,Rose Gardens Caravan Park,caravan_site,,,,,,
117.93936,-35.00025,Western Australia,,caravan_site,,,,,,
120.12156,-33.94929,Western Australia,Hopetoun Beachside Caravan Park,camp_site,paid,1,,1,1,
120.05399,-33.57871,Western Australia,Green Haven Tourist Park,caravan_site,,,,1,,
148.75413,-20.27706,Queensland,BIG4 Whitsunday Islands Holiday Park,caravan_site,,,,,,
151.09773,-29.32296,New South Wales,Ashford Caravan Park,camp_site,paid,1,,1,1,
151.60224,-29.44819,New South Wales,Emmaville Caravan Park,caravan_site,,,,1,,
121.64767,-32.98177,Western Australia,Salmon Gums Community Caravan Park,camp_site,paid,1,,1,1,
120.6977,-27.91902,Western Australia,Leinster Caravan Park,camp_site,,,,,,
147.12469,-41.58958,Tasmania,Longford Riverside Caravan Park,caravan_site,paid,1,,,1,
116.47289,-32.79994,Western Australia,Boddington Caravan Park,caravan_site,,,,,,
151.21545,-29.94574,New South Wales,Tingha Gems Caravan Park,camp_site,paid,1,,,1,
152.68196,-26.45918,Queensland,Imbil Camping Retreat,caravan_site,,,,,,
138.95904,-34.7395,South Australia,Chalks,camp_site,,,,,,
117.54596,-34.29715,Western Australia,Cranbrook Caravan Park,camp_site,,,,,,
122.22016,-33.99276,Western Australia,Lucky Bay,caravan_site,,,,,,
122.74588,-33.88621,,Alexanders Beach,camp_site,,,,,,
123.01777,-33.8539,Western Australia,Belinup Campground - Cape Arid National Park,camp_site,paid,1,,,0,
123.22198,-33.99247,Western Australia,Thomas Fisheries,camp_site,free,,,,,
123.32316,-33.93228,Western Australia,Jondee Creek,camp_site,,,,,,
123.35011,-33.90418,Western Australia,Poison Creek,camp_site,,,,,,
153.10531,-26.79311,Queensland,Palm Village,caravan_site,,,,,,
153.10041,-26.79415,Queensland,Sunseeker Village,caravan_site,,,,,,
153.12023,-26.82482,Queensland,Golden Beach Holiday Park,caravan_site,,,,,,
153.13649,-26.78222,Queensland,Dicky Beach Family Holiday Park,caravan_site,,,,1,,
123.75394,-33.79309,Western Australia,Point Malcom,camp_site,,,,,,
117.08251,-34.36163,Western Australia,Frankland Caravan Park,camp_site,paid,1,,1,1,
153.03855,-28.86979,New South Wales,Browns Caravan Park,caravan_site,paid,1,,1,,
150.08112,-36.42614,,Reflections Bermagui - Holiday Park,camp_site,paid,,,,,
147.77772,-36.12286,Victoria,Bluff Falls Camping Area,camp_site,,,,,,
147.76787,-36.08565,Victoria,Hinces Creek Camping Area,camp_site,,,,,,
138.4813,-35.63152,South Australia,,camp_site,,,,,,
123.46045,-33.46575,Western Australia,Mount Ragged,camp_site,free,1,,,,
148.30299,-41.87741,Tasmania,,caravan_site,,,,,,
113.46424,-25.57914,Western Australia,South Gregorys,camp_site,paid,,0,,,
113.53546,-25.62281,Western Australia,Herald Bight,camp_site,paid,1,0,,,
113.47536,-25.55822,Western Australia,Gregorys,camp_site,paid,,0,,,
150.29228,-35.6554,New South Wales,BIG4 South Durras Holiday Park,caravan_site,,,,,,
150.29789,-35.64475,New South Wales,Lakesea Caravan Park,camp_site,,,,,,
150.30131,-35.66747,New South Wales,Murramarang Beachfront Nature Resort,camp_site,,,,,,
118.92084,-33.94348,Western Australia,Jerramungup Caravan Park,caravan_site,,,,1,,
118.48648,-33.96818,Western Australia,Ongerup Caravan Park,camp_site,,,,,,
128.2168,-17.01624,Western Australia,Warmun Roadhouse and Caravan Park,caravan_site,,,,,,
145.3727,-16.45482,Queensland,Mossman Riverside Leisure Park,camp_site,paid,1,,1,1,
149.90726,-36.9397,New South Wales,Discovery Holiday Park Pambula Beach,caravan_site,,,,,,
138.56501,-35.03017,South Australia,Sturt River Caravan Park,caravan_site,,,,,,
147.06008,-36.89363,Victoria,Harrietville Cabins & Caravan Park,caravan_site,,,,,,
151.26816,-33.55439,New South Wales,Patonga Foreshore Caravan & Camping Area,caravan_site,,,,,,
144.75459,-36.1142,,Murray River Holiday Park,caravan_site,,,,,,
144.75557,-36.11826,Victoria,Moama Riverside Holiday and Tourist Park,caravan_site,,,,,,
147.83778,-20.75532,Queensland,Camping Reserve,camp_site,,,,,,
147.82974,-20.75653,Queensland,Camping Reserve,camp_site,,,,,,
153.23023,-29.98344,New South Wales,Reflections Red Rock - Holiday Park,camp_site,,,,1,,
131.02279,-13.04365,Northern Territory,BIG4 Batchelor Holiday Park,caravan_site,,,,,,
117.76259,-22.69694,Western Australia,Tom Price Tourist Park,caravan_site,,,,,,
121.81592,-18.5193,Western Australia,Port Smith,caravan_site,,,,,,
121.09225,-19.76956,Western Australia,Sandfire Roadhouse Caravan Park,caravan_site,paid,1,,1,,
151.94615,-28.64488,Queensland,Top Of The Town Tourist Park,caravan_site,,,,1,,
145.97683,-36.02003,Victoria,Yarrawonga Westside Caravan Park,caravan_site,,,,,,
119.82817,-20.055,Western Australia,Pardoo Roadhouse,caravan_site,,,,,,
147.41517,-19.57502,Queensland,BIG4 Silver Link Caravan Village Ayr,caravan_site,,,,,,
148.38891,-30.96338,New South Wales,Coonamble Riverside Caravan Park,caravan_site,,,,,,
138.2038,-33.34732,South Australia,Crystal Brook Caravan Park,caravan_site,,,,,,
115.50159,-22.54338,Western Australia,Nanutarra Roadhouse Caravan Park,caravan_site,paid,1,1,1,,
114.01032,-23.81485,Western Australia,Minilya Bridge Caravan Park,caravan_site,,,,,,
146.90703,-36.69659,Victoria,Discovery Parks - Mount Buffalo,caravan_site,,,,1,,
119.7419,-23.35144,Western Australia,,camp_site,,,,,,
146.56308,-38.47084,Victoria,Tarra Valley Caravan Park,caravan_site,,,,,,
141.22986,-31.88126,New South Wales,Penrose Park,camp_site,paid,1,,,1,
116.45995,-31.57125,Western Australia,Toodyay Holiday Park,caravan_site,paid,,,1,,
151.30185,-25.58665,Queensland,Three Rivers Tourist Park,caravan_site,,,,1,,
151.30038,-25.58324,Queensland,Citrus Country Caravan Park,caravan_site,paid,,,,,
151.47263,-28.96449,Queensland,Glenlyon Dam Tourist Park,caravan_site,paid,,,1,,
151.21717,-33.69557,New South Wales,Terry Hills Caravan Park,caravan_site,,,,,,
133.68975,-32.15022,South Australia,Ceduna Shelley Beach Caravan Park,camp_site,,,,,,
115.92554,-34.04624,Western Australia,Willow Springs,camp_site,free,1,,,,
147.49374,-42.83122,Tasmania,Hobart Airport Big4 Caravan Park,caravan_site,,,,,,
137.7184,-33.95643,South Australia,Kadina Caravan Park,caravan_site,,,,,,
115.14957,-34.30026,Western Australia,,caravan_site,,,,,,
148.8709,-33.09073,New South Wales,Molong Caravan Park,caravan_site,,,,,,
146.55702,-41.16483,,Port Sorell Lions Caravan Park,caravan_site,,,,,,
146.55891,-41.16634,,Port Sorell Lions Caravan Park,caravan_site,,,,,,
138.90752,-34.33615,South Australia,Kapunda Tourist Park,caravan_site,paid,,,1,,
152.32653,-31.1804,New South Wales,Plateau Beech Campground,camp_site,,,,,,
138.40844,-34.60109,South Australia,Middle Beach Caravan Park,caravan_site,paid,,,1,,
147.77117,-40.87435,,Tomahawk Caravan Park,camp_site,paid,1,,,1,
133.06765,-14.91843,Northern Territory,Territory Manor,caravan_site,,,,,,
133.08456,-14.91048,Northern Territory,Bitter Springs Cabins and Camping,camp_site,,1,1,1,1,
143.99811,-38.37321,Victoria,,camp_site,,,,,,
136.10465,-34.38629,South Australia,Tumby Bay Caravan Park,caravan_site,,,,,,
136.1004,-34.35877,South Australia,Tumby Bay Motorhome Park,caravan_site,,,,,,
144.02639,-38.38726,Victoria,Hammond's Road North,camp_site,,,,,,
140.55104,-34.45247,South Australia,Loxton Caravan Park - Manager Residence,caravan_site,paid,,,,,
140.54974,-34.45025,South Australia,Loxton Caravan and Camping Park,caravan_site,paid,,,1,,
140.96729,-36.3445,Victoria,State Border Rest Area,camp_site,,1,,,,
138.35081,-33.26872,South Australia,Gladstone Caravan Park,camp_site,paid,1,,1,1,
144.69424,-37.40957,Victoria,Rowallan Scout Camp,camp_site,,,,,,
138.64997,-33.98185,South Australia,Leasingham Village Cabins & Caravan Par,camp_site,,,,,,
137.99732,-34.28687,South Australia,Price Caravan Park,caravan_site,,,,,,
138.01983,-34.22482,,Port Clinton Caravan Park,caravan_site,,,,,,
137.91831,-34.42084,South Australia,Ardrossan Caravan Park,caravan_site,,,,,,
138.21619,-35.65125,South Australia,Trig Campground Places 12 To 25,camp_site,,,,,,
138.21467,-35.64954,South Australia,Trig Campground Places 1 To 11,camp_site,,,,,,
134.69292,-33.16975,South Australia,Kenny Park,camp_site,paid,1,,,1,
137.56368,-34.0533,South Australia,Moonta Bay Caravan Park,caravan_site,,,,,,
137.54602,-34.07657,,Port Hughes Caravan Park,caravan_site,paid,,,,,
137.54818,-34.08053,South Australia,BIG4 Port Hughes Holiday Park,caravan_site,paid,,,,,
137.484,-34.49436,,Gulf Haven Caravan Park,caravan_site,,,,,,
137.59669,-34.76683,South Australia,Minlaton Caravan Park,caravan_site,,,,,,
137.49502,-34.67306,South Australia,Port Rickaby Caravan Park,caravan_site,,,,,,
137.49418,-34.32387,South Australia,Balgowan Caravan & Camping Area,caravan_site,,1,,1,,
137.35071,-34.93399,,Point Turton Caravan Park,caravan_site,paid,,,,,
137.86405,-34.77867,,Port Vincent Foreshore Caravan Park,caravan_site,,,,,,
137.87807,-34.57425,South Australia,Pine Point Caravan Park,caravan_site,,,,,,
137.87676,-34.66229,South Australia,Port Julia Oval (reichenbach Memorial P,camp_site,,,,,,
135.12782,-29.71265,South Australia,Ingomar Rest Area,camp_site,,,,,,
135.19521,-30.02788,South Australia,The Twins Rest Area,camp_site,,,,,,
135.35925,-30.53443,South Australia,Mulga Well North Rest Area,camp_site,,,,,,
135.54386,-30.81306,South Australia,Glendambo North Rest Area,camp_site,,,,,,
136.59933,-31.26438,South Australia,Salt Creek Lookout,camp_site,,,,,,
135.92758,-31.11984,South Australia,Glendambo South Rest Area,camp_site,free,,,,,
137.22984,-31.71847,South Australia,Monalena Lagoon Rest Area,camp_site,free,,1,,,
137.28958,-31.77402,South Australia,Maslin Rest Area,camp_site,free,,,,,
137.34784,-31.87526,South Australia,Bookaloo Rest Area,camp_site,free,,,,,
116.88794,-32.8204,Western Australia,Congelin Campground,camp_site,paid,1,,,0,
138.4187,-34.14956,South Australia,Balaklava Caravan Park,camp_site,,,,,,
138.27358,-30.06198,South Australia,Farina Station Camground,camp_site,,,,,,
138.23078,-33.0664,South Australia,Ippinitchie Campground,camp_site,,,,,,
146.26691,-38.81372,Victoria,Yanakie Caravan Park,caravan_site,,,,,,
146.47333,-37.99748,Victoria,,camp_site,,,,,,
146.40354,-37.95643,Victoria,Rawson Caravan Park,camp_site,,,,,,
150.30282,-33.7252,New South Wales,Katoomba Falls Tourist Park,caravan_site,paid,1,1,1,,
148.96453,-37.75865,Victoria,Bemm River Caravan Park,caravan_site,paid,,,1,,
150.3903,-33.50142,New South Wales,Cathedral Reserve Camping Ground,camp_site,,,,,,
153.1634,-27.91991,Queensland,Mount Tamborine Conference Centre,camp_site,paid,,,,,
133.07247,-23.78037,Northern Territory,Ellery Creek Big Hole - West MacDonnell NP,camp_site,paid,1,,,0,
148.03874,-21.9996,Queensland,Coal Country Caravan Park,caravan_site,,,,,,
148.04005,-22.00215,Queensland,Moranbah Village Caravan Park,caravan_site,,,,,,
150.99193,-29.14762,New South Wales,Lemon Tree Flat Campground,camp_site,,,,,,
150.99687,-29.15607,New South Wales,Kookibitta Campground,camp_site,paid,1,,,0,
148.76868,-36.17908,New South Wales,,camp_site,,,,,,
146.29943,-43.16494,Tasmania,High Moor Campsite,camp_site,,,,,,1
139.00387,-34.46794,South Australia,Barossa Valley Tourist Park,camp_site,,,,,,
137.54111,-33.04153,South Australia,Sundowner Cabin & Tourist Park,caravan_site,,,,,,
147.70341,-35.92919,New South Wales,Jingellic Reserve,camp_site,free,1,,,,
148.40682,-36.79253,New South Wales,Pinch River Camping Area,camp_site,free,1,,,0,
152.26792,-30.3875,New South Wales,Native Dog Creek Camping area,camp_site,paid,1,,,0,
132.83619,-12.66743,Northern Territory,Anbinik Kakadu Resort,camp_site,,1,1,1,1,
136.50051,-33.70241,South Australia,Birdseye Caravan Park,caravan_site,,,,1,,
116.45249,-31.54573,Western Australia,,caravan_site,paid,,,1,,
153.19613,-30.1084,New South Wales,Sunset Caravan Park,caravan_site,paid,1,1,1,,
153.20135,-30.10969,,Woolgoolga Beach HolidayPark,caravan_site,,,,,,
151.97359,-26.83512,Queensland,Yarraman Caravan Park,caravan_site,paid,1,1,1,,
143.71744,-38.5163,Victoria,Forrest Caravan Park,camp_site,,,,,,
146.96636,-36.72542,Victoria,Big 4 Bright Holiday Park,caravan_site,,,,,,
146.96021,-36.72533,Victoria,Bright Riverside Holiday Park,caravan_site,,,,,,
149.14817,-35.22685,Australian Capital Territory,Exhibition Park (epic) Camping Ground -,camp_site,,,,,,
139.85384,-34.06537,South Australia,Hogwash Bend,camp_site,,,,,,
144.92136,-36.09121,Victoria,River Bend Caravan Park,caravan_site,,,,,,
145.03951,-36.55565,Victoria,Lake Waranga Caravan Park,caravan_site,,,,,,
145.23364,-36.4462,Victoria,Tatura Caravan Park,caravan_site,,,,,,
150.98581,-34.14417,New South Wales,Camp Coutts Scout Camp,camp_site,,,,,,
116.07618,-33.4615,Western Australia,,camp_site,,,,,,
150.86863,-33.64127,New South Wales,A-Vina Van Village,caravan_site,,,,,,
145.57796,-36.75371,Victoria,Euroa Caravan Park,caravan_site,,,,,,
150.91399,-33.97464,New South Wales,Glenfield Scout Activity Centre,camp_site,paid,,,,,
145.46399,-16.08679,Queensland,PK's Jungle Village,camp_site,,,,,,
145.32783,-16.66588,Queensland,Rifle Creek Rest Area,camp_site,,,,,,
145.63552,-17.29615,Queensland,Lake Eacham Caravan Park,caravan_site,,,,,,
117.71707,-31.62399,Western Australia,Kellerberrin Caravan Park,caravan_site,,,,,,
144.65987,-37.72997,Victoria,Sundowner Rockbank Caravan Park,caravan_site,,,,,,
145.17518,-38.14315,Victoria,Log Cabin Caravan Park,caravan_site,,,,,,
146.21336,-38.04604,Victoria,,camp_site,,,,,,
149.56949,-32.58351,New South Wales,Mudgee Valley Park,caravan_site,,,,,,
149.5846,-32.58822,New South Wales,Riverside Caravan and Tourist Park,caravan_site,,,,,,
149.60017,-32.61355,New South Wales,BIG4 Mudgee Holiday Park,caravan_site,,,,,,
135.89313,-32.12044,South Australia,Waltumba Campground,camp_site,,,,,,
150.46279,-34.87254,New South Wales,Gradys Riverside Retreat,camp_site,paid,,,,,
146.5246,-37.76001,Victoria,Edwards Hill Camping Area,camp_site,,,,,,
153.18991,-30.04829,New South Wales,Darlington Beach Resort,caravan_site,paid,1,,,,
153.19037,-30.04325,New South Wales,,caravan_site,,,,,,
146.40775,-35.98048,New South Wales,Bindaree Motel & Caravan Park,caravan_site,,,,,,
150.74605,-34.85295,New South Wales,Holiday Haven Shoalhaven Heads,camp_site,paid,1,1,1,1,
145.74752,-37.50791,Victoria,Marysville Caravan and Holiday Park,caravan_site,,,,,,
153.2017,-30.02849,New South Wales,Reflections Corindi Beach - Holiday Park,caravan_site,paid,1,1,1,,
139.91882,-22.90945,Queensland,Boulia Caravan Park,caravan_site,,,,1,,
149.25796,-32.62373,New South Wales,Reflections Cudgegong River Holiday Park,camp_site,paid,,,,,
143.86629,-37.57565,Victoria,Gold Commissioner's Camp,camp_site,,,,,,
143.86707,-37.57589,Victoria,Chinese Camp,camp_site,,,,,,
153.02259,-30.49642,New South Wales,North Coast Holiday Parks Urunga Heads,caravan_site,paid,,,,,
142.18833,-34.19777,Victoria,The Palms Caravan Park,caravan_site,,,,1,,
149.72406,-31.82649,New South Wales,Coolah Home Base and Caravan Park,caravan_site,paid,,,1,,
145.14802,-36.79969,Victoria,Nagambie Caravan Park,caravan_site,,,,,,
151.01316,-32.98037,New South Wales,Finchley Camping Area,camp_site,paid,1,,,0,
138.47276,-35.19914,South Australia,Moana Beach Tourist Park,caravan_site,,,,,,
146.93463,-36.0674,New South Wales,Albury Central Tourist Park,caravan_site,,,,,,
149.27795,-31.26689,New South Wales,John Oxley Caravan Park,caravan_site,paid,1,1,1,,
145.87753,-41.03891,Tasmania,Cooee Point Reserve,caravan_site,free,,,0,,
138.46216,-35.29878,South Australia,Aldinga Caravan Park,camp_site,,,,,,
147.14095,-41.45772,Tasmania,BIG4 Launceston Holiday Park,caravan_site,paid,1,1,1,1,
146.87352,-20.09459,Queensland,Top Camp Caravan Park & Roadhouse,camp_site,paid,1,,1,1,
147.14647,-20.64251,Queensland,Burdekin Falls Dam Caravan Park,camp_site,paid,1,1,1,1,
147.68717,-19.88136,Queensland,Gumlu Caravan Park,caravan_site,,,,,,
147.69977,-19.83509,,Molongle Creek Van Park,caravan_site,,,,,,
152.93794,-26.38141,Queensland,Camp Cooroora,camp_site,,,,,,
144.05744,-18.04601,Queensland,O'Briens Creek Camp Ground,camp_site,paid,,,,,
147.14971,-35.99704,New South Wales,Lake Hume Holiday Park,caravan_site,,,,1,,
150.72275,-33.45703,New South Wales,Wheeny Creek Camping Ground,camp_site,free,,,,0,
146.32755,-36.34954,Victoria,Painter Island Caravan Park,caravan_site,,,,,,
146.33626,-36.34516,Victoria,Wangaratta Caravan & Tourist Park,caravan_site,,,,,,
149.77178,-30.33493,New South Wales,Highway Tourist Village,caravan_site,,,,,,
150.17878,-33.74283,New South Wales,Coxs River Camp Area,camp_site,free,1,,,0,
149.01603,-20.9138,Queensland,Smalleys Beach Camping Reserve,caravan_site,,,,,,
151.66899,-30.49286,New South Wales,Highlander Van Village,caravan_site,paid,1,1,1,1,
153.58491,-28.86842,,Discovery Parks - Ballina,caravan_site,,,,1,1,
153.58053,-28.86747,,Reflections Shaws Bay - Holiday Park,camp_site,,,,1,,
153.56828,-28.8859,New South Wales,Ballina Beach Village,caravan_site,,,,1,,
153.56123,-28.88415,New South Wales,Seabreeze Holiday Park,caravan_site,,,,,,
151.55291,-24.32647,Queensland,Star Roadhouse Caravan Park,caravan_site,,,,,,
147.88362,-36.20223,Victoria,Mt Mittamatite Caravan Park,caravan_site,,,,,,
150.82171,-31.75855,New South Wales,Pages River Caravan Park,caravan_site,,,,,,
137.62364,-33.92802,South Australia,Office Beach Caravan Park,caravan_site,,,,,,
144.04871,-37.31226,Victoria,,camp_site,,,,,,
150.13938,-33.75764,New South Wales,Alum Creek Campground,camp_site,free,0,,,0,
150.51834,-24.40817,Queensland,Discovery Holiday Park - Biloela,caravan_site,,,,,,
146.72346,-36.56305,Victoria,Myrtleford Holiday Park,caravan_site,,,,,,
151.90767,-24.21071,Queensland,NRMA Agnes Water Beach Holiday Park,caravan_site,paid,,,1,,
153.01405,-30.6473,,Ingenia Holidays - White Albatross,caravan_site,,,,1,,
148.58756,-32.25755,New South Wales,Discovery Parks - Dubbo,caravan_site,,,,,,
150.74383,-23.13343,Queensland,Blue Dolphin Caravan Park,caravan_site,,,,,,
151.86059,-24.24764,Queensland,Discovery Coast Caravan & Camping Park,caravan_site,,,,,,
149.89488,-22.8248,Queensland,Marlborough Motel And Van Park,caravan_site,,,,,,
144.86396,-37.78433,Victoria,Discovery Parks Melbourne,caravan_site,,,,,,
152.00213,-24.50829,Queensland,Baffle Creek Caravan and Camping Park,caravan_site,paid,,,1,,
142.52256,-37.14885,Victoria,Silverband Lodge,camp_site,,,,,,
142.52322,-37.1495,Victoria,Norval Lodge and House,camp_site,,,,,,
142.52312,-37.14956,Victoria,Norval Lodge and House,camp_site,,,,,,
149.87557,-37.07742,New South Wales,BIG4 Ingenia Holidays Eden Beachfront,caravan_site,paid,,,1,,
142.24144,-38.35667,Victoria,Gum Tree Caravan Park,caravan_site,,,,,,
116.06632,-34.29076,Western Australia,Fonty's Pool Chalets and Caravan Park,camp_site,paid,1,,,1,
145.37981,-37.98446,Victoria,Harkaway Scout Camp,camp_site,,,,,,
147.28946,-38.01438,Victoria,Clive Disher Park Scout Camp,camp_site,,,,,,
146.88996,-36.68024,Victoria,Porepunkah Mill Holiday Park,caravan_site,,,,,,
150.19075,-35.71767,,Batemans Bay Marina Resort,caravan_site,,,,,,
140.39943,-34.24387,South Australia,Cobdogla Caravan Park,caravan_site,,,,,,
140.61002,-34.28579,South Australia,Berri Riverside Caravan Park,caravan_site,paid,,,,,
118.78974,-23.32264,Western Australia,Angelo Exploration (RTIO) - Private,camp_site,,,,,,
145.31996,-42.15174,,Strahan Holiday Park,caravan_site,paid,1,,,1,
145.33297,-41.877,Tasmania,Zeehan Bush Camp Camping & Cabins,caravan_site,,,,,,
144.66625,-41.04396,Tasmania,Manuka Campground,camp_site,paid,1,0,,0,
152.75587,-27.3853,Queensland,Dundas Road Bush Camp,camp_site,paid,,,,,
138.10924,-32.6616,South Australia,Beautiful Valley Caravan Park,caravan_site,,,,,,
147.37423,-36.53486,Victoria,Mitta Mitta Caravan Park,caravan_site,,,,,,
152.83821,-25.29222,Queensland,Coconut Grove Caravan Park,caravan_site,,,,,,
152.85733,-25.28393,Queensland,Scarness Beachfront Tourist Park,caravan_site,paid,,,,,
152.87374,-25.28367,Queensland,Beachfront  Tourist Park,caravan_site,paid,,,,,
147.50012,-36.53392,Victoria,,caravan_site,,,,,,
117.01729,-20.65214,,Cleaverville Nature Based Camping Grounds,caravan_site,paid,,,0,,
149.331,-23.64257,Queensland,Dingo Caravan Park,caravan_site,,,,,,
146.02408,-35.97516,New South Wales,BIG4 NRMA Yarrawonga Mulwala Holiday Park,caravan_site,paid,,,1,,
147.19129,-38.3752,Victoria,Seaspray Caravan Park,caravan_site,,,,,,
147.18805,-38.37851,Victoria,Former Seaspray Caravan Park,caravan_site,,,,,,
119.73862,-23.34898,Western Australia,Yurlu Caravan Park,camp_site,paid,,,,,
147.56327,-38.05449,Victoria,Loch Sport Caravan Park,caravan_site,,,,,,
115.02556,-33.64046,,Yallingup Beach Holiday Park,camp_site,,,,,,
117.32312,-35.02187,Western Australia,Ocean Beach Holiday Park,camp_site,paid,1,,,1,
138.04005,-32.34305,South Australia,Quorn Caravan Park,caravan_site,,,,,,
153.09798,-30.37363,New South Wales,Sawtell Beach Holiday Park,caravan_site,paid,,1,1,1,
115.01475,-34.08064,Western Australia,Conto Campground - Leeuwin-Naturaliste National Park,camp_site,paid,1,1,0,0,
145.68288,-35.90377,New South Wales,Cobram Barooga Golf Resort Caravan Park,caravan_site,,,,,,
147.98955,-37.87808,Victoria,Woodbine Tourist Park,caravan_site,,,,,,
147.99026,-37.8782,Victoria,El Torito Flats & Caravan Park,caravan_site,,,,,,
146.02801,-41.09394,,Hall Point,caravan_site,free,,,0,,
150.4811,-35.36101,New South Wales,Ulladulla Headland Tourist Park,caravan_site,,,,,,
145.43201,-36.30399,Victoria,,caravan_site,,,,,,
115.03096,-34.22133,Western Australia,Hamelin Bay Caravan Park,camp_site,,,,,,
145.448,-36.39368,Victoria,Shepparton Holiday Park,caravan_site,,,,,,
145.38806,-36.42484,Victoria,Big 4 Shepparton Holiday Park,caravan_site,,,,,,
122.23332,-17.97148,Western Australia,Discovery Parks (Broome),caravan_site,,,,,,
153.15676,-30.21018,New South Wales,Reflections Moonee Beach - Holiday Park,camp_site,,,,,,
153.15264,-30.22849,New South Wales,Sapphire Beach Holiday Park,caravan_site,,,,,,
125.71712,-14.82235,Western Australia,Mitchell Falls Campground,camp_site,,,,,,
132.51192,-23.58956,Northern Territory,Woodland Camping Area - Redbank Gorge,camp_site,paid,,,,0,
132.51485,-23.58305,Northern Territory,Ridgetop Camping Area - Redbank Gorge,camp_site,paid,,,,0,
149.87575,-37.10132,New South Wales,Boydtown Beach Camping and Caravan Park,caravan_site,paid,,,1,,
148.02206,-23.07727,Queensland,Capella Van Park,caravan_site,,,,1,,
147.54961,-22.97136,Queensland,Theresa Dam Campground,caravan_site,,,,,,
147.55414,-22.97144,Queensland,Therese Dam Caravan Park,caravan_site,,,,,,
146.43026,-39.06503,Victoria,Little Waterloo Bay Campsite,camp_site,paid,,,,,
146.44361,-39.02253,Victoria,Sealers Cove Campsite,camp_site,paid,,,,,
146.46586,-39.04383,Victoria,Refuge Cove Campsite,camp_site,paid,,,,,
144.31641,-37.63429,Victoria,Lake Dewar Lodge YMCA,camp_site,,,,,,
148.75568,-20.34993,Queensland,Repulse Creek Camp,camp_site,,,,,,
148.62023,-36.41316,New South Wales,Jindabyne Holiday Park,caravan_site,,,,1,,
153.34142,-29.43366,New South Wales,Blue Dolphin Holiday Park,caravan_site,paid,,,,,
145.13019,-36.37405,Victoria,Caravan Park,caravan_site,,,,,,
116.00381,-34.40251,Western Australia,Big Brook Arboretum Campsite,camp_site,paid,1,,,0,
117.01208,-34.95299,Western Australia,Ayr Saileon Campground,camp_site,,,,,,
144.95031,-37.28563,Victoria,Kilmore Caravan Park,caravan_site,,,,,,
117.90169,-34.93536,Western Australia,Happy Days,camp_site,,,,,,
117.8941,-34.65895,Western Australia,Porongurup Campground,camp_site,,,,,,
118.06179,-34.31559,Western Australia,Mount Trio Bush Camping & Caravan Park,camp_site,,,,,,
121.14903,-33.81708,Western Australia,Benwenerup Campground - Stokes National Park,camp_site,paid,1,,,0,
127.02058,-31.90039,Western Australia,Madura Oasis Caravan Park,camp_site,paid,1,,1,1,
135.17074,-33.87188,,Sheringa Beach,camp_site,paid,1,,,1,
135.88379,-34.72894,,Port Lincoln Tourist Park,caravan_site,paid,1,1,1,1,
135.95659,-34.7669,South Australia,Surfleet Cove Campground,camp_site,,,,,,
137.57848,-33.04236,South Australia,Whyalla Foreshore Caravan Park,caravan_site,,1,,,,
138.57417,-31.63984,South Australia,Rawnsley Park Station,camp_site,,,,,,
138.60396,-31.52575,South Australia,Wilpena Pound Resort Campground,camp_site,,1,1,1,1,
138.62552,-31.33173,South Australia,Trezona Campground,camp_site,,,,,,
138.79984,-35.02279,South Australia,Discovery Parks - Hahndorf,camp_site,paid,1,1,1,1,
137.94034,-35.71975,South Australia,Kangaroo Island Seafront Holiday Park,camp_site,,,,,,
136.73263,-35.95221,South Australia,Rocky River Campground,camp_site,,,,,,
132.6744,-23.68583,Northern Territory,Glen Helen Homestead Lodge Campground,camp_site,paid,,,,,
135.63921,-16.7009,Northern Territory,Little River RA,camp_site,,,,,,
134.19584,-16.45119,Northern Territory,Bullwaddy Rest Area,camp_site,,,,,,
134.24611,-20.43,Northern Territory,Bonney Well Rest Area,camp_site,free,0,,,0,
134.11485,-21.24746,Northern Territory,Taylor Creek Rest Area,camp_site,free,,0,,,
133.49669,-21.96045,Northern Territory,Mount Stuart Reserve,camp_site,,,,,,
132.90537,-23.75058,Northern Territory,Neil Hargrave Lookout,camp_site,,,,,,
132.72702,-23.63315,Northern Territory,Ormiston Gorge Campground - Tjuta NP,camp_site,paid,,,,,
132.25237,-25.17702,Northern Territory,Kernot Range Rest Area,camp_site,,,,,,
132.30651,-24.7729,Northern Territory,Desert Oaks RA,camp_site,,,,,,
133.14281,-24.57136,Northern Territory,Henbury Meteorite Craters,camp_site,,,,,,
133.41308,-16.68025,Northern Territory,Dunmarra Wayside Inn,caravan_site,,,,1,,
133.79599,-18.31872,Northern Territory,Renner Springs Desert Inn,caravan_site,,,,,,
134.03012,-18.79222,Northern Territory,Banka Banka Station,camp_site,,,,,,
133.38599,-16.30788,Northern Territory,Hi-Way Inn Caravan Park,caravan_site,,,,,,
135.35001,-15.32,Northern Territory,Cox River,camp_site,,,,,,
132.42055,-14.31847,Northern Territory,Katherine Gorge Campground - Nitmiluk NP,camp_site,,,,,,
132.18747,-14.17972,Northern Territory,Edith Falls (Leliyn) Campground - Nitmiluk NP,camp_site,,1,1,0,1,
131.13643,-13.35057,Northern Territory,Robin Falls,camp_site,,0,,,,
130.71001,-13.77,Northern Territory,Daly River Crossing,camp_site,,,,,,
131.69943,-13.96702,Northern Territory,Umbrawarra Gorge Campground,camp_site,paid,,,,,
131.45966,-13.58294,Northern Territory,Hayes Creek Wayside Inn,caravan_site,,,,,,
131.11075,-13.24716,Northern Territory,Adelaide River Showground,camp_site,,,,,,
131.13,-13,Northern Territory,Coomalie Creek Caravan Park,caravan_site,,,,,,
132.53869,-12.92762,Northern Territory,Mardugal Campground 2,camp_site,,,,,,
132.52035,-12.90447,Northern Territory,Gagudju Lodge Cooinda Caravan Park,caravan_site,,1,,,,
132.55366,-12.94171,Northern Territory,Jim Jim Billabong Campground,camp_site,,,,,,
131.27589,-15.5871,Northern Territory,Sullivan Creek Campground,camp_site,paid,1,,,0,
131.91691,-14.82877,Northern Territory,Vince Connoly Crossing - Limestone Creek,camp_site,,,,,,
129.09878,-15.76262,Northern Territory,Jarnem Camping Area,camp_site,,,,,,
129.05149,-15.87521,Northern Territory,Goorrandalng Camping Area,camp_site,,,,,,
130.40207,-15.61241,Northern Territory,Big Horse Creek Campground - Gregory National Park,camp_site,,,,,,
151.09123,-33.14524,New South Wales,Mogo Camping Area - Yengo NP,camp_site,paid,,,,,
149.41001,-33.07,New South Wales,Turon Crossing Reserve,camp_site,,,,,0,
149.99874,-34.13733,New South Wales,Limeburners Flat - Blue Mtns NP,camp_site,,,,,,
150.19885,-35.53221,New South Wales,Shallow Crossing Campground,camp_site,paid,,,,,
149.65558,-36.26085,New South Wales,Lake Creek Camping Area - Wadbilliga NP,camp_site,,,,,,
149.51876,-36.22418,New South Wales,Cascades Camping Area - Wadbilliga NP,camp_site,free,,,,,
153.32729,-29.67407,New South Wales,Sandon River Campground - Yuraygir NP,camp_site,paid,,,,,
153.37168,-29.3662,New South Wales,Woody Head Campground,camp_site,paid,1,1,0,1,
152.96843,-31.26045,New South Wales,Delicate Nobby Campground - Goolawah Res,camp_site,paid,,,,,
152.96043,-31.24956,New South Wales,Racecourse Headland Campground - Goolawah Res,camp_site,paid,,,,,
151.77637,-29.66284,New South Wales,Heritage Park Rest Area,camp_site,free,1,,,0,
152.15376,-28.91,New South Wales,Basket Swamp Camping Area,camp_site,free,,,,,
152.59719,-28.64294,New South Wales,Old Bonalbo Pioneers Park,camp_site,,1,,,0,
152.55345,-28.90761,New South Wales,Tabulam Race Track,camp_site,paid,1,,1,1,
152.31527,-29.47399,New South Wales,Bellbird Campground,camp_site,paid,1,,,0,
150.71694,-29.775,New South Wales,Myall Creek Rest Area,camp_site,,0,,,,
151.63008,-31.00348,New South Wales,Walcha East Rest Area,camp_site,,0,,,,
149.93556,-33.06583,New South Wales,Mcdonalds Hole Road Rest Area,camp_site,,,,,,
150.94065,-29.92226,New South Wales,Copeton Waters State Park,camp_site,paid,,,,,
149.01194,-33.60944,New South Wales,Bakers Shaft Reserve,camp_site,,,,,,
149.18111,-33.61141,New South Wales,Carcoar Dam,camp_site,,,,,,
149.6315,-33.56106,New South Wales,Chifley Dam Camping Area,camp_site,,,,,,
149.97115,-34.30395,New South Wales,Wombeyan Caves Campground,camp_site,paid,1,1,1,1,
143.33685,-35.02952,New South Wales,Tooleybuc Caravan Park,caravan_site,,,,,,
150.2534,-34.57892,New South Wales,,camp_site,,,,,,
149.84979,-37.19078,New South Wales,Edrom Road RA,camp_site,,,,,,
150.15805,-35.95471,,Congo Point Campground - Eurobodalla NP,camp_site,,,,,,
150.09314,-36.12858,New South Wales,Whittakers Creek,camp_site,,,,,,
150.23568,-35.65291,New South Wales,Benandarah Rest Area,camp_site,,,,,,
148.17808,-36.38013,New South Wales,Geehi Flats Campground,camp_site,paid,1,,,0,
145.99029,-34.5604,New South Wales,Bunyip Hole Reserve,camp_site,,,,,,
145.32217,-34.47653,New South Wales,Cooey Point Reserve,camp_site,,,,,,
147.94165,-34.70248,New South Wales,Frampton Rotary Park - Cunjigong Creek Rest Area,camp_site,free,0,,,,
147.06762,-35.3865,New South Wales,Yerong Creek Recreation Ground,camp_site,paid,,1,1,1,
147.05357,-35.0605,New South Wales,Berry Jerry Rest Area,camp_site,free,1,,,0,
146.64704,-34.9212,New South Wales,Sandigo Rest Area,camp_site,,,,,,
146.73917,-34.98583,New South Wales,Kywong Rest Area,camp_site,,,,,,
147.52069,-35.11129,New South Wales,Shanty Reserve,camp_site,,,,,,
148.45694,-31.22667,New South Wales,John Oxley Rest Area,camp_site,,,,,,
148.89066,-32.9115,New South Wales,Bell River Rest Area,camp_site,,,,,,
148.94771,-32.62277,New South Wales,Caves Turnoff Rest Area,camp_site,,,,,,
145.18717,-31.55866,New South Wales,Meadow Glen Rest Area,camp_site,free,1,,,0,
148.82251,-32.46577,New South Wales,Ponto Falls,camp_site,,,,,,
149.14555,-30.71584,New South Wales,Rocky Creek Mill,camp_site,,,,,,
148.60783,-32.22752,New South Wales,Devils Elbow,camp_site,,,,,,
149.67573,-37.39451,Victoria,Border RA,camp_site,,,,,,
146.45353,-33.20144,New South Wales,Cargelligo Weir,camp_site,,,,,,
145.71259,-29.00974,New South Wales,Bush Tucker Inn,caravan_site,,,,,,
147.14692,-33.51795,New South Wales,Humbug Creek RA,camp_site,,,,,,
147.20989,-41.22981,Tasmania,Lilydale Falls Camping Area,camp_site,free,,,,,
147.52295,-41.16583,Tasmania,Northeast Park,camp_site,free,,,,,
147.59548,-40.91284,Tasmania,Blackmans Lagoon Camping Area - Waterhouse Cons Area,camp_site,free,1,,,0,
147.61585,-40.89224,Tasmania,Big Waterhouse Lake Camping Area - Waterhouse Cons Area,camp_site,free,,,,0,
147.59242,-40.86447,,South Croppies Point Camping Area - Waterhouse Cons Area,camp_site,free,0,,,0,
147.66861,-40.82765,Tasmania,Mathers Campground - Waterhouse Cons Area,camp_site,free,1,,,0,
147.66098,-40.82655,Tasmania,Village Green Campground - Waterhouse Cons Area,camp_site,free,1,,,0,
147.6882,-40.84031,,Ransons Beach Camping Area - Waterhouse Cons Area,camp_site,free,0,,,0,
147.73795,-41.16789,Tasmania,Branxholm Camping Ground,camp_site,,,1,,1,
147.80468,-41.14963,Tasmania,Derby Works Depot,camp_site,,,,,,
147.94943,-40.77755,Tasmania,Petal Point Campground,camp_site,,,,,,
148.31169,-40.96982,,Deep Creek Campground - Mt William NP,camp_site,free,1,,,0,
148.17753,-40.83527,,Musselroe Bay - Musselroe Bay Cons Area,camp_site,paid,1,,,0,
147.90492,-41.19441,Tasmania,Weldborough Hotel,camp_site,,,,,,
148.29148,-41.06201,Tasmania,Bay Of Fires Conservation Area,camp_site,free,,,,,
148.29258,-41.37091,,Diana's Basin - St Helens Point State Rec Area,camp_site,,,,,,
148.23251,-42.08698,Tasmania,River and Rocks Campground,camp_site,,,,,,
147.79739,-42.00917,Tasmania,Lake Leake Campground,camp_site,,,,,,
147.93974,-42.33192,Tasmania,Little Swanport Conservation Area,camp_site,,,,,,
147.91115,-42.50834,Tasmania,Triabunna Caravan Park,caravan_site,,,,,,
147.49381,-41.92475,Tasmania,Campbell Town Recreation Ground,camp_site,,,,,,
147.43895,-41.83004,Tasmania,Conara Roadside Park,camp_site,,,,,,
146.78171,-41.68276,Tasmania,Lower Liffey Reserve,camp_site,,,,,,
147.37696,-42.30017,Tasmania,Oatlands Roadside Rest Area,camp_site,free,0,,,0,
146.90243,-41.95856,Tasmania,Jonah Bay Campground - Arthurs Lake Rec Area,camp_site,,,,,,
146.86119,-41.98507,Tasmania,Pumphouse Bay Campground - Arthurs Lake Recreation Area,camp_site,,,,,,
146.88995,-41.81588,Tasmania,Mt Blackwood Lookout,camp_site,,,,,,
146.89621,-41.93597,Tasmania,Cowpaddock Bay Campground - Arthurs Lake Rec Area,camp_site,,,,,,
147.04401,-42.38769,Tasmania,Pub With No Beer Rest Area,camp_site,,,,,,
147.67285,-42.89956,Tasmania,Primrose Sands RSLA Club,camp_site,,,,,,
146.90463,-42.17285,Tasmania,Blackburn Creek Rest Area,camp_site,,,,,,
146.97216,-43.13977,,Coast Care Project Rest Area,camp_site,,,,,,
147.00982,-43.0922,,Franklin Foreshore Reserve,camp_site,,,,,,
147.32869,-43.29102,Tasmania,The Neck Campground,camp_site,paid,,,,,
145.63846,-42.07376,Tasmania,Lake Burbury Foreshore,camp_site,,,,,,
145.61498,-41.27347,Tasmania,Hellyer Gorge Rest Area,camp_site,,,,,,
146.4583,-42.29861,Tasmania,Nive River Rest Area,camp_site,,,,,,
146.89895,-41.52564,Tasmania,Hagley Rest Area,camp_site,,,,,,
146.50055,-42.17982,Tasmania,Bronte Lagoon Causeway,camp_site,,,,,,
146.66071,-41.52236,Tasmania,Deloraine East Overnight Park,camp_site,,,,,,
145.93002,-41.06868,Tasmania,Wivenhoe Showgrounds,camp_site,,,,,,
146.06654,-41.10663,,Penguin Beachside Tourist Park,caravan_site,,,,,,
146.05932,-41.48297,Tasmania,Lake Gairdner,camp_site,,,,,,
145.31698,-40.84353,,Black River Campground,camp_site,paid,1,,,0,
144.67253,-41.11789,,Sundown Point State Reserve - Nelson Bay,camp_site,,,,,,
145.46447,-40.88581,Tasmania,Rocky Cape Caravan Park,caravan_site,,,,,,
146.60264,-41.1478,Tasmania,Springlawn Campground - Narawntapu NP,caravan_site,,,,1,,
146.95,-41.03,Tasmania,Beechford Campground,camp_site,,,,,,
146.60881,-41.15412,Tasmania,Horseyards Campground - Narawntapu NP,camp_site,,,,,,
128.60038,-31.74556,Western Australia,Najada Rockhole,camp_site,,0,,,,
128.52864,-31.76764,Western Australia,Hearder Hill Rest Area,camp_site,,1,,,,
128.13025,-31.83997,Western Australia,Jillah Rockhole Rest Area,camp_site,,1,,,0,
127.6616,-31.89302,Western Australia,Boolaboola Rest Area,camp_site,,0,,,,
127.51944,-31.92102,Western Australia,Carlabeencabba Rockhole Rest Area,camp_site,,0,,,,
126.73308,-31.94574,Western Australia,Olwolgin Bluff Rest Area,camp_site,,0,,,,
126.54709,-31.9905,Western Australia,Moonera Tank Rest Area,camp_site,,,,,,
126.27723,-32.0034,Western Australia,Observatory Turnoff Rest Area,camp_site,,0,,,,
125.67383,-32.17415,Western Australia,Jillbunya Rockhole,camp_site,,,,,,
124.78813,-32.35766,Western Australia,Baxter Rest Area,camp_site,free,1,,,0,
123.95476,-32.45308,Western Australia,90 Mile Sign Rest Area,camp_site,,0,,,,
123.37706,-32.22479,Western Australia,Harms Lake Rest Area,camp_site,,0,,,,
123.66537,-32.37818,Western Australia,Afghan Rock,camp_site,,0,,,,
121.81126,-32.14711,Western Australia,Jimberlana Hill Rest Area,camp_site,,0,,,,
121.90215,-32.10982,Western Australia,Norseman East Rest Area,camp_site,,0,,,,
121.68339,-32.45782,Western Australia,Bromus Dam,camp_site,free,1,,,0,
121.77242,-32.39064,Western Australia,Dundas Rocks Campground,camp_site,,0,,,,
121.17255,-32.87666,Western Australia,Peak Charles National Park,camp_site,,,,,,
122.2196,-33.99189,Western Australia,Lucky Bay Campground - Cape Le Grand National Park,camp_site,,,,,,
120.86141,-33.70466,Western Australia,Munglinup Rest Area,camp_site,,1,,,1,
121.29197,-33.82913,,Quagi Beach Campgroung,camp_site,,,,,,
120.55599,-33.91933,,Starvation Boat Harbour,camp_site,,,,,,
118.8786,-34.45215,Western Australia,Millers Point Reserve,camp_site,,,,,,
117.16016,-35.03956,Western Australia,Parry Beach,camp_site,paid,1,,,1,
116.412,-34.59512,Western Australia,Shannon Camp Ground - Shannon National Park,camp_site,,,,,,
116.59602,-34.95726,Western Australia,Walpole West Rest Area,camp_site,,,,,,
115.9185,-33.84545,Western Australia,Wrights Bridge,camp_site,,,,,,
115.98637,-33.78234,Western Australia,Balingup Transit Park,camp_site,paid,1,,1,1,
115.93859,-33.37895,Western Australia,Honeymoon Pool,camp_site,paid,1,,,0,
117.08814,-33.53856,Western Australia,Robinson Road Rest Stop,camp_site,,,,,,
116.0833,-32.76935,Western Australia,Baden Powell Campground - Lane Pool Reserve,camp_site,paid,1,,,,
115.71136,-32.74047,,Herron Point,camp_site,,,,,,
115.38929,-34.07722,Western Australia,Sue's Bridge Campground - Blackwood River National Park,camp_site,free,1,,,0,
115.18407,-34.16419,Western Australia,Alexandra Bridge Camping Area,camp_site,paid,1,,,1,
115.33148,-30.46009,Western Australia,Hakea Reserve,camp_site,,,,,,
114.6149,-26.81558,Western Australia,Billabong RA,camp_site,,,,,,
114.46462,-26.4111,Western Australia,Overlander Roadhouse Caravan Facility,caravan_site,,,,,,
114.13796,-24.75792,Western Australia,Rocky Pool,camp_site,,,,,,
119.33423,-25.20247,Western Australia,Gascoyne River (Middle Branch),camp_site,,,,,,
117.85413,-28.00884,Western Australia,The Granites,camp_site,,,,,,
127.85275,-18.42243,Western Australia,Palm Springs,camp_site,,,,,,
128.29791,-17.52343,Western Australia,Walardi Campground - Sites 27-37,camp_site,,1,0,0,0,
127.98778,-17.43376,Western Australia,Spring Creek Rest Area,camp_site,,1,0,0,0,
127.95125,-17.47927,Western Australia,Leycesters Rest Area - Ord River,camp_site,,,,,,
119.76931,-19.96215,Western Australia,Cape Keraudren,camp_site,,,,,,
126.40356,-15.67975,Western Australia,Miners Pool Campground Drysdale River S,camp_site,,,,,,
126.3809,-15.70204,Western Australia,Drysdale River Station Campground,camp_site,,,,,,
127.98,-16.01,Western Australia,El Questro Resort Campground,camp_site,,,1,1,1,
128.18644,-15.91164,Western Australia,King River (Gibb River Road),camp_site,,,,,,
115.55398,-30.75102,Western Australia,Olivers Bridge (Cataby Brook),camp_site,,,,,,
128.28212,-16.87395,Western Australia,Telegraph Creek Rest Area,camp_site,,,,,,
128.28149,-16.79856,Western Australia,Bow River,camp_site,,,,,,
128.42556,-16.00944,Western Australia,Cockburn South Rest Area,camp_site,,,,,,
119.50627,-20.28082,Western Australia,Pardoo Creek Rest Area,camp_site,,,,,,
149.49757,-37.74171,Victoria,Wingan Inlet Campground - Croajingolong NP,camp_site,,,,,,
149.69887,-37.64468,Victoria,Shipwreck Creek Campground - Croajingolong NP,camp_site,,,,,,
148.96261,-37.29872,Victoria,Frosty Hollow Camping Area - Errinundra NP,camp_site,,,,,,
147.92217,-36.70082,Victoria,Buenba Flat #1,camp_site,,,,,,
147.30425,-36.92844,Victoria,Langfords West Campground,camp_site,,,,,,
147.92316,-37.22793,Victoria,Bentley Plain Reserve,camp_site,,,,,,
147.92219,-37.22618,Victoria,Moscow Villa Hut,camp_site,,,,,,
147.2981,-37.33938,Victoria,Collins Flat Camping Area,camp_site,,,,,,
147.00659,-37.36624,Victoria,Eaglevale Camping Area - Alpine NP,camp_site,,,,,,
146.83155,-37.20792,Victoria,,camp_site,,,,,,
146.52423,-37.2158,Victoria,Bluff Hut - Alpine NP,camp_site,,,,,,
146.5723,-37.08849,Victoria,King Hut - Alpine NP,camp_site,,,,,,
146.49941,-37.06587,Victoria,Pineapple Flat Camping Area - Alpine NP,camp_site,,,,,,
146.53351,-37.1102,Victoria,Craigs Hut,camp_site,,,,,,
145.92675,-37.35799,Victoria,Barnewall Plains Camping Area,camp_site,,,,,,
145.15809,-37.33168,Victoria,Regular Camp,camp_site,,,,,,
143.27336,-37.3168,Victoria,,camp_site,,,,,,
143.29302,-37.29787,Victoria,Smiths Bridge Camping Area,camp_site,,,,,,
149.30826,-37.78085,Victoria,Thurra River Campground - Croajingolong NP,camp_site,,,,,,
149.18394,-37.56723,Victoria,Cann River East Rest Area,camp_site,,0,,,,
149.30621,-37.57508,Victoria,Lomond Hill Rest Area,camp_site,,,,,,
148.82755,-37.19583,Victoria,Delegate River Camping and Picnic Area,camp_site,free,1,,,0,
148.42174,-37.7401,Victoria,Newmerella Logging Station Rest Area,camp_site,free,,,,,
148.18922,-37.75214,Victoria,Hospital Creek Rest Area,camp_site,,0,,,,
146.33976,-38.02343,Victoria,Seninis Campground - Moondarra State Park,camp_site,free,1,,,,
146.7919,-38.14191,Victoria,Willow Park,camp_site,,,,,,
146.37344,-37.97855,Victoria,Erica Caravan Park,caravan_site,,,,,,
147.30771,-38.28535,,Flamingo Beach,camp_site,,,,,,
146.04267,-37.85303,Victoria,Toorongo Falls Campground,camp_site,,,,,,
146.48238,-38.64387,Victoria,Nine Mile Creek Rest Area,camp_site,,,,,,
145.45889,-38.21311,Victoria,Swamp Tower Reserve,camp_site,,,,,,
147.43324,-36.66078,Victoria,Lightning Creek Campground (North),camp_site,free,1,,,0,
147.23263,-36.40789,Victoria,Ellis Bridge RA,camp_site,,,,,,
147.24689,-36.39989,Victoria,Peters Bridge RA,camp_site,,,,,,
147.2375,-36.2797,Victoria,Pigs Point Reserve,camp_site,,,,,,
146.81269,-36.73529,Victoria,Lake Catani Campground - Mt Buffalo NP,camp_site,,,,,,
147.48963,-36.99064,Victoria,Anglers Rest Camping Area,camp_site,free,1,,,0,
146.93425,-36.2446,Victoria,Staghorn Flat RA,camp_site,,,,,,
146.37896,-36.57682,Victoria,Moyhu Caravan Park and Camp Grounds,caravan_site,,1,,1,1,
146.13034,-37.33178,Victoria,Doctors Creek Reserve,camp_site,,,,,,
146.20209,-36.87257,Victoria,Stringybark Creek Camping Area,camp_site,,1,,,,
145.44118,-37.21244,Victoria,Yea RA,camp_site,,,,,,
145.36918,-36.47661,Victoria,Moira Park - Jollys Bend SF,camp_site,,,,,,
146.20449,-36.34103,Victoria,Wenhams Camping Area,camp_site,,1,,,,
145.24257,-37.14294,Victoria,Goulburn River RA,camp_site,,,,,,
145.26734,-37.1462,Victoria,King Parrot Creek RA,camp_site,,,,,,
143.68931,-35.37815,New South Wales,Loddon Floodway,camp_site,,,,,,
142.33578,-34.70465,Victoria,Lake Mournpall Campground - Hattah-Kulkyne NP,camp_site,,,,,,
142.343,-34.75282,Victoria,Lake Hattah Campground - Hattah-Kulkyne NP,camp_site,,,,,,
143.6175,-36.41219,Victoria,Wedderburn Pioneer Caravan Park,caravan_site,,,,,,
141.2502,-35.26171,Victoria,Murrayville East RA,camp_site,,,,,,
143.36685,-37.09855,Victoria,Waterfalls Campground,camp_site,free,,,,,
143.54664,-37.28905,Victoria,Lexton South Rest Area,camp_site,,,,,,
144.21425,-37.15966,Victoria,Vaughan Springs Reserve - Castlemaine Diggings National Heritage Park,camp_site,,,,,,
144.23847,-37.17081,Victoria,Warburton Bridge Reserve,camp_site,,,,,,
144.41,-37.43511,Victoria,Firth Park Campground,camp_site,,,,,,
143.26256,-36.84328,Victoria,Teddington Reservoir - St Arnaud Range NP,camp_site,,,,,,
144.31293,-37.47172,Victoria,Mineral Springs Caravan Park,caravan_site,,,,,,
142.98107,-37.29623,Victoria,Green Hill Lake Reserve,camp_site,free,,,,,
143.90242,-36.73939,Victoria,Newbridge Recreation Reserve,camp_site,,,,,,
143.60911,-38.26783,Victoria,Meredith Park,camp_site,,,,,,
142.05458,-38.33964,Victoria,Lake Yambuk Caravan Park,caravan_site,,,,,,
142.72729,-38.33616,Victoria,Ash Wednesday Memorial RA,camp_site,,,,,,
142.42323,-37.10775,Victoria,Smiths Mill Campground,camp_site,paid,,,,,
141.84698,-37.67451,Victoria,Wannon Falls Campground,camp_site,,,,,,
143.34744,-37.95432,Victoria,Browns Water Holes Caravan Park,caravan_site,,,,,,
140.99185,-37.98688,Victoria,Princess Margaret Rose Caves - Lower Glenelg NP,camp_site,,,,,,
141.21864,-38.05636,Victoria,Pritchards Campground - Lower Glenelg NP,camp_site,,,,,,
141.42564,-38.07482,Victoria,Jackass Fern Gully Campground,camp_site,,,,,,
141.68799,-38.235,Victoria,Sawpit Campground - Mt Clay State Forest,camp_site,,,,,,
141.93585,-35.78045,Victoria,Western Beach Campground - Lake Albacutya Regional Park,camp_site,,,,,,
141.98985,-35.89993,Victoria,Rainbow Caravan Park,caravan_site,,,,,,
142.08658,-37.22419,Victoria,Mountain Dam Campground - Rocklands Reservoir,camp_site,,,,,,
142.05346,-35.58329,Victoria,Wonga Campground - Wyperfeld NP,camp_site,,,,,,
142.00675,-35.76617,Victoria,Yaapeet Beach Campground - Lake Albacutya Regional Park,camp_site,,,,,,
144.09465,-37.75281,Victoria,Dolly Creek,camp_site,free,,,,,
140.92051,-37.84635,South Australia,Kromelite Road Rest Area,camp_site,,,,,,
140.39182,-37.6339,South Australia,Millicent South Rest Area,camp_site,,,,,,
139.8881,-37.21402,South Australia,Springs Road Rest Area,camp_site,,,,,,
139.79526,-37.17643,South Australia,Jumbo's Jetty,camp_site,,,,,,
139.82202,-37.26105,South Australia,Old Man Lake - Little Dip Conservation Park,camp_site,,,,,,
139.76721,-37.18722,South Australia,The Gums Campground - Little Dip Conservation Park,camp_site,,,,,,
139.71178,-36.28767,South Australia,42 Mile Crossing Campground - Coorong NP,camp_site,,,,,,
139.72247,-36.27302,South Australia,42 Mile Crossing Rest Area,camp_site,,,,,,
139.59091,-36.05872,South Australia,Coorong Caravan Park,caravan_site,,,,,,
139.62877,-36.09785,South Australia,Gemini Downs Holiday Centre,caravan_site,,,,,,
139.3451,-35.70702,South Australia,Meningie South Rest Area,camp_site,,,,,,
140.79785,-37.69961,South Australia,Telford Scrub Rest Area,camp_site,,,,,,
140.84364,-37.33972,South Australia,Leconfield Rest Area,camp_site,,,,,,
140.50484,-36.60039,South Australia,Padthaway Caravan Park,caravan_site,,,,,,
139.95053,-35.36678,South Australia,Peake Rest Area,camp_site,,,,,,
140.95772,-33.97336,South Australia,Customs House Campground,camp_site,,,,,,
140.3949,-34.22194,South Australia,Campground 10 - Loch Luna Game Reserve,camp_site,,,,,,
139.56027,-34.7517,South Australia,Walker Flat Boat Ramp Reserve,camp_site,,,,,,
139.57045,-34.75765,South Australia,Ankara Youth Camp,camp_site,,,,,,
139.28748,-32.76745,South Australia,Nackara East Rest Area,camp_site,,0,,,,
140.34507,-32.27025,South Australia,Olary Creek,camp_site,,0,,,,
138.23889,-35.60684,South Australia,Stringybark Campground - Deep Creek Conservation Park,camp_site,,1,0,0,1,
138.21865,-35.5129,,Second Valley Caravan Park,caravan_site,,,,,,
138.41938,-34.14941,South Australia,Balaklava Caravan Park,caravan_site,,,,,,
138.16324,-33.91392,South Australia,Lochiel North RA,camp_site,,,,,,
139.11721,-33.76309,South Australia,21 Peg Rest Area,camp_site,free,0,,,,
138.03728,-32.6416,South Australia,Horrocks Pass,camp_site,,,,,,
138.51639,-34.59586,South Australia,Two Wells Rest Area,camp_site,,,,,,
137.86351,-34.77883,,Port Vincent Seaside Flats and Caravan Park,caravan_site,,,,,,
137.6397,-35.16687,South Australia,Troubridge Hill Camping Reserve,camp_site,,,,,,
137.61014,-35.02003,South Australia,Yorketown Community Caravan Park,caravan_site,,,,,,
138.26527,-33.03226,South Australia,Wirrabara Oval Caravan Park,caravan_site,paid,1,,1,1,
137.67052,-34.36976,South Australia,Maitland Rest Area,camp_site,,,,,,
137.45878,-34.82752,South Australia,Port Minlacowie Boat Ramp,camp_site,,,,,,
134.05688,-27.90591,South Australia,Cadney Homestead Caravan Park,caravan_site,,,,,,
135.91978,-34.52927,South Australia,Louth Bay North Rest Area,camp_site,,,,,,
136.16812,-34.27983,South Australia,Tumby Bay North Rest Area,camp_site,,,,,,
137.52379,-33.09816,,Eight Mile Creek Beach,camp_site,,,,,,
137.76182,-32.90791,South Australia,Fitzgerald Bay Bush Camp - Native Myrtle Retreat - no facilities,camp_site,free,0,,,,
136.93893,-33.67295,South Australia,Harbour View Caravan Park,caravan_site,,,,,,
137.463,-33.05994,South Australia,Whyalla South Rest Area,camp_site,,0,,,,
136.23291,-34.19967,South Australia,Port Neill South Rest Area,camp_site,,0,,,,
136.69561,-33.827,South Australia,Port Gibbon South Rest Area,camp_site,,0,,,,
136.41701,-34.00857,South Australia,Port Neill North Rest Area,camp_site,,,,,,
134.21404,-32.50926,South Australia,Haslam Caravan Park,caravan_site,,,,,,
133.96,-32.36996,South Australia,Smoky Bay Rest Area,camp_site,,,,,,
137.52644,-32.61749,South Australia,Iron Knob East Rest Area,camp_site,,,,,,
129.1682,-31.65862,South Australia,17k Peg Rest Area,camp_site,,0,,,,
129.25477,-31.64926,South Australia,25k Peg Rest Area,camp_site,,0,,,,
129.38883,-31.63828,South Australia,38k Peg Rest Area,camp_site,,0,,,,
129.43128,-31.63676,South Australia,42k Peg Rest Area,camp_site,,,,,,
129.52915,-31.62076,South Australia,52k Peg Rest Area,camp_site,,0,,,,
129.77666,-31.60628,South Australia,Bunda Cliffs Rest Area;75k Peg Rest Area,camp_site,,0,,,,
129.8343,-31.58741,South Australia,81k Peg Rest Area,camp_site,,0,,,,
129.10007,-31.64844,South Australia,10k Peg Rest Area,camp_site,,0,,,,
133.27542,-31.9407,South Australia,Penong East Rest Area,camp_site,,0,,,,
134.12981,-32.21052,South Australia,Puntabie East Rest Area,camp_site,,0,,,,
134.25344,-32.30478,South Australia,Carawa North Rest Area,camp_site,,0,,,,
130.37214,-31.5831,,133k Peg Rest Area,camp_site,,0,,,,
130.14599,-31.57761,,111k Peg Rest Area,camp_site,,0,,,,
130.69226,-31.53455,South Australia,164k Peg Rest Area,camp_site,,0,,,,
130.61778,-31.55068,South Australia,157k Peg Rest Area,camp_site,,0,,,,
131.61423,-31.40975,South Australia,Yalata West Rest Area,camp_site,,0,,,,
131.26646,-31.36529,South Australia,222k Peg Rest Area,camp_site,,0,,,,
132.09526,-31.66056,South Australia,Kidnippy Rest Area,camp_site,,0,,,,
135.35917,-33.002,South Australia,Wudinna (West) Rest Area,camp_site,free,0,,,,
148.49935,-21.16982,Queensland,Fern Flat,camp_site,,,,,,
149.18876,-25.30526,Queensland,Starkvale Creek Campground - Expedition NP,camp_site,,,,,,
147.20372,-24.80295,Queensland,Nogoa River Campground - Carnarvon NP,camp_site,,,,,,
152.42731,-28.07346,Queensland,Spicer's Gap Campground - Main Range NP,camp_site,,,,,,
145.3657,-16.46191,Queensland,Mossman Showgrounds,camp_site,,,,,,
145.87076,-17.3399,Queensland,The Boulders,camp_site,free,,,,,
145.91194,-18.11861,Queensland,Bilyana Rest Area,camp_site,,1,0,0,0,
145.81583,-18.15306,Queensland,Murray Falls Campground,camp_site,,,,,,
146.47566,-19.08319,,Toomulla Beach,camp_site,free,1,,,0,
147.4017,-19.58011,Queensland,Burdekin Cascades Caravan Park,caravan_site,,,,,,
148.99529,-20.9027,Queensland,Ball Bay Camping Reserve,camp_site,,,,,,
148.86666,-21.16223,Queensland,Mirani Caravan Park,caravan_site,,,,,,
149.46353,-21.91445,,Carmila Beach,camp_site,,,,,,
150.68563,-22.87342,Queensland,Red Rock Campground - Byfield SF,camp_site,,1,0,0,0,
152.57862,-25.32975,Queensland,Burrum River Caravan Park,caravan_site,,,,,,
152.54348,-25.43714,Queensland,Wongi Campground - Wongi SF Rec Area,camp_site,,,,,,
153.03819,-26.773,Queensland,Jowarra Park,camp_site,,,,,,
145.4825,-17.60833,Queensland,Railco Railway Museum,camp_site,paid,1,,1,1,
145.45593,-17.18174,Queensland,Rocky Creek War Memorial Park,camp_site,,,,,,
141.18065,-17.47017,Queensland,Walkers Creek,camp_site,,,,,,
140.20761,-19.94827,Queensland,Monstraven Layby,camp_site,,0,,,,
140.21607,-19.98737,Queensland,Telstra Tower Layby,camp_site,,,,,,
149.42813,-23.66407,Queensland,Bridgewater Creek Rest Area,camp_site,,1,,,0,
145.29413,-23.55143,Queensland,Barcaldine Showgrounds Caravan Park,caravan_site,,,,,,
148.08,-23.62,Queensland,Bull Creek Farmstay,camp_site,,,,,,
141.9226,-21.57799,Queensland,Blue Heeler Caravan Park,caravan_site,,,,,,
143.37409,-21.71451,Queensland,Corfield Rest Area,camp_site,paid,1,0,,1,
143.05873,-22.41224,Queensland,Long Waterhole,camp_site,,,,,,
149.80715,-24.18563,Queensland,Neville Hewitt Weir,camp_site,paid,1,1,0,1,
150.19441,-23.91112,Queensland,Wowan Van Park,caravan_site,,,,,,
139.66332,-22.41079,Queensland,Peak Creek Rest Area,camp_site,,1,0,,0,
152.10901,-27.25441,Queensland,Crows Nest Falls Campground,camp_site,paid,,,,,
152.18773,-27.26106,Queensland,Cressbrook Dam Campground,camp_site,,,,,,
149.97298,-25.19151,Queensland,Isla Gorge Campground - Isla Gorge NP,camp_site,paid,1,,,0,
152.75827,-26.92824,Queensland,Cruice Park,camp_site,free,,,,,
151.9949,-26.30509,Queensland,Yallakool Tourist Park,caravan_site,,,,,,
151.45077,-27.83515,Queensland,Yarramalong Weir,camp_site,free,1,,,0,
151.98831,-28.03564,Queensland,Allora Apex Park,camp_site,,,,,,
144.44096,-24.26048,Queensland,Alternate Camping Site - Wet Weather Only,camp_site,,1,,,1,
152.93411,-28.31976,New South Wales,Andrew Drynan Park,camp_site,paid,1,0,,0,
152.89081,-28.16887,Queensland,Langdon Reserve,camp_site,,,,,,
151.16518,-28.87047,Queensland,Texas Apex Park,camp_site,,,,,,
150.33915,-28.51052,Queensland,Goondiwindi Weir Town Common,camp_site,,,,,,
151.91648,-28.24062,Queensland,Washpool Camping Reserve - Leslie Dam,camp_site,,,,,,
151.94699,-28.18383,Queensland,Sandy Creek Hotel,camp_site,,,,,1,
152.29735,-25.1975,Queensland,Childers CP,caravan_site,,,,,,
152.6612,-25.5666,Queensland,Country Stopover CP,caravan_site,,,,,,
152.68203,-26.45888,Queensland,Imbil Camping Retreat,camp_site,paid,,,,,
153.47219,-28.94034,New South Wales,Sandalwood Van & Leisure Park,caravan_site,,,,,,
144.30652,-37.01789,Victoria,Leanganook Camping Area,camp_site,free,1,,,,
146.70655,-36.66138,Victoria,Nug Nug Reserve,camp_site,,,,,,
147.44544,-42.83265,Tasmania,Barilla Holiday Park,caravan_site,,,,,,
138.17417,-35.64726,South Australia,Cobbler Hill,camp_site,,,,,,
135.8631,-34.6312,South Australia,Port Lincoln Caravan Park,caravan_site,,,,1,,
147.24868,-38.03041,Victoria,,camp_site,,,,,,
150.18525,-35.82492,New South Wales,Tomaga River Tourist Park,caravan_site,paid,,,,,
153.6128,-28.69111,New South Wales,Suffolk Beachfront Holiday Park,camp_site,,1,,,,
118.26309,-34.07102,Western Australia,Borden Rest Area,camp_site,,1,,,0,
152.31248,-28.92692,New South Wales,Crooked Creek Rest Area,camp_site,free,1,0,,0,
151.38919,-29.58397,New South Wales,Kings Plains Creek Camping and Picnic Area,camp_site,,,0,,,
151.39053,-29.5903,New South Wales,Ironbark Camping Area,camp_site,,,0,,,
138.6348,-35.0116,South Australia,Belair National Park Caravan Park,camp_site,,,,,,
146.91736,-36.70485,Victoria,Porepunkah Pines Holiday Park,caravan_site,,,,,,
132.91471,-23.74855,Northern Territory,Bush Camping,camp_site,,,,,,
152.08059,-30.84323,New South Wales,Tin Hut,camp_site,,,,,,
153.61264,-28.66681,New South Wales,Red Devil Camping,camp_site,,,,,,
144.71393,-36.92437,Victoria,Queen's Meadow Caravan Park,caravan_site,,,,,,
151.97062,-30.98372,New South Wales,,camp_site,,,,,,
152.01,-30.97145,New South Wales,Riverside,camp_site,,,,,,
150.55695,-35.1955,New South Wales,Lakeside cabins & holiday village,caravan_site,,,,1,,
152.85028,-25.29091,Queensland,,camp_site,,,,,,
150.55792,-35.20099,New South Wales,Surfside Cudmirrah Beach,caravan_site,paid,1,1,1,,
146.32695,-38.66153,Victoria,Toora Tourist Park,caravan_site,,,,,,
146.45163,-38.69821,,Long Jetty Caravan Park,caravan_site,paid,,1,1,,
147.47379,-36.94339,Victoria,Jokers Flat Camping Area,camp_site,free,1,,,0,
152.93849,-27.23401,Queensland,Murrenbong Scouts Campsite,camp_site,free,,,,,
150.78858,-23.32509,,Keppel Sands Caravan Park,caravan_site,,,,,,
150.77742,-35.05763,New South Wales,Honeymoon Bay Campground,camp_site,,,,,,
138.9203,-35.55999,South Australia,Grannies Hill Campsite,camp_site,,,,,,
146.8986,-36.693,Victoria,Mount Buffalo Caravan Park,caravan_site,,,,,,
146.89599,-36.69393,Victoria,Riverview Caravan Park,caravan_site,,,,,,
138.61395,-35.36179,South Australia,Mount Compass Caravan Park,camp_site,,,,,,
141.60314,-34.2753,Victoria,Tranquil Waters Cullulleraine,camp_site,,1,,1,1,
141.58697,-34.27245,Victoria,Bushmans Rest Caravan Park,caravan_site,,,,1,,
144.28836,-36.8025,Victoria,Koolamurt Scout Camp,camp_site,,,,,,
126.15175,-15.39952,Western Australia,Marunbabidi Wilderness Lodge,camp_site,,,,,,
125.84202,-14.81738,Western Australia,Marunbabidi Wilderness Camp,caravan_site,paid,,,,,
145.12602,-37.02146,Victoria,Highlands Caravan Park,caravan_site,,,,1,,
145.12181,-37.02215,Victoria,Ace Caravan Park,caravan_site,,,,,,
146.8767,-38.52403,Victoria,Woodside Central Caravan Park,caravan_site,,,,,,
149.7402,-35.96853,New South Wales,,camp_site,,,,,,
149.74086,-35.96917,New South Wales,,camp_site,,,,,,
149.74792,-35.95807,New South Wales,,camp_site,,,,,,
149.74079,-35.96601,New South Wales,,camp_site,,,,,,
149.74598,-35.9389,New South Wales,,camp_site,,,,,,
149.74903,-35.94303,New South Wales,,camp_site,,,,,,
149.74479,-35.95412,New South Wales,,camp_site,,,,,,
149.74436,-35.96143,New South Wales,,camp_site,,,,,,
149.74456,-35.94997,New South Wales,,camp_site,,,,,,
149.74372,-35.94506,New South Wales,,camp_site,,,,,,
149.74427,-35.96686,New South Wales,,camp_site,,,,,,
149.74762,-35.95248,New South Wales,,camp_site,,,,,,
149.74783,-35.97124,New South Wales,,camp_site,,,,,,
149.74609,-35.95768,New South Wales,,camp_site,,,,,,
144.31566,-37.71474,Victoria,Lady Northcote Recreation Camp,camp_site,,,,,,
128.29418,-17.52954,Western Australia,Bungle Bungle Wilderness Camp,camp_site,,,,,,
128.74042,-16.1128,Western Australia,Resort Lake Argyle Paradise,camp_site,,,,,,
151.52392,-33.15026,New South Wales,Mecca Caravan Park,caravan_site,,,,,,
146.72903,-36.56888,Victoria,Arderns Caravan Park,caravan_site,paid,,,,,
143.03505,-22.39029,Queensland,Pelican Caravan Park,caravan_site,,1,,1,,
146.86671,-36.11203,Victoria,Wodonga Caravan & Cabin,caravan_site,,,,,,
116.85889,-20.76664,Western Australia,Karratha Caravan Park,caravan_site,,,,,,
150.46271,-23.42475,Queensland,Gracemere Caravan Park,caravan_site,,,,,,
118.6174,-20.30804,Western Australia,McGregor Recreational Field,caravan_site,,,,,,
149.57028,-35.43804,New South Wales,Mulloon Creek Camp Ground,camp_site,,1,,,0,
147.07006,-41.50402,Tasmania,Discovery Holiday Parks – Hadspen,caravan_site,paid,1,1,1,1,
146.95795,-36.0421,New South Wales,Albury Gardens Tourist Park,caravan_site,,,,,,
152.01671,-29.06261,New South Wales,7 Knights Caravan Park,caravan_site,,,,,,
152.01697,-29.06165,New South Wales,Craig's Caravan Park,caravan_site,,,,,,
151.7315,-29.77086,New South Wales,Glen Rest Caravan Park,caravan_site,,,,,,
150.55673,-33.7238,New South Wales,,camp_site,,0,,,0,1
146.25045,-38.17645,Victoria,Moe Gardens Caravan Park,caravan_site,,,,,,
144.92772,-35.51437,New South Wales,Big 4 Deniliquin Holiday Park,camp_site,paid,,,,,0
153.26593,-28.83638,New South Wales,Lismore Lake Caravan Park,caravan_site,,,,,,
141.84997,-36.75792,Victoria,Lower Gums - Centenary Park Campground,camp_site,,1,0,0,0,
141.84811,-36.75978,Victoria,The Pines - Centenary Park Campground,camp_site,,1,0,0,0,
141.84858,-36.75853,Victoria,Upper Gums - Centenary Park Campground,camp_site,,1,0,0,0,
153.52401,-28.86548,New South Wales,Ballina Waterfront Village,caravan_site,,1,,1,1,
153.61407,-28.70583,New South Wales,Broken Head Holiday Park,caravan_site,paid,,,0,,
140.79347,-37.80486,South Australia,Kalganyi Holiday Park,caravan_site,paid,,,,,
142.09814,-34.22877,Victoria,Sunrasia Holiday Park,caravan_site,,,,,,
153.36522,-29.25134,New South Wales,Black Rocks Camping Area,camp_site,paid,,,,0,
153.33655,-29.60729,,Brooms Head Caravan Park,caravan_site,,,,,,
153.35712,-29.41195,New South Wales,Iluka Clarence Head Caravan Park,caravan_site,,,,,,
153.20168,-29.44934,New South Wales,Maclean Riverside Caravan Park,caravan_site,paid,,1,1,,
144.21461,-38.39512,Victoria,Eumeralla Scout Camp,camp_site,,,,,,
149.10329,-22.34796,Queensland,The Homestead @ Lotus Creek,camp_site,paid,1,,1,1,
146.47777,-38.21521,Victoria,Traralgon Park Lane Holiday Park,caravan_site,,,,,,
116.13033,-32.83577,Western Australia,Christmas Brook Confluence,camp_site,,,,,,
145.20333,-36.44146,Victoria,Country Gardens Caravan Park,caravan_site,,,,,,
152.38395,-32.09258,New South Wales,Nabiac Caravan Park,caravan_site,paid,1,,1,1,
152.83249,-31.10306,New South Wales,Kempsey Tourist Village,caravan_site,,,,,,
152.83261,-31.111,New South Wales,Tall Timbers Caravan Park,caravan_site,,,,,,
147.92905,-36.04681,Victoria,Clearwater By The Upper Murray Caravan Park,camp_site,paid,,,,,
134.83704,-32.72,South Australia,Poochera Hotel Caravan Park,camp_site,paid,1,,,1,
153.2911,-29.75536,New South Wales,,camp_site,,,,,,
152.80304,-31.67039,New South Wales,Diamond Waters Caravan Park,caravan_site,,,,,,
153.29147,-29.75669,New South Wales,Illaroo North,camp_site,,,,,,
153.29202,-29.75872,New South Wales,Illaroo South,camp_site,,,,,,
152.79417,-31.73045,New South Wales,Indian Head Camping Area,camp_site,paid,1,0,0,1,
152.79151,-31.73576,New South Wales,Kylie's Beach Campground,camp_site,paid,,,,1,
152.79177,-31.73203,New South Wales,Kylies Hut Walk-In Camping Area,camp_site,paid,1,,,0,
153.01379,-30.63735,,Reflections Nambucca Heads - Holiday Park,camp_site,,,,,,
153.00434,-30.48129,New South Wales,Urunga Waters Tourist Park,caravan_site,,,,,,
153.1041,-26.66083,Queensland,Moroochydore Beach Holiday Park,caravan_site,,,,,,
153.09249,-25.90353,Queensland,Rainbow Beach Holiday Village,caravan_site,,,,,,
153.06027,-25.89799,Queensland,BIG4 Rainbow Beach Holiday Park,caravan_site,,,,,,
146.71308,-35.21996,New South Wales,Lockhart Caravan Park,camp_site,,,,,,
153.54751,-28.53625,New South Wales,Reflections Massy Greene - Holiday Park,camp_site,paid,,,1,,
151.60393,-33.20064,New South Wales,Freemans Camping Area,camp_site,,,,,,
151.5588,-33.19231,New South Wales,Lakeside Leisure Manuafactured Home Village,caravan_site,,,,,,
142.63927,-12.45348,Queensland,Moreton Telegraph Station Camping Ground,camp_site,,,,,,
115.79775,-32.30946,Western Australia,,caravan_site,,,,,,
150.12905,-33.47267,New South Wales,Lithgow Tourist & Van Park,camp_site,paid,,,,,
152.34983,-24.8609,Queensland,Riverdale Caravan Park,camp_site,,,,,,
152.36536,-24.90639,Queensland,Glenlodge Caravan Village,caravan_site,,,,1,,
150.35035,-32.13857,New South Wales,Merriwa Caravan Park,camp_site,,,,,,
116.92946,-35.03901,Western Australia,Peacefull Bay Caravan Park,camp_site,paid,1,,,1,
143.11549,-38.23513,Victoria,Lakes & Craters Holiday Park,caravan_site,,,,,,
114.92292,-29.27008,,Dongara-Denison Beach Holiday Park,caravan_site,,,,,,
144.13332,-35.64285,Victoria,Koondrook Caravan Park,caravan_site,,,,,,
153.04655,-30.46303,New South Wales,Reflections Mylestom - Holiday Park,caravan_site,,,,1,,
153.02014,-30.43923,New South Wales,Bellinger River Tourist Park,camp_site,,,,,,
152.71578,-30.35084,New South Wales,Dorrigo Mountain Holiday Park,camp_site,,,,,,
147.14529,-37.44263,Victoria,Black Snake Creek East Campsite,camp_site,,,,,,
147.14484,-37.44358,Victoria,Black Snake Creek East Campsite,camp_site,,,,,,
147.99788,-37.87726,Victoria,Lakes Haven Caravan Park,caravan_site,,,,,,
148.00146,-37.87473,Victoria,Echo Beach Tourist Park,caravan_site,,,,,,
146.13727,-37.30493,Victoria,,camp_site,,,,,,
152.47163,-28.8269,New South Wales,Emu Creek Retreat,camp_site,,,,,,
146.00257,-38.83695,Victoria,Walkerville Camping Reserve,camp_site,,,,,,
142.99493,-38.61826,Victoria,NRMA Port Campbell Holiday Park,camp_site,paid,1,1,,1,
138.19405,-35.52368,,,camp_site,,,,,,
138.21862,-35.51321,South Australia,,camp_site,,,,,,
153.3878,-27.98387,Queensland,Ashmore Palms Holiday Village,caravan_site,,,,,,
153.40754,-27.95432,Queensland,Southport Tourist Park,caravan_site,,,,,,
150.29221,-33.63468,New South Wales,Blackheath Glen Tourist Park,caravan_site,paid,1,,1,1,
146.67631,-41.9806,Tasmania,Great Lake Caravan Park,caravan_site,,,,,,
152.29234,-24.85234,Queensland,Oakwood Caravan Park,caravan_site,,,,0,,
147.97402,-43.11903,,Bivouac Bay,camp_site,,,,,,1
146.97131,-36.73095,Victoria,Bright Pine Valley Tourist Park,caravan_site,paid,,,1,,
146.73039,-42.53593,Tasmania,Bethune Park,camp_site,,,,,,
152.40849,-24.76324,,Lighthouse Caravan Park,caravan_site,,,,,,
152.41317,-24.77034,,Oaks Beach Caravan Park,caravan_site,,,,,,
152.49114,-24.92021,,Elliott Heads Holiday Park,caravan_site,,,,1,,
150.86642,-32.04257,New South Wales,Scone Caravan Park,camp_site,paid,1,,,1,
152.47202,-24.83397,,Absolute Waterfront Tourist Park,caravan_site,,,,,,
152.56628,-25.11135,Queensland,NRMA Woodgate Beach Holiday Park,caravan_site,,,,,,
145.83083,-38.42669,Victoria,Korumburra Tourist Park,caravan_site,paid,1,1,1,,
152.3279,-24.87869,Queensland,Midtown Caravan Park,caravan_site,,,,,,
152.31555,-24.89051,Queensland,Cane Village Holiday Park,caravan_site,,,,,,
121.32826,-28.8857,Western Australia,,caravan_site,paid,,,,,
138.53009,-18.69027,Queensland,Adels Grove,caravan_site,,,,,,
122.92884,-16.39479,Western Australia,Kooljaman at Cape Leveque,camp_site,,,,,,
122.57596,-16.77345,Western Australia,Middle Lagoon,camp_site,,,,,,
152.45606,-24.89937,Queensland,,caravan_site,,,,,,
152.27882,-24.71641,Queensland,Moore Park Beach Holiday Park,caravan_site,,,,,,
151.23124,-33.1042,New South Wales,The Basin Camping Area,camp_site,,1,,,0,
153.59157,-28.64016,New South Wales,Belongil Fields Caravan Park,caravan_site,,,,,,
153.59445,-28.63549,New South Wales,Discovery Parks Byron Bay,caravan_site,,,,,,
144.69095,-37.41553,Victoria,Cub Camping Area,camp_site,,,,,,
144.69108,-37.41556,Victoria,Cub Camping Area,camp_site,,,,,,
144.69127,-37.41545,Victoria,Cub Camping Area,camp_site,,,,,,
146.41233,-34.56651,New South Wales,Leeton Caravan Park,caravan_site,,,,,,
146.42408,-34.56584,New South Wales,An Oasis Holiday Park,camp_site,,,,,,
147.83974,-31.69451,New South Wales,Macquarie Caravan Park,camp_site,,,,,,
147.20848,-31.56598,New South Wales,Nyngan Leisure and Van Park,camp_site,,,,,,
147.18056,-31.55819,New South Wales,Nyngan Riverside Tourist Park,camp_site,,,,,,
141.91847,-34.11062,New South Wales,Wanderers Crossing River Retreat,camp_site,paid,1,,,1,
146.04632,-34.297,New South Wales,Griffith Tourist Caravan Park,caravan_site,,,,1,,
150.22992,-33.78964,New South Wales,Dunphys Campground,camp_site,free,1,,,0,
153.40196,-28.3441,New South Wales,Greenhills Caravan Park,caravan_site,,,,1,,
147.19794,-33.92301,New South Wales,Ace Caravan Park,caravan_site,,,,,,
147.21076,-33.92458,New South Wales,West Wyalong Caravan Park,caravan_site,,,,,,
148.18532,-32.72932,New South Wales,Double D Caravan Park,camp_site,paid,,,,,
148.19074,-32.72073,New South Wales,Peak Hill Caravan Park,camp_site,paid,,,,,
149.78456,-30.33061,New South Wales,Narrabri Big Sky Caravan Park,camp_site,,,,,,
145.84208,-38.12125,Victoria,El Paso Caravan Park,caravan_site,paid,,,,,
149.84889,-29.48605,New South Wales,Gwydir Motel & Caravan Park,camp_site,paid,1,1,1,1,
151.13739,-29.78594,New South Wales,Fossickers Rest Caravan Park,camp_site,paid,,,1,,
151.73627,-29.74422,New South Wales,Fossicker Caravan Park,caravan_site,paid,1,1,1,,
151.73879,-29.72733,New South Wales,Blue Sapphire Caravan Park,camp_site,,,1,1,1,
151.73676,-29.75243,New South Wales,The Poplar Caravan Park,caravan_site,,,,,,
153.06233,-28.86214,New South Wales,Discovery Parks - Casino,caravan_site,,,,1,,
153.28287,-28.80791,New South Wales,Lismore Tourist Caravan Park,caravan_site,,,,,,
115.68847,-31.54488,Western Australia,Henry White Oval,camp_site,,,,,,
152.81605,-31.64734,New South Wales,Dunbogan Caravan Park,caravan_site,,,,,,
153.13585,-30.29369,New South Wales,Big 4 Park Beach Holiday Park,caravan_site,,,,1,,
131.72596,-12.48346,Northern Territory,Shady Camp Camp Site,camp_site,,,,,,
143.71325,-38.72467,,Skenes Creek Beachfront Park,camp_site,paid,,,,,
151.73639,-32.78051,New South Wales,Bellhaven Caravan Park,caravan_site,,,,,,
151.72258,-32.79203,New South Wales,Heatherbrae Holiday Village,caravan_site,,,,,,
116.02612,-34.83641,Western Australia,Windy Harbour Camping Ground,camp_site,,,,,,
150.68354,-31.51081,New South Wales,Quirindi Caravan Park,camp_site,,,,,,
141.70548,-34.90971,Victoria,Mount Crozier Camping Area,camp_site,,,,,,
141.83159,-34.63814,Victoria,Rocket Lake Camping Area,camp_site,,,,,,
143.56522,-34.64416,New South Wales,Balranald Caravan Park,camp_site,paid,1,,1,1,
142.00901,-29.43399,New South Wales,Granites Motel Caravan Park,caravan_site,,,,,,
141.43656,-31.96152,New South Wales,Broken Hill Tourist Park,caravan_site,,,,,,
143.51382,-38.83485,Victoria,Bimbi Park,camp_site,paid,,,1,,
148.46965,-31.33113,New South Wales,Gulargambone Caravan Park,caravan_site,paid,,,1,,
147.99566,-29.4258,New South Wales,BIG4 Opal Holiday Park,caravan_site,,,,1,,
147.9821,-29.42868,New South Wales,Lightning Ridge Caravan Park,caravan_site,,,,,,
147.97279,-29.42871,New South Wales,Lightning Ridge Outback Resort Caravan Park,caravan_site,,,,,,
147.97487,-29.42887,New South Wales,Crocodile Caravan & Camping Park,camp_site,,,,,,
119.29708,-27.99018,Western Australia,Alice Atkinson Sandstone Caravan Park,caravan_site,paid,,,,,
150.53809,-34.73706,New South Wales,Glenmack Caravan Park,caravan_site,,,,,,
149.41061,-35.2433,New South Wales,Bungendore Showground,camp_site,paid,1,,1,1,
150.29633,-34.6685,New South Wales,Gambells Rest Campground,camp_site,paid,1,,,1,
148.59637,-32.24565,New South Wales,NRMA Dubbo City Holiday Park,caravan_site,,,,1,,
148.59872,-32.25138,New South Wales,Western Plains Tourist Park,caravan_site,,,,,,
153.11104,-27.59099,Queensland,Brisbane Gateway Resort,caravan_site,,,,1,,
149.9301,-36.8875,,NRMA Merimbula Beach Holiday Resort,caravan_site,,,,,,
150.13114,-36.08208,New South Wales,,camp_site,,,,,,
150.08022,-35.90453,New South Wales,Moruya Holiday Park,camp_site,paid,1,,,1,
142.03349,-37.74312,Victoria,Lake Hamilton Caravan Park,caravan_site,,,,,,
153.18873,-28.04971,Queensland,Sharp Park Camping Ground,caravan_site,paid,1,1,,0,
150.19314,-35.71805,,Batemans Bay Marina Resort,caravan_site,,,,,,
150.19658,-35.72698,,NRMA Batemans Bay Holiday Resort,caravan_site,,,,,,
150.18227,-35.70325,,BIG4 Batemans Bay At East's Riverside Holiday Park,caravan_site,paid,,,,,
138.62109,-33.86508,South Australia,Discovery Parks - Clare,camp_site,paid,,,,,
150.69476,-34.77953,New South Wales,Berry Showground,camp_site,,,,,,
145.36698,-38.52494,,San Remo Beachfront Caravan Park,caravan_site,,,,1,,
138.83784,-34.62915,South Australia,Hebron Christadelphian Bible Camp (Private),camp_site,free,,,,,
145.53476,-41.77707,Tasmania,Rosebery Caravan Park,caravan_site,,,,,,
152.2645,-25.23566,Queensland,Sugar Bowl Tourist Park & Backpackers,caravan_site,,,,,,
152.2645,-25.23566,Queensland,,caravan_site,,,,,,
152.20045,-24.66782,Queensland,Miara Holiday Park,caravan_site,,,,,,
138.42275,-30.55603,South Australia,Copley Caravan Park,caravan_site,,,,,,
147.91517,-42.50897,Tasmania,Triabunna Takeaway Campground,camp_site,paid,,,,,
151.49319,-33.25246,New South Wales,Oasis Caravan Park,caravan_site,,,,,,
149.57854,-28.72508,New South Wales,Boomi Co-Op Caravan Park,camp_site,paid,1,,1,1,
153.13237,-28.22951,Queensland,,camp_site,,,,,,
150.79922,-34.21892,New South Wales,,camp_site,,,,,,
138.51937,-35.22167,South Australia,Tatachilla Lutheran Camp,camp_site,,,,,,
150.00142,-36.66007,New South Wales,Gillard's Campground,camp_site,,,,,,
150.01299,-36.64397,New South Wales,Middle Beach,camp_site,,,,,,
148.14025,-37.77414,Victoria,,camp_site,,,,,,
152.28831,-25.23849,Queensland,Childers Central Caravan Park,caravan_site,,,,,,
150.12402,-36.12946,New South Wales,Brou Lake Campground,camp_site,paid,1,,,0,
144.1979,-37.59154,Victoria,Phoenix Park,caravan_site,paid,1,1,1,,
113.77298,-23.14282,Western Australia,Ningaloo Coral Bay - Bayview,caravan_site,,,,1,,
119.37434,-34.42643,Western Australia,Bremer Bay Beaches Resort Tourist Park,caravan_site,,,,1,,
152.998,-30.65011,New South Wales,Foreshore Caravan Park,caravan_site,paid,1,1,1,,
151.33712,-33.06141,New South Wales,Turpentine Camping Area,camp_site,,1,,,0,
146.06641,-37.18717,Victoria,Goughs Bay Caravan Park,caravan_site,,,,,,
114.773,-28.98497,Western Australia,S-Bend Caravan Park,caravan_site,,,,,,
114.43093,-28.38036,,Horrocks Beach Caravan Park,caravan_site,,,,1,,
152.59288,-31.96832,New South Wales,,camp_site,,,,,,
114.25214,-28.18826,,Port Gregory Caravan Park,caravan_site,,,,1,,
114.16833,-27.70815,Western Australia,Tasman Holiday Park,camp_site,,1,1,1,1,
114.61468,-26.81771,Western Australia,Billabong Homestead Hotel Motel,caravan_site,paid,,,1,,
121.86973,-33.85737,Western Australia,Pink Lake Tourist Park,caravan_site,,,,1,,
122.11975,-33.97793,Western Australia,Cape Le Grand Campground (Cape Le Grand Beach),camp_site,paid,,,,,
113.53775,-25.92862,Western Australia,Blue Dolphin Caravan Park and Holiday Village,caravan_site,,,,1,,
113.53808,-25.925,Western Australia,Shark Bay Caravan Park,caravan_site,paid,1,1,1,,
113.80588,-26.25503,Western Australia,Nanga Bay Resort,caravan_site,,,,1,,
153.00509,-30.60425,New South Wales,Valla Beach Holiday Park,caravan_site,,,,,,
153.01182,-30.62893,,Tasman Holiday Parks - Nambucca Heads,caravan_site,paid,,,,,
153.29139,-29.81994,,Boorkoom Campground,camp_site,,,,,,
153.35924,-29.5253,,Shelley Head Campground,camp_site,,,,,,
149.90469,-37.05463,New South Wales,Garden of Eden Caravan Park,camp_site,paid,,,1,1,
149.87588,-36.90754,New South Wales,Merimbula Lake Holiday Park,caravan_site,,,,,,
150.44679,-35.32897,New South Wales,SeaChange Parks Milton - Milton Valley Holiday Park,caravan_site,,,,,,
150.46531,-35.34092,New South Wales,Mollymook Caravan Park,caravan_site,,,,,,
116.65307,-35.04486,Western Australia,Peppermints campsite,camp_site,free,,,,,1
150.09581,-36.15086,New South Wales,Bodalla Forest Park Rest Area,camp_site,free,1,,,0,
143.95966,-38.55025,Victoria,Allenvale Mill Camp Site,camp_site,,,,,,
114.16581,-26.40048,Western Australia,Hamelin Pool Caravan Park,caravan_site,,,,,,
139.30178,-35.13427,South Australia,Murray Bridge Marina Camping and Caravan Park,caravan_site,,,,,,
143.89611,-38.48896,Victoria,Herberts Camping Area,camp_site,,,,,,
114.91793,-29.27861,,Dongara-Denison Tourist Park,caravan_site,paid,,,1,,
114.99483,-33.9807,Western Australia,Prevelly Caravan Park,caravan_site,paid,1,1,1,1,
143.89051,-37.41798,Victoria,Creswick Caravan Park and Camping Ground,caravan_site,,,,,,
114.9249,-29.26813,Western Australia,Leander Reef Holiday Park,caravan_site,,,,,,
152.83734,-31.58612,New South Wales,Ingenia Holidays Bonny Hills,caravan_site,paid,,,1,,
152.84033,-31.59133,New South Wales,Reflections Bonny Hills - Holiday Park,camp_site,,,,,,
153.10324,-26.66631,Queensland,Alex Beach Cabins and Tourist Park,caravan_site,paid,1,1,1,,
149.75158,-34.74789,New South Wales,Governor's Hill Carapark,caravan_site,paid,1,,,1,
115.89171,-29.68553,Western Australia,Carnamah Caravan Park,caravan_site,,,,,,
116.01683,-29.8804,Western Australia,Coorow Caravan Park,caravan_site,paid,,,1,,
148.89332,-37.4042,Victoria,Ada River,camp_site,,,,,,
146.41268,-37.74862,Victoria,Jorgenson Flat,camp_site,,,,,,
145.39329,-36.40578,Victoria,Riverside Cabin Park,caravan_site,,,,,,
149.73533,-35.94422,New South Wales,,camp_site,,,,,,
116.77269,-30.59502,Western Australia,Ballidu Caravan Park,camp_site,paid,1,,1,1,
116.9241,-32.10803,Western Australia,Beverley Caravan Park,camp_site,paid,1,,1,1,
153.12284,-26.68268,,Mooloolaba Beach Holiday Park,caravan_site,,,,,,
153.35928,-29.43451,New South Wales,Calypso,caravan_site,paid,1,1,1,1,
153.33746,-27.99371,Queensland,Nerang Caravan Park,caravan_site,,,,,,
147.25471,-37.47181,Victoria,Dargo River Inn,camp_site,,,,,,
148.04793,-42.65113,Tasmania,Frenchs Farm,camp_site,,,,,0,1
148.03714,-42.66332,Tasmania,Encampment Cove Campsite,camp_site,,,,,0,1
152.74179,-31.84286,New South Wales,Crowdy Bay Eco Resort,camp_site,,,,,,
145.42125,-36.37832,Victoria,Strayleaves Caravan Park,caravan_site,,,,,,
145.25402,-37.9392,Victoria,Heany Park Scout & Guide Camp,camp_site,,,,,,
119.02891,-33.09156,Western Australia,Newdegate Motel & Caravan Park,camp_site,paid,1,,1,1,
153.12482,-26.80545,Queensland,BIG4 Caloundra Holiday Park,caravan_site,,,,1,,
150.37994,-35.55489,New South Wales,Kioloa Beach Holiday Park,caravan_site,paid,1,,1,,
117.62283,-32.59507,Western Australia,Lake Yealering Caravan Park,caravan_site,,,,,,
145.68454,-38.64835,Victoria,RACV Inverloch Resort,caravan_site,,,,,,
148.02173,-34.6385,New South Wales,Cootamundra Caravan Park,caravan_site,,,,,,
152.71581,-28.65964,New South Wales,Peacock Creek Camping Area,camp_site,free,,,,,
153.36648,-27.88274,Queensland,,caravan_site,,,,0,,
145.82141,-41.03557,,Somerset Gardens and Tourist Park,caravan_site,,,,,,
150.13601,-35.64442,New South Wales,BIG4 Nelligen Holiday Park,caravan_site,,,,,,
146.07621,-34.29595,New South Wales,Griffith Caravan Village,caravan_site,,,,,,
144.84397,-34.51867,New South Wales,BIG4 Hay Plains Holiday Park,caravan_site,,,,,,
153.11819,-26.83358,Queensland,,caravan_site,,,,,,
117.86268,-32.93577,Western Australia,Harrismith Caravan Park,camp_site,paid,1,,1,1,
151.37499,-33.50889,New South Wales,Samaldo Caravan Park,caravan_site,,,,,,
150.38813,-34.9179,New South Wales,,camp_site,,,,,,
150.38464,-34.92261,New South Wales,Yalwal Campground,camp_site,free,,,,,
150.18958,-34.71591,New South Wales,Wingello State Forest Camping Area,camp_site,free,1,,,0,
149.89101,-35.24617,New South Wales,Charleyong Crossing,camp_site,free,,,,,
149.68308,-35.79483,New South Wales,Wyanbene Caves,camp_site,free,,,,,
148.68544,-33.83526,New South Wales,Cowra Van Park,camp_site,,,,,,
148.00774,-40.09422,Tasmania,Flinders Island Cabin Park,caravan_site,,,,,,
151.5771,-33.0669,New South Wales,Summerhill Park,caravan_site,,,,,,
116.88233,-33.03217,Western Australia,Shady Acre Caravan Park,caravan_site,,,,,,
144.7525,-41.33203,Tasmania,Greenes Creek PWS Camping Area,camp_site,,,,,,
153.25675,-29.94535,,Pebbly Beach Camp Ground,camp_site,,,,,,
145.54557,-17.17097,Queensland,Lake Tinaroo Holiday Parks,caravan_site,paid,,,,,
151.47716,-33.09952,New South Wales,Lake Macquarie Village,caravan_site,,,,,,
148.67089,-31.7142,New South Wales,Gilgandra Caravan Park,caravan_site,paid,1,1,1,1,
145.95073,-30.09025,New South Wales,Mitchell Caravan Park,camp_site,,1,,,1,
152.46854,-31.93781,New South Wales,Twilight Caravan Park,caravan_site,,,,,,
138.32928,-35.43273,South Australia,Revival Fellowship Camp Site,camp_site,,,,,,
126.3809,-15.70162,Western Australia,,camp_site,,,,,,
151.90526,-28.6969,Queensland,Stanthorpe Holiday Park,caravan_site,,,,1,,
152.4729,-32.01058,New South Wales,Rainbow Flat Caravan Park,caravan_site,,,,,,
144.46035,-20.3451,Queensland,Porcupine Gorge Campground,camp_site,paid,,,,,
144.24221,-23.44606,Queensland,Longreach Caravan Park,caravan_site,,,,,,
139.61718,-34.35422,South Australia,,caravan_site,,,,,,
152.59199,-31.87681,New South Wales,Riverside Caravan Park,camp_site,,,,,,
143.14641,-20.73477,Queensland,Lakeview Caravan Park,camp_site,paid,1,,1,1,
141.63421,-38.12407,Victoria,Pinewood Caravan Park,caravan_site,,,,,,
145.76054,-37.37979,Victoria,Cooks Mill Campground - Cathedral Range State Park,camp_site,paid,,,,,
145.86285,-37.32516,Victoria,Tin Hut Camping Area,camp_site,,,,,,
145.79924,-37.25371,Victoria,Thornton Caravan Park,caravan_site,,,,,,
146.98225,-41.02995,Tasmania,Tent Lines,camp_site,,,,,,
150.85696,-33.84269,New South Wales,,camp_site,,,,,,
150.8582,-33.84786,New South Wales,Sydney International Equestrian Centre Campsite,camp_site,paid,1,,,1,
151.49135,-31.87898,New South Wales,Manning River Camping Area,camp_site,free,,,,,
145.60889,-37.77145,Victoria,Doon Reserve Caravan Park,caravan_site,,,,,,
130.91699,-12.43641,Northern Territory,Hidden Valley Tourist Park,caravan_site,,,,,,
149.28712,-35.2887,Australian Capital Territory,Old Kowen Homestead Camping Area,camp_site,,,,,,
152.0728,-32.77118,New South Wales,Birubi Sands,caravan_site,,,,,,
153.34157,-29.43936,New South Wales,Yamba Waters Caravan Park,caravan_site,,,,,,
152.97527,-30.679,New South Wales,Pelican Caravan Park,caravan_site,,,,,,
152.91481,-29.69479,New South Wales,Grafton Sunset Caravan Park,caravan_site,paid,,1,1,,
146.70759,-36.3689,Victoria,Beechworth Holiday Park,caravan_site,,,,,,
151.72602,-30.67244,New South Wales,Dangars Gorge Campground,camp_site,free,1,,,0,
152.06996,-32.71158,New South Wales,Active Holidays BIG4 Soldiers Point,caravan_site,paid,,,,,
148.41393,-37.08206,Victoria,,camp_site,,,,,,
151.69805,-32.82025,New South Wales,Tomago Village Van Park,caravan_site,,,,,,
148.75046,-37.79467,Victoria,Wilderness Retreats,camp_site,,,,,,
148.75306,-37.79403,Victoria,Conran Cabins,camp_site,,,,,,
143.78714,-37.2925,Victoria,Clunes Caravan Park,caravan_site,,,,,,
151.54851,-33.2817,New South Wales,Heritage Village Toukley,caravan_site,,,,,,
113.82293,-22.97642,Western Australia,Murlanda Campground,camp_site,,,,,,
147.24667,-43.43762,Tasmania,The Pines Campground,camp_site,free,,,,0,
136.06849,-32.43869,South Australia,Mount Ive Station,camp_site,,,,,,
135.36717,-31.47252,South Australia,,camp_site,,,,,,
135.34457,-31.34227,South Australia,Shady sites,camp_site,,,,,,
142.95065,-37.27043,Victoria,Pyrenees Caravan Park,caravan_site,,,,,,
152.89362,-27.37539,Queensland,Baden Powell Park Scout Campsight,camp_site,paid,,,,,
148.00831,-35.77243,New South Wales,Tumbarumba Caravan Park,camp_site,paid,1,,1,1,
152.71543,-30.32182,New South Wales,Dangar Falls Lodge,camp_site,paid,,,,,
151.34992,-33.4051,New South Wales,Wyoming Caravan Park,caravan_site,,,,,,
119.23736,-25.57925,Western Australia,Gascoyne River (South Branch) / Doolgunna,camp_site,,,,,,
153.18724,-28.19816,Queensland,Binna Burra Mountain Lodge Campsite,camp_site,paid,,,,,
152.68843,-25.5422,Queensland,Wallace Motel & Caravan Park Maryborough,caravan_site,,,,1,,
145.12925,-37.41906,Victoria,Blairs Hut Picnic Area,camp_site,,,,,,
145.45413,-17.03316,Queensland,Ringers Rest RV Park,camp_site,paid,1,,,,
142.76248,-23.24558,Queensland,Opalton Bush Park,camp_site,paid,,,,,
125.33236,-25.54925,Western Australia,,camp_site,,,,,,
124.6637,-25.17465,Western Australia,,camp_site,,,,,,
148.7977,-26.57521,Queensland,Roma Aussie Tourist Park,caravan_site,,,,,,
150.74189,-23.13012,Queensland,Maine Caravan Park,caravan_site,,,,,,
152.37569,-28.68887,New South Wales,Clarence River Wilderness Lodge,camp_site,,,,,,
150.82465,-23.25401,,Bell Park Caravan Park,caravan_site,,,,,,
150.79193,-23.21736,Queensland,Island View Caravan Park,caravan_site,,,,,,
150.78891,-23.18488,,NRMA Capricorn Yeppoon Holiday Park,caravan_site,,,,,,
150.78576,-23.20581,Queensland,Coolwater Holiday Park,caravan_site,,,,,,
150.7872,-23.19786,Queensland,Causeway Caravan Park,caravan_site,,,,,,
136.81419,-29.40122,South Australia,Coward Springs,caravan_site,,,,,,
152.4438,-24.80006,Queensland,Turtle Sands Caravan Park,caravan_site,,,,,,
153.18715,-28.0491,Queensland,River Bend Camping Ground,caravan_site,paid,1,1,0,0,
153.11678,-28.10908,Queensland,Spring Gully Stays,camp_site,,,,1,,
152.78022,-28.19796,Queensland,Bigriggen Camping & Caravan Park,caravan_site,paid,1,1,1,1,
152.76517,-28.21487,Queensland,Flanagan Reserve Bush Camping,camp_site,paid,,,0,1,
152.72173,-26.30445,Queensland,Cooloola Cabins & Caravan Park,caravan_site,,,,,,
140.17524,-33.70413,South Australia,Bellbird Campsite,camp_site,,,,,,
140.12319,-33.76138,South Australia,Thomas S J Myers Campsite,camp_site,,,,,,
140.1533,-33.75993,South Australia,Babbler Campsite,camp_site,,,,,,
140.03273,-33.74448,South Australia,Sitella Campsite,camp_site,,,,,,
150.9378,-31.10022,New South Wales,Paradise Bridge Tourist Park,caravan_site,,,,,,
145.53266,-35.81234,Victoria,Ingenia Holiday Parks Murray Bend,caravan_site,,,,,,
148.50558,-21.16742,Queensland,Broken River Bush Camp,camp_site,,,,,,
153.31892,-28.13674,Queensland,Mt Nimmel Lodge Campground,caravan_site,paid,,,1,,
152.76829,-26.94566,Queensland,Woodford Showgrounds,camp_site,,,,,,
152.00654,-29.0535,New South Wales,Tenterfield Lodge Caravan Park,caravan_site,,,,,,
143.97213,-38.53455,Victoria,Lorne Foreshore Caravan Park - Kia Ora,caravan_site,,,,,,
150.17807,-35.71676,New South Wales,,caravan_site,,,,,,
150.20128,-35.73206,,,caravan_site,paid,,,,,
150.18365,-35.70269,New South Wales,Rio Rita Caravan Park,caravan_site,paid,,,,,
128.88188,-31.67838,Western Australia,Eucla Pass Caravan Park,camp_site,paid,1,,1,1,
152.5515,-29.57748,New South Wales,Mann River Caravan Park,caravan_site,,,,1,,
153.32367,-28.38902,New South Wales,Mount Warning Holiday Park,caravan_site,,,,,,
148.09783,-24.12412,Queensland,Springsure Roadhouse and Caravan Park,camp_site,paid,1,,1,1,
147.69786,-23.41866,Queensland,Rubyvale Caravan Park,camp_site,,,,,,
138.92178,-35.49241,South Australia,Clayton Bay Riverside Holiday Park,camp_site,,,,,,
114.00312,-22.49534,Western Australia,Free night park,camp_site,free,,,,,
148.26352,-41.45104,Tasmania,Scamander Kookaburra Caravan Park,caravan_site,,,,,,
153.37171,-27.89677,Queensland,Lakeview Caravan Park,caravan_site,,,,,,
146.65255,-41.52754,Tasmania,Deloraine Apex Caravan Park,caravan_site,,,,,,
152.07269,-32.71818,New South Wales,Salamander Bay Village,caravan_site,,,,,,
153.07196,-25.81901,Queensland,SS Dorrigo,camp_site,,,,,,
153.0685,-25.81406,Queensland,MV Natone,camp_site,,,,,,
153.06324,-25.81002,,MV Beagle,camp_site,,,,,,
153.05969,-25.80986,,MV Sarawak,camp_site,paid,,,,,
146.61281,-36.15203,Victoria,,caravan_site,,,,,,
136.80865,-35.95985,South Australia,Western KI Caravan Park,caravan_site,,,,,,
152.69096,-28.28184,Queensland,Rum Jungle,camp_site,paid,,,,,
150.45788,-34.44615,New South Wales,Mittagong Holiday Park,caravan_site,paid,,,1,,
152.60835,-25.18551,Queensland,Hillcrest Holiday Park,caravan_site,,,,1,,
147.99526,-37.87666,Victoria,Road Nite Caravan Park,caravan_site,,,,,,
113.71609,-25.79414,Western Australia,Monkey Mia Caravan Park,caravan_site,paid,1,1,1,1,
152.6679,-28.20494,Queensland,Waterfall Creek Reserve,camp_site,paid,,,,,
145.99019,-16.92914,,Fitzroy Island Campsite,camp_site,,,,,,1
144.24977,-37.11241,Victoria,2nd Castlemaine Scout Camp,camp_site,,,,,,
138.61272,-35.56038,South Australia,Unpowered,camp_site,,,,,,
146.00733,-36.54245,Victoria,Benalla Leisure Park,caravan_site,,,,,,
150.88527,-32.26736,New South Wales,Riverside Cabin and Van Park,caravan_site,,,,,,
149.92648,-34.07843,New South Wales,Mount Werong Campground,camp_site,free,,,,,
132.89038,-12.09222,Northern Territory,Wulwunj,camp_site,,,,,,
140.37206,-37.61136,South Australia,Hillview Caravan Park,caravan_site,,,,,,
152.68542,-25.54513,Queensland,Huntsville Caravan Park,caravan_site,paid,,,1,,
153.16558,-28.29096,New South Wales,Rat-A-Tat remote bush camp,camp_site,paid,0,0,0,0,1
132.17244,-11.13103,Northern Territory,Campround 1 (No Generators),camp_site,,,,,,
153.04055,-28.18517,Queensland,Darlington Park Camping Ground,camp_site,paid,,,,,
153.00464,-30.65974,,First Bay Camping Area,camp_site,,,,,,
152.99895,-30.66903,New South Wales,Second Bay Camping Area,camp_site,,,,,,
147.96774,-43.1427,Tasmania,Mill Creek Campsite,camp_site,,,,,1,
146.34993,-43.03063,Tasmania,Edgar Campground,camp_site,,,,,,
145.75704,-37.44754,Victoria,Keppel Creek Camping Area,camp_site,free,,,,,
152.84032,-28.15761,Queensland,Camp Site 4,camp_site,,,,,,
152.83959,-28.1559,Queensland,Camp site 7,camp_site,,,,,,
152.84035,-28.15614,Queensland,Camp Site 6,camp_site,,,,,,
152.84364,-28.15601,Queensland,Camp Site 8,camp_site,,,,,,
152.83675,-28.16688,Queensland,Camp Site 13,camp_site,,,,,,
152.83638,-28.1675,Queensland,Camp Site 14,camp_site,,,,,,
146.1485,-18.95646,Queensland,Lake Paluma Camp Site,camp_site,,,,,,
146.1504,-18.95582,Queensland,Lake Paluma Camp Site,camp_site,,,,,,
151.37652,-23.95535,Queensland,Discovery Parks Tannum Sands,caravan_site,,,,,,
152.84078,-28.16665,Queensland,Camp Site 1,camp_site,,,,,,
152.83978,-28.15874,Queensland,Camp Site 2,camp_site,,,,,,
152.84892,-28.15164,Queensland,Camp Site 10,camp_site,,,,,,
136.92354,-31.37933,South Australia,Island Lagoon Lookout,camp_site,free,,,,,
146.95225,-36.04147,New South Wales,Albury Holiday Park,caravan_site,,,,,,
150.04519,-30.70832,New South Wales,Boggabri Caravan Park,caravan_site,,1,,1,1,
139.51579,-20.72212,Queensland,Discovery Holiday Parks - Argylla (BIG4),caravan_site,paid,,,1,,
138.18596,-32.82369,South Australia,Melrose Campground,camp_site,paid,1,,,1,
147.25224,-37.40168,Victoria,Two Mile Creek,camp_site,,,,,,
113.45239,-24.0279,Western Australia,Red Bluff Campsite,camp_site,paid,1,,,,
114.00969,-23.81723,Western Australia,Minilya,camp_site,free,,0,,,
116.03733,-22.46442,Western Australia,House Creek Bridge,camp_site,free,1,,,,
117.89593,-22.67714,Western Australia,RIP Lookout,camp_site,free,0,,,,
117.83579,-20.83948,Western Australia,Whim Creek Free Campsite,camp_site,free,1,,,,
118.0681,-20.84743,Western Australia,"West Peawah River Rest Area, 24 hour stopping",camp_site,free,1,0,,0,
147.28751,-37.38173,Victoria,The Farm;Private Property,camp_site,,,,,,
152.68297,-31.87146,New South Wales,Oxyley Anchorage Caravan Park,caravan_site,,,,,,
134.91989,-23.03889,Northern Territory,Spotted Tiger Campground,camp_site,,,,,,
145.42888,-17.13306,Queensland,Walkamin Central Van Park,caravan_site,,,,,,
150.66719,-35.1608,,Cave Beach Camping Area,camp_site,,,,,,
153.41138,-27.95681,Queensland,Broadwater Caravan Park,caravan_site,,,,1,,
150.17424,-35.85725,,BIG4 Ingenia Holidays Broulee,caravan_site,,,,,,
147.03807,-36.10465,Victoria,Lake Hume Tourist Park,caravan_site,,,,,,
152.52018,-32.37672,New South Wales,Bushland Holiday Park,camp_site,paid,1,1,1,1,
133.08681,-24.12591,Northern Territory,Wallace Rockhole Tourist Park,camp_site,,1,,,1,
129.06166,-24.86564,Northern Territory,Kaltukatjara Campground,camp_site,,,,,,
150.90698,-34.39057,New South Wales,Wollongong Surf Leisure Resort,caravan_site,,,,,,
144.70468,-36.36144,Victoria,Rochester Riverside Holiday Park,caravan_site,,,,,,
144.73002,-36.11423,New South Wales,Merool on the Murray,caravan_site,,,,,,
152.51303,-31.24593,New South Wales,Wild Bull Camping Area,camp_site,,,,,,
152.99905,-26.25381,Queensland,Habitat Noosa Everglades EcoCamp,camp_site,,,,,,
153.04529,-26.63605,Queensland,Ingenia Holidays Rivershore,caravan_site,,,,,,
152.69577,-31.86959,New South Wales,Harrington Beach Holiday Park,camp_site,,,,,,
152.36286,-30.76309,New South Wales,Blackbird Flat Camping Ground,camp_site,,,,,,
152.55088,-28.0449,Queensland,Lake Moorgerah Caravan Park,camp_site,paid,,,,,
144.26784,-37.81683,Victoria,Little River Walk-in Camping Area,camp_site,free,,,,,
121.57834,-31.49577,Western Australia,Widgiemooltha Tavern & Roadhouse,camp_site,paid,1,,1,1,
153.5658,-28.39014,,Pottsville South Holiday Park,camp_site,,,,,,
141.84095,-37.24636,Victoria,,camp_site,,,,,,
147.35282,-37.59148,Victoria,Angusvale Camp Ground,camp_site,,,,,,
148.00462,-37.87603,Victoria,Koonawarra Family Holiday Park,caravan_site,paid,,,,,
131.24576,-14.00559,Northern Territory,,camp_site,,,,,,
150.05635,-33.97107,New South Wales,Boyd River Camping Area,camp_site,paid,,,,,
149.65823,-34.09753,New South Wales,The Sink campground,camp_site,,,,,,
149.63521,-34.12932,New South Wales,The Beach campground,camp_site,,,,,,
149.67826,-34.15797,New South Wales,Silent Creek campground,camp_site,,,,,,
150.21078,-34.11653,New South Wales,Private Town Campground,camp_site,paid,1,,,1,1
150.09252,-34.14377,New South Wales,Batsh Camp,camp_site,,,,,,
115.35344,-33.64524,Western Australia,,caravan_site,paid,,,,,
146.71598,-42.68857,Tasmania,Left of Field Camping Gardens,camp_site,paid,1,1,,1,
152.85947,-26.65432,Queensland,Flaxton Walkers Camp,camp_site,,,,,,
152.82999,-26.6039,Queensland,Ubajee Walkers Camp,camp_site,,,,,,
152.7954,-26.59037,Queensland,Thilba Thalba Walkers Camp,camp_site,,,,,,
147.5152,-38.11698,Victoria,90 Mile Beach Holiday Retreat,caravan_site,,,,,,
146.43474,-19.98366,Queensland,Bivouac Junction,caravan_site,,,,,,
136.40534,-31.23357,South Australia,Lake Hart Lookout,camp_site,,,,,,
135.75241,-30.97011,South Australia,Glendambo Outback Resort and Tourist Centre,caravan_site,,,,,,
130.62271,-12.71528,Northern Territory,,camp_site,,,,,,
130.62261,-12.70777,Northern Territory,Crab Claw Island Resort,caravan_site,,,,,,
148.33893,-42.10466,Tasmania,Whitewater Wall Camp Site,camp_site,,,,,0,
153.05287,-26.3999,Queensland,Badgers Wood Campground,camp_site,paid,1,,0,,
148.67384,-35.09192,New South Wales,Careys Reserve,camp_site,,1,,,0,
136.30828,-16.06996,Northern Territory,McArthur River Caravan Park,caravan_site,,,,,,
148.28944,-41.25394,Tasmania,Grants Lagoon - Bay of Fires Cons Area,camp_site,,,,,,
148.32638,-41.27726,,Dora Point Camping Area - Humbug Point Nature Rec Area,camp_site,,,,,,
152.09002,-27.74913,Queensland,Heifer Creek,camp_site,,,,,,
148.62129,-34.98107,New South Wales,Reflections Burrinjuck Waters Holiday Park,camp_site,paid,1,,,1,
146.71613,-42.68487,Tasmania,Land of the Giants Caravan Park,camp_site,,,,,,
122.5783,-33.9257,Western Australia,Duke of Orleans,caravan_site,,,,,,
139.04259,-35.29903,South Australia,Frank Potts Reserve,camp_site,,,,,,
147.42521,-42.73726,Tasmania,Richmond Caravan Park,caravan_site,,,,,,
144.9172,-37.80083,Victoria,Wicked Campervan Hire,caravan_site,,,,,,
116.21451,-30.97468,Western Australia,New Norcia self-contained Caravans Site,camp_site,paid,0,,0,,
144.89718,-38.3572,Victoria,Rosebud Foreshore Section 9,caravan_site,,,,,,
145.71213,-37.31768,Victoria,BIG4 Taggerty Holiday Park,caravan_site,,,,,,
145.70945,-37.24002,Victoria,,caravan_site,,,,,,
152.74539,-31.45214,New South Wales,Rocks Ferry Reserve,camp_site,,,,,,
149.9098,-31.09733,New South Wales,Mullaley Park,camp_site,,,,,,
118.81624,-21.66589,Western Australia,Two Camel Creek Rest Area,camp_site,,,,,,
144.18051,-38.40924,Victoria,Big 4 Holiday Park,camp_site,,,,,,
146.41795,-35.98016,,Granthams Bend Campground,camp_site,,,,,,
146.60402,-19.15403,,Saunders Park,camp_site,free,,,,,
124.94189,-17.41261,Western Australia,Windjana Gorge Campground / Bandilngan Campground,camp_site,paid,,,,,
124.94327,-17.41456,Western Australia,Windjana Gorge National Park,camp_site,paid,,,,,
146.40522,-19.01027,Queensland,Balgal Beach Rest Area,camp_site,free,,,,,
139.85681,-35.69295,South Australia,Coonalpyn Soldiers Memorial Caravan Park,caravan_site,,,,,,
140.3387,-37.59111,South Australia,Millicent Lakeside Caravan Park,caravan_site,,,,,,
133.20157,-26.34136,South Australia,Marryat Creek Rest Area,camp_site,,,,,,
133.18919,-26.27835,South Australia,Marryat Creek North Rest Area,camp_site,,,,,,
150.90677,-32.28067,New South Wales,Pinaroo Leisure Park,caravan_site,,,,,,
143.61282,-38.79122,Victoria,Elliot Ridge Great Ocean Walk Campsite,camp_site,paid,,,,,
144.6708,-36.45867,Victoria,Aysons Reserve,camp_site,free,,,,,
152.20511,-32.41393,New South Wales,Bulahdelah,caravan_site,free,,,,,
152.92071,-30.70933,New South Wales,,caravan_site,free,,,,,
144.55215,-22.59354,Queensland,Muttaburra Camping Ground,camp_site,paid,1,,1,1,
142.80913,-38.08424,Victoria,Mortlake Caravan Park,caravan_site,paid,,,1,,
145.16546,-37.16269,Victoria,Freemans Camp,camp_site,,,,,,
146.80814,-41.14447,Tasmania,Beauty Point Tourist Park,camp_site,paid,,,,,
145.19216,-37.12019,Victoria,Trawool Reservoir Camp,camp_site,,,,,,
137.54581,-32.24177,South Australia,North Tent Hill Rest Area,camp_site,free,,,,,
137.47957,-32.17349,South Australia,,camp_site,free,,,,,
137.44474,-32.03431,South Australia,Ranges View Rest Area,camp_site,free,1,1,,,
137.32759,-31.83905,South Australia,,camp_site,free,,,,,
138.17088,-33.39114,South Australia,,camp_site,free,,,,,
138.03018,-33.04236,South Australia,Port Germein South Rest Area 1,camp_site,free,,,,,
137.9821,-32.84629,South Australia,Mambray Creek Rest Area,camp_site,,,,,,
147.38951,-35.11988,New South Wales,BIG4 Wagga Wagga Holiday Park,caravan_site,,,,,,
150.02923,-31.74348,New South Wales,The Pines Camping Area,camp_site,paid,1,,,0,
150.4441,-35.39353,New South Wales,Dolphin Point Tourist Park,caravan_site,paid,,,,,
150.01073,-31.7326,New South Wales,Cox's Creek Camping Area,camp_site,paid,1,,,0,
150.01539,-31.73098,New South Wales,The Barracks Camping Area,camp_site,paid,1,,,0,
151.41802,-33.51044,New South Wales,Little Beach Camping Area,camp_site,paid,,,,,
151.10017,-32.7467,New South Wales,McNamara Park,camp_site,free,1,,,0,
145.6469,-16.7263,,,camp_site,,,,,,
140.54848,-34.44837,South Australia,unpowered sites,camp_site,,,,,,
151.37142,-33.52747,New South Wales,Putty Beach Camping Area,camp_site,paid,1,1,,1,
146.17898,-36.22162,Victoria,The Forest Camp,camp_site,free,1,,,0,
138.41304,-31.88484,South Australia,Hawker Caravan Park,caravan_site,,,,,,
142.79231,-37.09666,Victoria,Stawell Park Caravan Park,caravan_site,,,,,,
146.62666,-37.05086,Victoria,Lake Cobbler,camp_site,,,,,,
153.55021,-28.54276,New South Wales,Reflections Brunswick Heads,camp_site,paid,,,,,
152.93903,-29.66578,New South Wales,,caravan_site,,,,,,
145.46579,-16.48803,Queensland,Tropic Breeze Caravan Park,camp_site,paid,1,1,1,1,
144.85111,-37.861,Victoria,"""The Pines"" Scout Camp, 4th Altona",camp_site,,1,1,0,1,
151.15318,-23.96088,Queensland,Calliope River RA,camp_site,free,,,,,
138.01676,-32.84158,South Australia,Baroota Ruins Campground,camp_site,,,,,,
138.03748,-32.83975,South Australia,Mambray Creek campground,camp_site,,,,,,
138.74572,-34.59169,South Australia,Gawler Caravan Park,caravan_site,,,,,,
148.05823,-35.96782,New South Wales,The Tooma Inn,camp_site,,,,,,
146.06483,-35.97763,New South Wales,Tasman Holiday Parks Lake Mulwala,caravan_site,,,,,,
149.91512,-37.05122,New South Wales,Reflections Eden - Holiday Park,caravan_site,paid,,,1,,
146.78186,-41.09267,,Kelso Sands Holiday Park,caravan_site,,,,,,
146.71884,-36.92852,Victoria,McIver Campground,camp_site,,,,,,
146.81203,-37.18745,Victoria,,camp_site,,,,,,
147.19998,-37.50805,Victoria,Wonnangatta Caravan Park,caravan_site,,,,,,
153.01108,-26.69441,Queensland,BIG4 Holiday Resort,caravan_site,,,,,,
142.47378,-38.39441,Victoria,Big 4 Discovery Park,caravan_site,,1,,,,
148.57136,-20.40468,Queensland,Proserpine Tourist Park,caravan_site,,,,,,
148.57209,-20.40534,Queensland,Proserpine Tourist Park,caravan_site,,,,,,
153.22189,-27.60403,Queensland,Karingal Scout Campsite,camp_site,paid,,,,,
142.47787,-38.37789,Victoria,Warrnambool Holiday Village,caravan_site,,,,,,
117.41802,-30.66663,Western Australia,Newcarlbeon Rock Camping Ground,camp_site,,,,,,
142.09501,-34.23371,Victoria,Sun Siesta Caravan Park,caravan_site,,,,,,
118.49224,-30.5584,Western Australia,Beringbooding Rock Camping Ground,camp_site,free,1,,,0,
145.62088,-38.6724,Victoria,Ingenia Holiday Park Orana,caravan_site,,1,,,,
150.19994,-33.56,New South Wales,Venice Caravan Park,caravan_site,,,,,,
152.5616,-28.0296,Queensland,Camp Moogerah,camp_site,,,,,,
149.14645,-21.21264,Queensland,Mycow Freedom Campground,camp_site,paid,,,,,
146.06323,-38.81067,Victoria,Waratah Beach Camp,camp_site,,,,,,
143.1471,-34.71652,Victoria,Murray River Caravan Park,caravan_site,,,,,,
117.56648,-30.53826,Western Australia,Mollerin Rock Camping Ground,camp_site,,,,,,
150.28144,-33.12566,New South Wales,Glen Davis Reserve Campground,camp_site,paid,1,,0,1,
150.61818,-33.79807,New South Wales,Darug Camp Area,camp_site,paid,1,,,,
150.50471,-26.42383,Queensland,Dogwood Creek Camping Area,camp_site,,,,,,
146.23552,-36.88797,Victoria,Old School House,camp_site,,1,,,,
146.1236,-38.82935,Victoria,Sandy Point Holiday Park,caravan_site,,,,,,
146.28032,-41.81009,Tasmania,,camp_site,,,,,0,1
146.2803,-41.81019,Tasmania,,camp_site,,,,,0,1
146.28031,-41.81129,Tasmania,Wild Dog Creek Commercial Camping Area,camp_site,,1,,,0,1
146.28022,-41.81125,Tasmania,Wild Dog Creek Commercial Camping Area,camp_site,,1,,,0,1
146.28033,-41.81118,Tasmania,Wild Dog Creek Commercial Camping Area,camp_site,,1,,,0,1
146.27998,-41.81037,Tasmania,,camp_site,,1,,,0,1
146.28009,-41.81031,Tasmania,,camp_site,,1,,,0,1
146.28058,-41.81045,Tasmania,,camp_site,,1,,,0,1
146.28053,-41.81051,Tasmania,,camp_site,,1,,,0,1
146.28069,-41.81057,Tasmania,,camp_site,,1,,,0,1
150.57909,-26.79957,Queensland,Chinchilla Weir,camp_site,paid,1,,1,0,
153.13232,-30.26919,New South Wales,Bananacoast Caravan Park,caravan_site,,,,,,
138.88691,-35.25936,South Australia,Strathalbyn Caravan Park,caravan_site,,,,,,
144.95538,-36.01778,Victoria,Barmah Bridge Caravan Park,caravan_site,,,,,,
152.7611,-26.90687,Queensland,Volunteer Camping (The Prairies),camp_site,,,,,,
152.76321,-26.91052,Queensland,The Lakes District,camp_site,,,,,,
152.75259,-26.90948,Queensland,Stallholders' Camping (Grand Canyon),camp_site,,,,,,
152.75687,-26.91509,Queensland,Accessibility Camping,camp_site,,,,,,
152.75723,-26.91544,Queensland,Accessibility Camping,camp_site,,,1,,,
152.7615,-26.91533,Queensland,Season Camping,camp_site,,,,,,
146.3077,-41.2272,Tasmania,,caravan_site,,,,,,
146.97615,-38.55148,Victoria,Woodside Beach Caravan Park,caravan_site,,,,,,
152.73781,-26.56244,Queensland,Bluff Creek Campground,camp_site,paid,,,,,
145.62754,-35.87529,New South Wales,Davies Beach,camp_site,free,,,,,
153.00512,-27.99259,Queensland,Beaudesert Caravan and Tourist Park,caravan_site,,,,,,
150.85942,-34.44139,New South Wales,Figtree Gardens Caravan Park,caravan_site,paid,,,,,
150.11137,-34.36725,New South Wales,Camping area 1,camp_site,,,,,,
150.11304,-34.3682,New South Wales,Camping area 2,camp_site,,,,,,
119.74483,-21.17478,Western Australia,Marble Bar Holiday Park,camp_site,,,,,,
151.91446,-24.62949,Queensland,,caravan_site,free,,,,,
152.95778,-26.56028,Queensland,,caravan_site,,,,,,
142.36171,-34.5446,Victoria,,camp_site,,,,,,
142.34329,-34.45611,Victoria,Nangiloc Caravan Park,caravan_site,,,,,,
151.35096,-33.53672,New South Wales,Tallow Beach Campground,camp_site,,1,,,0,1
153.45487,-28.09188,Queensland,Burleigh Beach Tourist Park,caravan_site,paid,,,,,
150.94348,-33.37168,New South Wales,Little River Camp,camp_site,,,,,,
147.85183,-41.46664,Tasmania,Griffin Forest Reserve,camp_site,free,,,,,1
147.84305,-41.46975,Tasmania,Griffin Forest Reserve,camp_site,free,,,,,1
142.18765,-34.29727,Victoria,BIG4 Red Cliffs Caravan Park,caravan_site,,,,,,
142.1859,-34.19375,Victoria,Sun city Caravan Park,caravan_site,,,,,,
143.1991,-37.24874,Victoria,Chinaman Campground and Picnic site,camp_site,,,,,,
153.20588,-28.35311,New South Wales,Tyalgum Diggers Camp Ground,camp_site,paid,1,,1,1,
146.42502,-37.05751,Victoria,Mt No. 3 camp area,camp_site,,,,,,
143.15978,-38.69915,Victoria,Princetown Camping Reserve,caravan_site,,,,,,
150.35917,-34.55303,New South Wales,Moss Vale Holiday Park,caravan_site,,,,,,
150.15404,-35.91887,,BIG4 Moruya Heads East's Dolphin Beach Holiday Park,caravan_site,,,,,,
142.2822,-37.376,Victoria,Strachans Campground,camp_site,paid,,,,,
142.41821,-37.17519,Victoria,Boreang Campground,camp_site,paid,,,,,
143.47666,-38.80202,Victoria,Aire River West Campground - Otway NP,camp_site,,,,,,
143.48187,-38.8002,Victoria,Aire River East Campground,camp_site,,,,,,
140.91335,-21.83506,Queensland,cong camp,camp_site,,,,,,
143.27756,-38.75952,Victoria,Ryans Den (GOW),camp_site,,,,,,1
131.03919,-12.5235,Northern Territory,,caravan_site,,,,,,
131.03935,-12.52219,Northern Territory,Coolalinga Caravan Park,caravan_site,,,,,,
116.01396,-33.43111,Western Australia,Cobbler,camp_site,,,,,,
140.52148,-35.32731,South Australia,Lameroo Lakeside Caravan Park,caravan_site,,,,,,
151.93838,-28.83575,Queensland,Castle Rock Camping Area,camp_site,,,,,,
142.86182,-38.47302,Victoria,Brucknell Park Scout Camp,camp_site,,,,,,
146.62865,-35.98406,New South Wales,,caravan_site,,,,,,
152.3713,-28.34249,Queensland,Queen Mary Falls Caravan Park,caravan_site,,,,,,
152.82173,-25.25485,Queensland,Point Vernon Holiday Park,camp_site,,,,,,
152.8094,-25.24837,Queensland,Sun Lodge Ocean Front Tourist Park,camp_site,,,,,,
146.59167,-35.97092,New South Wales,Kismet Riverside Lodge,caravan_site,,,,,,
145.53608,-37.51031,Victoria,Tanglefoot,camp_site,,,,,,
151.94726,-27.58787,Queensland,Toowoomba Caravan Park,caravan_site,,,,1,,
153.18212,-27.90372,Queensland,Thunderbird Park Campgrounds,camp_site,,,,,,
151.55196,-26.83492,Queensland,Burton's Well Camp Area,camp_site,,,,,,
151.57161,-26.86414,Queensland,Westcott Camp Area,camp_site,,,,,,
151.59719,-26.88051,Queensland,Dandabah Campground,camp_site,,,,,,
152.42357,-27.23941,Queensland,Esk Caravan Park & Brisbane Valley Rail Trail Motel,caravan_site,paid,1,1,1,,
152.77753,-27.4133,Queensland,Light Line Road Bush Camp,camp_site,paid,,,,,
153.61118,-28.64113,New South Wales,First Sun Holiday Park,caravan_site,,,,,,
153.07841,-29.56638,New South Wales,Brushgrove Recreation Triangle,camp_site,,,,,,
153.27212,-28.1943,Queensland,The Settlement Camping Area,camp_site,paid,1,1,0,0,0
149.01093,-35.86491,Australian Capital Territory,Mount Clear Campground,camp_site,,,,,,
149.85797,-33.70056,New South Wales,Jenolan Holiday Park,caravan_site,paid,,,1,,
149.14433,-35.95072,New South Wales,Bredbo Inn Hotel Campground,camp_site,free,,,,,
122.03802,-18.36643,Western Australia,Barn Hill Caravan Park,caravan_site,paid,,1,1,,
116.69959,-31.64267,Western Australia,Northam Holiday Park,caravan_site,,,,,,
148.60238,-35.17083,New South Wales,Log Bridge Creek Campsite,camp_site,,,,,,
148.03169,-40.22856,,,camp_site,,,,,,
116.2422,-33.40349,Western Australia,Well,camp_site,,,,,,
151.4516,-26.10328,Queensland,Lake Boondooma,caravan_site,,,,,,
152.30258,-26.54152,Queensland,Trakka Terrace,camp_site,,,,,,
148.97513,-35.58341,Australian Capital Territory,Honeysuckle Campground,camp_site,paid,,,,,
150.16817,-34.0255,New South Wales,,camp_site,,,,,,1
148.7551,-35.67748,New South Wales,,camp_site,,,,,,
148.72867,-35.65772,New South Wales,,camp_site,,,,,,
148.68306,-35.62303,New South Wales,Blue Waterholes campground,camp_site,free,1,,,0,
148.68026,-35.62154,New South Wales,Magpie Flat campground,camp_site,free,1,,,0,
148.60144,-35.67113,New South Wales,,camp_site,free,,,,0,
148.59652,-35.63145,New South Wales,Cooinbil Hut campground,camp_site,free,1,,,0,
148.58336,-35.81174,New South Wales,,camp_site,,,,,,
148.53938,-36.01176,New South Wales,,camp_site,,,,,,
148.46444,-36.08885,New South Wales,,camp_site,,,,,,
151.24311,-27.17749,Queensland,Pioner Village Caravan Park,camp_site,,,,,,
148.57575,-32.23091,New South Wales,Westview Caravan Park,caravan_site,,,,,,
151.19696,-27.53341,Queensland,Cecil Plains Rural Retreat Caravan Park,caravan_site,,,,1,,
145.20266,-37.12969,Victoria,,camp_site,,,,,,
147.38543,-35.07003,New South Wales,,caravan_site,,,,,,
150.98146,-23.8155,Queensland,Mount Larcom Tourist Park,caravan_site,,,,,,
146.81197,-41.08342,Tasmania,,caravan_site,,,,,,
148.45214,-36.14619,New South Wales,,camp_site,free,,,,,1
146.34725,-36.3305,Victoria,North Cedars Caravan Park,caravan_site,,,,,,
148.60967,-32.23575,New South Wales,Dubbo Holiday Park,caravan_site,,,,,,
150.59945,-33.82116,New South Wales,,camp_site,,0,,,0,
145.1491,-37.16943,Victoria,Flat Rock Camping Area,camp_site,,,,,,
145.2384,-37.13431,Victoria,Trawool Camping Area - Horeshoe Lagoon,camp_site,,,,,,
145.19381,-37.12205,Victoria,,camp_site,,,,,,
145.19476,-37.13311,Victoria,,camp_site,,,,,,
148.39623,-36.33149,New South Wales,,camp_site,,,,,,
150.14026,-36.24789,New South Wales,,camp_site,,,,,,
140.45071,-34.25185,South Australia,Discovery Holiday Park,caravan_site,,,,,,
146.43072,-36.44841,Victoria,Milawa Caravan & Tourist Park,caravan_site,,,,,,
147.03021,-36.32819,Victoria,Kergunyah Caravan Park,caravan_site,,,,,,
148.53738,-35.28105,New South Wales,Bossawa Campsite,camp_site,,,,,0,
148.57481,-35.24659,New South Wales,Micalong Creek Campsite,camp_site,,1,,,1,
142.51851,-37.14124,Victoria,Halls Gap Caravan Park,caravan_site,paid,,1,,,
141.69152,-37.59728,Victoria,Coleraine Caravan Park,caravan_site,,,,,,
152.69162,-28.28124,Queensland,Old Hut Site,camp_site,paid,,,,,
152.71508,-28.29601,Queensland,Forestry,camp_site,paid,0,,,,
152.71983,-28.29899,Queensland,Burbank,camp_site,paid,0,,,,
152.42673,-28.21331,Queensland,Emu Creek,camp_site,,,,,,
152.37745,-27.63355,Queensland,Lake Dyer,caravan_site,,,,,,
116.14312,-34.6338,Western Australia,Round Tuit Campground,camp_site,paid,1,,1,1,
115.1227,-33.81104,Western Australia,Taunton Farm,caravan_site,paid,1,1,1,,
141.13907,-38.03089,Victoria,Forest Camp,camp_site,,,,,,
141.16079,-38.0464,Victoria,Site 1,camp_site,,,,,,
141.16093,-38.04647,Victoria,Site 2,camp_site,,,,,,
151.33608,-33.06277,New South Wales,The Pines Camping Area,camp_site,,1,,,0,
138.5614,-35.01756,South Australia,Marion Big 4,caravan_site,,,,,,
148.7173,-34.87652,New South Wales,The Captain Campsite,camp_site,,,,,0,
141.76248,-38.22361,Victoria,Fitzroy River,camp_site,,,,,,
144.49385,-38.28369,Victoria,Barwon Heads Caravan Park,caravan_site,,,,,,
147.15808,-36.69606,Victoria,Tawonga Caravan Park,caravan_site,,,,,,
147.43867,-36.59724,Victoria,Snowy Creek Campsite,camp_site,,,,,,
143.25863,-36.61179,Victoria,St Arnaud Caravan Park,caravan_site,,,,,,
153.04591,-26.88148,Queensland,Coochin Creek Camping Area,camp_site,paid,,,,,
152.69293,-27.66602,Queensland,Amberley Caravan Park,caravan_site,,,,,,
152.68869,-27.66894,Queensland,Willowbank Caravan Park,caravan_site,,,,,,
152.40298,-32.3276,New South Wales,Wallingat Camping Area,camp_site,,,,,,
147.91543,-36.70629,Victoria,Buenba Flat South #2,camp_site,,,,,,
147.91955,-36.70243,Victoria,Buenba Flat South #1,camp_site,,,,,,
147.91383,-36.70576,Victoria,Buenba Flat South #3,camp_site,,,,,,
153.11794,-30.29326,New South Wales,Reflections Coffs Harbour - Holiday Park,camp_site,,,,1,,
150.56576,-32.33418,New South Wales,Sandy Hollow Tourist Park,camp_site,paid,,,,,
144.9885,-35.85723,New South Wales,Murraybank Caravan Park,caravan_site,,,,,,
144.98131,-35.85697,New South Wales,Tarragon Caravan Park,caravan_site,,,,,,
151.11302,-26.787,Queensland,AAOK Jandowae Accommodation Park,caravan_site,,,,1,,
152.68429,-26.99628,Queensland,Neurum Creek Bush Retreat,camp_site,,,,,,
148.56541,-36.35218,New South Wales,Kosciuszko Tourist Park,camp_site,paid,,,1,,
138.81634,-34.83897,South Australia,,camp_site,,,,,,
145.61773,-38.67303,Victoria,Ingenia Holidays Cape Paterson,caravan_site,,1,1,1,1,
135.09266,-32.1613,South Australia,,camp_site,,,,,,
146.25621,-18.98005,Queensland,Big Crystal Creek Camp Area,camp_site,paid,,,,,
149.07548,-35.16947,Australian Capital Territory,Hall BNT campsite,camp_site,,,,,,
152.58065,-31.60919,New South Wales,,camp_site,free,1,,,0,
152.58198,-31.60846,New South Wales,Swans Creek Crossing - Kerewong SF,camp_site,free,1,,,0,
149.52443,-32.36597,New South Wales,Gulgong Tourist Park - Gday,caravan_site,,,,,,
145.35255,-40.85122,,Peggs Beach Campground,camp_site,paid,1,,,0,
145.20468,-37.14403,Victoria,Tassie Camp,camp_site,,,,,,
145.16026,-37.93479,Victoria,Sundowner Caravan and Cabin Park,caravan_site,,,,,,
116.32472,-21.63589,Western Australia,Pannawonica,camp_site,,,,,,
153.03388,-30.88922,New South Wales,,caravan_site,,,,,,
135.14902,-32.17269,South Australia,Pretty Point Camp Ground,camp_site,paid,,,,,
113.19504,-26.00136,,Buddy's,camp_site,,,,,,
142.5596,-12.09207,Queensland,Bramwell Roadhouse,camp_site,,,,,,
147.67355,-37.95343,Victoria,Cormorant By The Lakes,camp_site,paid,,,,,
144.39871,-38.29307,Victoria,Breamlea Caravan Park,caravan_site,,,,,,
148.26993,-25.07083,Queensland,BIG4 Breeze Carnarvon Gorge,caravan_site,paid,1,1,1,,
151.22282,-33.42336,New South Wales,,camp_site,paid,1,,,1,
131.40823,-24.06089,Northern Territory,,camp_site,,,,,,
153.34095,-29.43277,New South Wales,,caravan_site,,,,,,
153.34205,-29.44085,New South Wales,Yamba Waters Caravan Park,caravan_site,,,,,,
113.47718,-25.77644,Western Australia,Big Lagoon,camp_site,paid,,0,,,
114.96133,-30.03239,Western Australia,Milligan Island Camping Node,camp_site,paid,1,,0,0,
116.905,-32.6624,Western Australia,Pumphreys Bridge,camp_site,paid,1,,,0,
134.44594,-31.59572,South Australia,Nalara Rock,camp_site,,,,,,
134.02775,-30.92054,South Australia,Mt Finke campground,camp_site,paid,,,,,
145.05811,-37.13666,Victoria,Sunday Creek campsite,camp_site,,,,,,
152.44845,-29.86446,New South Wales,Group Camping Area,camp_site,paid,,,,,
152.44735,-29.86447,New South Wales,Dalmorton Camping Area,camp_site,paid,,,,,
145.82999,-38.42666,Victoria,Korumburra Tourist Park,caravan_site,paid,,,1,,
150.00345,-34.8055,New South Wales,Lesser Keyhole,camp_site,paid,,,,,
150.00219,-34.80471,New South Wales,Greater Keyhole,camp_site,paid,,,,,
145.95588,-17.65575,Queensland,The Paddock RV Park,caravan_site,,,,,,
135.96177,-34.78415,South Australia,Spalding Cove,camp_site,,,,,,
135.91479,-34.78744,,Woodcutters Beach Campsite,camp_site,,,,,,
153.31259,-29.39436,New South Wales,BIG 4 Salwater @ Yamba,caravan_site,,,,,,
139.00819,-34.57014,South Australia,Rangelands,camp_site,paid,,,,,
135.9851,-34.7574,,Fisherman Point Campground,camp_site,,,,,,
135.99651,-34.73311,South Australia,September Beach Campground,camp_site,,1,0,0,0,
131.49661,-24.25758,Northern Territory,,camp_site,,,,,,
136.00642,-34.76879,,Carcase Rock Campsite,camp_site,,,,,,
136.00237,-34.78883,,MacLaren Campsite,camp_site,,,,,,
138.74769,-33.03291,South Australia,Yongala Recreational Park,caravan_site,,,,,,
151.86907,-31.32946,New South Wales,New Country Swamp Camp Site,camp_site,,,,,,
146.90319,-19.37374,Queensland,Townsville Eco Resort,caravan_site,,,,1,,
151.48033,-32.14782,New South Wales,Gunyah Camping Area,camp_site,,,,,0,
151.46805,-32.1251,New South Wales,White Rock Camping Area,camp_site,free,1,,,0,
151.48865,-32.15536,New South Wales,Old Camp Camping Area,camp_site,free,1,,,0,
151.48777,-32.15542,New South Wales,Dobbie Rim Camping Area,camp_site,free,,,,0,
151.48453,-32.15344,New South Wales,Pademelon Park Camping Area,camp_site,free,1,,,0,
138.40833,-30.58837,South Australia,Leigh Creek Caravan Park,caravan_site,,,,,,
145.18276,-37.12739,Victoria,,camp_site,,,,,,
135.85488,-34.8124,South Australia,Horse Rock Campsite,camp_site,,,,,,
137.72734,-35.04721,South Australia,Coobowie Caravan Park,caravan_site,,,,,,
137.72618,-35.04608,South Australia,Coobowie Caravan Park,caravan_site,,,,,,
148.19358,-36.52539,New South Wales,Leatherbarrel Creek Camping & Picnic Area,camp_site,,,,,,
135.99057,-34.96217,South Australia,Memory Cove Campsite,camp_site,,,,,,
135.95923,-34.8544,South Australia,Taylors Landing Campground,camp_site,,,,,,
146.06094,-42.78658,Tasmania,Teds Beach Campground,camp_site,,,,,,
149.73253,-33.09563,New South Wales,,camp_site,free,,,,,
148.75468,-20.35073,Queensland,Rainforest Campsite,camp_site,,,,,,
148.73419,-20.30574,Queensland,Bloodwood Camp,camp_site,,,,,,
148.74944,-20.34022,Queensland,,camp_site,,,,,,
151.96293,-27.56931,Queensland,Jolly Swagman Accommodation Park,caravan_site,paid,,1,1,,
146.36718,-37.10329,Victoria,Carters Mill Campground,camp_site,,1,0,0,0,
146.54212,-36.43215,Victoria,Everton Gardens Caravan Park,caravan_site,,,,,,
151.00686,-34.05631,New South Wales,Karingal,camp_site,,1,,1,1,
146.5657,-34.75433,New South Wales,Lake Talbot Tourist Park,caravan_site,paid,,,1,,
147.03268,-19.50703,Queensland,Mountain View Lake Eco Park,caravan_site,,,,,,
145.20227,-37.73242,Victoria,Cresco Camp,camp_site,,,,,,
118.67853,-31.3788,Western Australia,,caravan_site,,,,,,
121.37942,-29.40276,Western Australia,Marapoi Station Stay,caravan_site,,,,,,
152.76204,-26.90858,Queensland,Happy Campers Office,camp_site,,,,,,
152.76264,-26.90913,Queensland,The Lakes District Happy Campers Office,camp_site,,,,,,
152.76214,-26.90781,Queensland,The Prairies (Volunteers) Happy Campers Office,camp_site,,,,,,
152.76393,-26.90717,Queensland,Stallholders Camping,camp_site,,,,,,
152.76308,-26.90701,Queensland,Overnight Camping,camp_site,,,,,,
152.75459,-26.91227,Queensland,Cloundland Happy Campers Office,camp_site,,,,,,
152.75499,-26.91297,Queensland,Volunteer Camping Cloudland,camp_site,,,,,,
152.75284,-26.90961,Queensland,Grand Canyon Happy Campers Office,camp_site,,,,,,
152.75702,-26.91493,Queensland,Season Camping Happy Campers Office,camp_site,,,,,,
152.75749,-26.90812,Queensland,OP (Organisers and Performers) Happy Campers Office,camp_site,,,,,,
152.75659,-26.90849,Queensland,OP Camping (Organisers and Performers),camp_site,,,,,,
146.8068,-36.33816,Victoria,Area No. 3,camp_site,,,,,,
146.10205,-42.01275,Tasmania,Narcissus Hut Campsite,camp_site,,1,,,0,1
152.0071,-29.05326,New South Wales,Tenterfield Lodge & Caravan Park,caravan_site,,,,1,,
138.30116,-33.18108,South Australia,Laura Community Caravan Park,caravan_site,,,,1,,
150.99635,-32.35335,New South Wales,Lake Liddell Recreation Area,camp_site,,,,,,
145.91981,-37.22904,Victoria,Eildon Pondage Holiday Park,caravan_site,,,,,,
146.80138,-36.34684,Victoria,Area No. 6,camp_site,,,,,,
146.80987,-36.33591,Victoria,Area No. 2,camp_site,,,,,,
146.80995,-36.33522,Victoria,Area No. 1,camp_site,,,,,,
152.65247,-26.18661,Queensland,Gympie Recovery Accommodation Park,caravan_site,,,,1,,
152.44631,-32.09344,New South Wales,Riverside Holiday Park,caravan_site,,,,,,
153.04236,-26.6227,Queensland,Riverside Caravan Park,caravan_site,,,,,,
149.09476,-32.68659,New South Wales,Reflections Lake Burrendong - Holiday Park,camp_site,,,,,,
153.23535,-27.59402,Queensland,Sanctuary by Sirromet,camp_site,paid,,,,,
149.32746,-34.01494,New South Wales,Tuena Camping and Recreation Area,camp_site,,,,,,
150.44648,-35.03195,New South Wales,,camp_site,,,,,,
150.4474,-35.03291,New South Wales,,camp_site,,,,,,
142.16788,-34.18068,New South Wales,Buronga Riverside Tourist Park,caravan_site,,1,1,1,,
140.7754,-34.17873,South Australia,Echo Holiday Parks - Renmark,caravan_site,,1,1,1,,
140.76647,-34.17748,South Australia,Big 4: Renmark Holiday Park,caravan_site,,,,,,
147.07749,-37.97005,Victoria,Stratford On The River,caravan_site,,,,,,
150.13236,-36.29838,,Mystery Bay Campground,camp_site,paid,,,,,
141.98999,-34.11326,New South Wales,Curlwaa Caravan Park,caravan_site,paid,1,,,1,
145.99854,-41.21565,Tasmania,Pioneer Park Camping Ground Riana,camp_site,,,,,,
146.04647,-41.83053,Tasmania,New Pelion Hut Public Campsite,camp_site,,1,,,0,1
145.96495,-41.69227,Tasmania,Scott-Kilvert Hut Campsite,camp_site,,1,,,0,1
146.38698,-39.11586,Victoria,Roaring Meg,camp_site,paid,,,,,
146.38761,-39.1153,Victoria,,camp_site,paid,,,,,
147.24176,-43.26142,,Gordon Foreshore Reserve,camp_site,paid,1,,0,0,
152.55161,-27.12287,Queensland,Somerset Park Campground,camp_site,paid,,,,,
151.29352,-33.60288,,The Basin Campground,camp_site,paid,1,,,1,
140.4659,-34.2065,South Australia,Camp Kedron,camp_site,paid,,,,,
139.98209,-34.17466,South Australia,Echo Holiday Park,caravan_site,,,,1,,
142.74566,-34.57771,New South Wales,Euston Riverfront Caravan Park & Cafe,caravan_site,,,,,,
143.91382,-35.73732,Victoria,Kerang Caravan & Tourist Park,caravan_site,paid,1,,,1,
146.09182,-36.51954,Victoria,Winton Motor Raceway Camping Ground,camp_site,,,,,,
146.30975,-41.82815,Tasmania,Dixon's Kingdom Hut Camping Area (Decommisioned),camp_site,free,1,,0,0,1
147.36566,-41.30959,Tasmania,Myrtle Park Recreation Ground,camp_site,paid,1,,,1,
145.9557,-41.77113,Tasmania,,camp_site,,1,,,0,1
145.94679,-41.71445,Tasmania,Waterfall Valley Public Camping Platform,camp_site,,1,,,0,1
145.9453,-41.71422,Tasmania,Waterfall Valley Group Camping Platform,camp_site,,1,,,0,1
145.94519,-41.7146,Tasmania,,camp_site,,1,,,0,1
138.18685,-32.82438,South Australia,Melrose Caravan Park,camp_site,,1,,,1,
147.45886,-35.08789,New South Wales,Camp Kurrajong,camp_site,,,,,,
151.76087,-32.21628,New South Wales,Coachwood Camping Area,camp_site,free,1,,,0,
151.76135,-32.21837,New South Wales,Frying Pan Camping Area,camp_site,free,1,,,0,
151.74544,-32.21986,New South Wales,Currawong Camping Area,camp_site,free,1,,,0,
151.74419,-32.22313,New South Wales,Telegherry Camping Area,camp_site,free,1,,,0,
151.69685,-32.24184,New South Wales,Ferndale Camping Area,camp_site,paid,1,,,1,
151.85502,-32.28172,New South Wales,Riverwood Downs Subsonic,camp_site,paid,1,,,0,
142.34553,-37.64906,Victoria,Dunkeld Caravan Park,caravan_site,paid,,,1,,
152.60918,-31.78856,New South Wales,Coopernook Forest HQ,camp_site,free,1,,,0,
152.21265,-27.63455,Queensland,Tenthill Caravan Park & Store,caravan_site,paid,,1,1,,
115.20627,-25.0535,Western Australia,The Junction Pub and Tourist Park,camp_site,paid,1,,1,1,
150.69293,-33.3841,New South Wales,Colo Meroo,camp_site,free,1,,,0,1
142.13632,-34.20823,Victoria,BIG4 Mildura Getaway - Holiday Park Mildura,caravan_site,,,,,,
140.7841,-34.18177,South Australia,Paringa Caravan Park,caravan_site,,,,1,,
134.20872,-19.43652,Northern Territory,Threeways Roadhouse,camp_site,,,,,,
167.96276,-29.05899,,,camp_site,,,,,,
149.26493,-34.78554,New South Wales,Gunning Showground Camp area,camp_site,free,1,,0,1,
149.2684,-34.77922,New South Wales,Barbour Park Free Caravan Park,camp_site,free,1,,,1,
153.53401,-28.86309,New South Wales,Hibiscus Gardens Caravan Park,caravan_site,,,,1,,
149.18816,-33.37527,New South Wales,Shadforth Reserve Rest Area,camp_site,free,,,,,
138.78668,-34.08497,South Australia,Saddleworth Caravan Park,caravan_site,,,,1,,
138.74899,-34.15475,South Australia,Riverton Caravan Park,caravan_site,,,,,,
138.90426,-34.67338,South Australia,Queen Victoria Jubilee Park,caravan_site,,,,,,
141.64549,-36.34024,Victoria,Nhill Caravan Park,camp_site,paid,,,1,,
118.00986,-33.94208,Western Australia,Gnowangerup Caravan Park,caravan_site,,,,1,,
143.65554,-38.56429,Victoria,Stevensons Falls Campground,camp_site,free,,,0,,
152.90078,-25.28606,Queensland,Pier Caravan Park,caravan_site,paid,,,1,,
146.58978,-36.31801,Victoria,,camp_site,,,,,,
146.59383,-36.31494,Victoria,,camp_site,,,,,,
115.44172,-31.27443,Western Australia,,caravan_site,,,,,,
153.00894,-25.90694,,Ace Caravan Park,caravan_site,,,,,,
153.0073,-25.90892,,Kingfisher Caravan Park,caravan_site,,,,,,
150.60345,-33.55577,New South Wales,Burralow Creek Campground,camp_site,free,1,,,0,
149.8932,-33.3877,New South Wales,Sunny Corner Recreation Reserve,camp_site,,,,,0,
153.00624,-25.92405,,Tin Can Bay Tourism Park,camp_site,,,,,,
146.59782,-36.31226,Victoria,,camp_site,,,,,,
146.60054,-36.31137,Victoria,,camp_site,,,,,,
149.32368,-33.41365,New South Wales,,camp_site,,,,,,
144.95825,-35.95875,Victoria,,camp_site,,,,,,
138.48642,-18.70142,Queensland,Boodjamulla (Lawn Hill) National Park -,camp_site,,,,,,
149.28457,-36.50849,New South Wales,Nimmitabel Caravan Park,camp_site,paid,1,,,1,
149.23961,-36.90845,New South Wales,Bombala Caravan Park,caravan_site,paid,1,,1,1,
149.88144,-36.93091,New South Wales,Reflections Pambula - Holiday Park,camp_site,paid,1,,,1,
147.97695,-32.03411,New South Wales,Trangie Caravan Park,camp_site,paid,1,,,1,
118.29242,-31.48512,Western Australia,Merredin Tourist Park,caravan_site,paid,1,,1,,
150.56969,-29.54197,New South Wales,Warialda Caravan Park,camp_site,paid,1,,1,1,
115.20905,-34.25905,Western Australia,Molloy Caravan Park,caravan_site,,,,,,
151.12787,-31.4585,New South Wales,Fossickers Tourist Park,camp_site,paid,1,,,1,
149.41351,-33.03389,New South Wales,Village Campground,camp_site,paid,1,,1,1,
149.55756,-33.44222,New South Wales,Paddock Campground,camp_site,,,,,,
149.56085,-33.44763,New South Wales,Motorhome Park Campground,caravan_site,,,,,,
149.56501,-33.44447,New South Wales,Chase Campground,camp_site,,,,,,
146.65978,-37.99682,Victoria,Cowwarr Weir Caravan Rest Area,caravan_site,,,,,,
152.92576,-29.6103,New South Wales,BIG4 Big River Holiday Park and Ski Lodge,caravan_site,,,,1,,
151.34907,-32.81033,New South Wales,Wine Country Tourist Park,camp_site,paid,1,1,1,1,0
150.2063,-32.83484,New South Wales,Ganguddy-Dunns Swamp campground,camp_site,paid,1,,,0,
150.04773,-36.58453,New South Wales,Aragunnu Camping Area,camp_site,,,,,,
138.0688,-33.16891,South Australia,Rangeview Caravan & Cabin Park,camp_site,,,,,,
146.24286,-41.15813,,Turners Beach Caravan Park,caravan_site,,,,,,
151.14729,-31.30396,New South Wales,Woolomin Reserve,camp_site,,,,,,
145.69632,-16.92688,Queensland,Crystal Cascades Holiday Park,caravan_site,paid,,,1,,
147.2483,-36.46531,Victoria,Eskdale Caravan Park,caravan_site,,,,,,
148.75417,-35.33865,New South Wales,Flea Creek Campground,camp_site,,1,,,0,
143.55907,-19.00267,Queensland,Agate Creek Campground,camp_site,paid,,,0,,
143.68524,-37.63914,Victoria,Smythesdale Gardens,camp_site,,,,,,
152.30878,-26.54704,Queensland,Cowah Falls,camp_site,,,,,,
143.60205,-18.58793,Queensland,Forsayth Caravan Park,caravan_site,,,,,,
150.20468,-33.80965,New South Wales,Frying Pan Flat,camp_site,,,,,,1
141.1283,-17.85113,Queensland,Leichhardt Lagoon Camping Park,camp_site,paid,1,0,0,1,
134.24412,-32.74845,,"Islands Caravan Park, Streaky Bay",caravan_site,paid,1,1,1,,
144.85692,-34.51896,New South Wales,Hay Caravan Park,camp_site,paid,1,,1,1,
138.86113,-35.06174,South Australia,Mount Barker Caravan & Tourist Park,caravan_site,,,,,,
147.3377,-42.81492,Tasmania,Hobart Discovery Holiday Park,caravan_site,,,,,,
152.08545,-27.76688,Queensland,,camp_site,,,,,,
143.0123,-37.30893,Victoria,Djab Wurrung Embassy,camp_site,,,,,,
145.17195,-37.32135,Victoria,No 1 Camping area,camp_site,,,,,,
152.99956,-28.44545,New South Wales,Lynchs Creek Reserve,camp_site,paid,1,,,0,
147.99276,-33.39712,New South Wales,Forbes River Meadows Caravan Park,caravan_site,paid,,,1,,
145.43305,-37.21294,Victoria,Yea Riverside Caravan Park,caravan_site,,,,,,
148.91114,-31.4388,New South Wales,Tooraweenah Tourist Park,caravan_site,,,,1,,
152.91877,-26.44143,Queensland,Cooroy No Worries RV,caravan_site,,,,,,
113.19708,-26.00198,,,camp_site,,,,,,
113.19686,-26.00195,,,camp_site,,,,,,
113.19657,-26.002,,,camp_site,,,,,,
113.19632,-26.00184,,,camp_site,,,,,,
113.19607,-26.00178,,,camp_site,,,,,,
113.19585,-26.00173,,,camp_site,,,,,,
113.19562,-26.00164,,,camp_site,,,,,,
113.19542,-26.00155,,,camp_site,,,,,,
113.19527,-26.00149,,,camp_site,,,,,,
113.19508,-26.00143,,,camp_site,,,,,,
113.19493,-26.00129,,,camp_site,,,,,,
113.19461,-26.00122,,,camp_site,,,,,,
113.19437,-26.00117,,,camp_site,,,,,,
113.19979,-26.0024,,Jed's,camp_site,,,,,,
113.1999,-26.00242,,,camp_site,,,,,,
113.19968,-26.00239,,,camp_site,,,,,,
113.20004,-26.00242,,,camp_site,,,,,,
142.36848,-38.29701,Victoria,Koroit-Tower Hill Caravan Park,caravan_site,,,,,,
152.71236,-31.47078,New South Wales,Timbertown Camp Ground,camp_site,,,,,,
142.54001,-37.12998,Victoria,Breeze Holiday Parks - Grampians,caravan_site,,,,,,
152.29842,-26.5427,Queensland,The Gums,camp_site,,,,,,
150.19018,-33.18721,New South Wales,,camp_site,,0,,,0,1
150.13366,-36.06431,New South Wales,Tuross Beach Holiday Park,caravan_site,,,,,,
150.1338,-36.06432,New South Wales,Tuross Beach Holiday Park,camp_site,,,,,,
138.73764,-35.14623,South Australia,Rocky Creek Campground,camp_site,,,,,,
152.64004,-27.43251,Queensland,Geoff Fisher Bridge Rest Area,camp_site,free,,,,,
151.96405,-32.66339,,Big 4 Karuah Jetty,caravan_site,,,,,,
138.6852,-35.31884,South Australia,Stone Road Camp Site,camp_site,,,,,,
138.61389,-35.36181,South Australia,Mount Compass Caravan Park,caravan_site,,,,,,
138.68535,-35.22962,South Australia,Woodcutters Cottage,camp_site,,,,,,
150.3912,-34.91704,New South Wales,Toorooroo,camp_site,,,,,,
150.3006,-35.63751,New South Wales,Durras Beach North Tourist Park,camp_site,paid,1,,,1,
126.87218,-18.72646,Western Australia,Mary Pool (Mary River),camp_site,,,,,,
148.18139,-33.13175,New South Wales,Spicers Park Caravan Park,caravan_site,paid,,,,,
147.24934,-36.89427,Victoria,Pretty Valley Camping Area,camp_site,,,,,,
147.32767,-36.75642,Victoria,,camp_site,,,,,,
149.7555,-37.56091,Victoria,a'wangralea caravan park,caravan_site,,,,1,,
149.75509,-37.55942,Victoria,Mallacoota Beachcomber Caravan Park,caravan_site,,,,,,
150.72175,-35.13818,,Greenpatch Camping Area,camp_site,,,,,,
150.72419,-35.13868,,,camp_site,,,,,,
153.14078,-27.07825,,Big4 Sandstone Point Holiday Resort,caravan_site,,,,,,
148.30053,-42.12931,Tasmania,Freycinet National Park Campground (Sand dune sites 19-45),camp_site,paid,1,,0,1,
148.29657,-42.12446,Tasmania,Freycinet National Park Campground (Caravan sites 1-18),caravan_site,paid,1,,1,1,
148.2987,-42.13836,Tasmania,Freycinet National Park Campground (Honeymoon Bay sites 46-52),camp_site,paid,1,,0,1,
151.00094,-33.39744,New South Wales,Rosevale Farm Resort,camp_site,,,,,,
150.06952,-36.38154,New South Wales,BIG4 Wallaga Lake Holiday Park,caravan_site,,,,,,
149.96019,-33.20857,New South Wales,Woolshed Flat Campground,camp_site,free,1,,,0,
145.88555,-42.27097,Tasmania,Vera Hut Campsite,camp_site,,,,,0,1
149.55402,-33.43719,New South Wales,Max Cameron Campground,camp_site,,,,,,
152.76032,-26.91595,Queensland,One Less Car Parking (bus travellers and cyclists),camp_site,,,,,,
152.7617,-26.91625,Queensland,Pitch Luxury Glamping Village,camp_site,,,,,,
147.66284,-37.94677,Victoria,Camp Coolamatong Farm Camp,camp_site,paid,1,,,1,
151.46914,-32.05373,New South Wales,Wombat Creek Camping Area,camp_site,,,,,,
151.30979,-32.19943,New South Wales,Youngville Camping Area,camp_site,,,,,,
137.15007,-32.7318,South Australia,Knobbies Caravan and Camping Area,camp_site,paid,1,,0,1,
142.84105,-37.72004,Victoria,Lake Bolac Caravan Park,caravan_site,,,,,,
125.92853,-16.6576,Western Australia,Manning Gorge Campground,camp_site,,,,,,
153.07067,-27.00026,,Donnybrook Caravan Park,caravan_site,,,,,,
138.13518,-32.64789,South Australia,Stony Creek Bush Camp Caravan Park,caravan_site,,1,,,,
152.16031,-32.7119,,Halifax Holiday Park,camp_site,,,,,,
150.65628,-34.61932,New South Wales,Carrington Falls Campground,camp_site,paid,,,,,
141.48148,-31.94103,New South Wales,Silverland Caravan Park,caravan_site,,,,,,
138.67681,-31.09447,South Australia,,caravan_site,,,,,,
138.57939,-31.33374,South Australia,Brachina East Camp Ground,camp_site,,,,,,
138.62722,-31.33078,South Australia,Trezona Camp Ground,caravan_site,,,,,,
138.58095,-31.27875,South Australia,Aroona Campground,camp_site,,,,,,
138.58725,-31.29093,South Australia,Koolaman Camp Ground,camp_site,,,,,,
139.2953,-30.51911,South Australia,Weetootla Gorge Camp Ground,camp_site,,,,,,
149.03505,-34.8251,New South Wales,Crossroads Medieval Village,camp_site,,,,,,
139.33217,-30.31464,South Australia,,caravan_site,,,,,,
139.32998,-30.31672,South Australia,,camp_site,,,,,,
127.58593,-19.67448,Western Australia,Stretch Lagoon Camping Area,camp_site,,,,,,
139.17026,-30.55631,South Australia,Italowie Gap Campground,camp_site,,,,,,
153.01179,-26.57909,Queensland,Dunethin Rock Scout Campsite & Water Activity Centre,camp_site,paid,,,,,
150.97839,-33.40131,New South Wales,Koveda Holiday Park,caravan_site,,,,1,,
149.22328,-35.36376,New South Wales,Crestview Tourist Park,caravan_site,paid,1,,,,
150.98185,-33.39724,New South Wales,NSW Water Ski Gardens,caravan_site,,,,1,,
150.97152,-33.407,New South Wales,Carinya Ski Ranch,caravan_site,,,,,,
138.93612,-30.59599,South Australia,Iga-Warta Aboriginal Community,camp_site,,,,,,
150.32179,-35.62872,New South Wales,Depot Beach Campground,camp_site,paid,1,,,1,
147.39187,-40.99634,,,caravan_site,,,,,,
125.5089,-21.88171,Western Australia,,camp_site,,,,,,
151.83513,-26.98098,Queensland,Swinging Bridge Park,caravan_site,free,,,,,
115.97288,-33.93371,Western Australia,,camp_site,,,,,,
115.97145,-33.9343,Western Australia,,caravan_site,,,,0,,
151.50127,-30.63782,New South Wales,Uralla Caravan Park,caravan_site,paid,1,,1,,
151.49297,-30.64897,New South Wales,Country Road Caravan Park,caravan_site,paid,1,,1,,
150.93724,-31.10008,New South Wales,,caravan_site,,,,,,
145.4685,-17.28164,Queensland,BIG 4 NRMA Atherton Tablelands Holiday Park,caravan_site,,,,1,,
116.02464,-33.93725,Western Australia,,caravan_site,,,,,,
153.36838,-27.14979,Queensland,Ben Ewa,camp_site,,,,,,
145.38662,-35.8567,Victoria,Murray River Hideaway Holiday Park,caravan_site,,1,,,,
150.50026,-35.24873,New South Wales,,caravan_site,,,,,,
144.9568,-37.66963,Victoria,Sylvan Caravan Park,caravan_site,,,,,,
151.93667,-27.58782,Queensland,BIG4 Toowoomba Holiday Park,caravan_site,,,,,,
150.488,-35.26762,New South Wales,,caravan_site,,,,,,
153.20165,-27.06747,Queensland,Bribie Island Caravan Park,caravan_site,,,,,,
145.88982,-37.66887,Victoria,Upper Yarra Reservoir,camp_site,,,,,,
147.09398,-36.58529,Victoria,Mongans Bridge Caravan Park and Holiday Park,caravan_site,,,,,,
148.83528,-21.31064,Queensland,Pinevale camp ground,camp_site,,,,,,
148.83317,-36.50326,New South Wales,Snowy River Holiday Park,camp_site,paid,1,,1,1,
150.07014,-36.37378,New South Wales,BIG4 Wallaga Lake Holiday Park,caravan_site,,,,,,
127.83132,-15.72226,Western Australia,Home Valley Station Campground,camp_site,,,1,,1,
150.98585,-33.7876,New South Wales,Wickham Camping Area,camp_site,,,,,,
138.58848,-34.94723,South Australia,Adelaide Showground Caravan Park,caravan_site,,,,1,,
125.58322,-18.18583,Western Australia,Crossing Inn Caravan Park,caravan_site,,,,,,
150.40607,-35.44077,New South Wales,Holiday Haven Lake Tabourie,caravan_site,,,,1,,
150.42137,-35.41718,New South Wales,Wairo Beach Holiday Park,caravan_site,,,,,,
150.44142,-35.38901,New South Wales,Discovery Parks Burrill Lake,caravan_site,,,,1,,
145.92628,-17.34782,Queensland,,caravan_site,,,,1,,
135.44141,-25.38122,Northern Territory,,camp_site,paid,,,,,
147.36436,-37.71156,Victoria,Echo Bend Camp Site,camp_site,,,,,,
143.90478,-37.46582,Victoria,Slaty Creek Campground No2,camp_site,,,,,,
143.90861,-37.46756,Victoria,Slaty Creek Camp Ground No 3,camp_site,,,,,,
114.28123,-25.7437,Western Australia,Wooramel Riverside Retreat,caravan_site,paid,1,0,0,1,
132.67363,-23.68542,Northern Territory,Glen Helen Homestead Lodge Campground,caravan_site,paid,,,1,,
132.72642,-23.63252,Northern Territory,Ormiston Gorge,caravan_site,,,,,,
143.70826,-37.30988,Victoria,Cork Oaks,camp_site,,,,,,
144.57087,-18.20129,Queensland,Undara Experience,camp_site,,,,,,
144.5709,-18.20038,Queensland,Undara Experience,caravan_site,,,,,,
143.72498,-37.30631,Victoria,The Dam Campground,camp_site,,,,,,
143.72073,-37.31605,Victoria,Manna Gums Campground,camp_site,,,,,,
148.77691,-26.51398,Queensland,,caravan_site,,,,,,
148.78666,-26.55789,Queensland,Villa Holiday Park,caravan_site,,,,,,
152.13113,-32.76291,New South Wales,Samurai Beach Camp Ground,camp_site,,,,,,1
152.34678,-27.98066,Queensland,Manna Gum camping area Main Range NP,camp_site,,,,,,
152.34351,-27.97974,Queensland,Poplar Flat camping area Main Range NP,camp_site,,,,,,
152.34231,-27.97895,Queensland,Poplar Flat camping area Main Range NP,camp_site,,,,,,
148.29045,-41.23735,Tasmania,Jeanneret Beach Campground - Bay of Fires Cons Area,camp_site,,,,,,
148.28493,-41.23158,Tasmania,Swimcart Beach Campground - Bay of Fires Cons Area,camp_site,,,,,,
148.28252,-41.22547,Tasmania,Cosy Corner South Camp Ground,camp_site,,,,,,
148.28178,-41.221,Tasmania,Cosy Corner North Camp Ground,camp_site,,,,,,
132.17647,-11.13418,Northern Territory,Campground 2,camp_site,,,,,,
147.78339,-37.78938,Victoria,Lakes Bushland Caravan & Tourist Park,caravan_site,,,,1,,
138.75701,-35.06645,South Australia,Mylor Adventure Centre,camp_site,,,,,,
148.29671,-41.32518,Tasmania,Hillcrest Tourist Park,caravan_site,,,,,,
152.96713,-26.58832,Queensland,Nambour Caravan Park,caravan_site,,,,,,
139.49451,-20.70809,Queensland,Copper City Caravan Park,camp_site,,1,,,1,
115.02727,-33.61581,Western Australia,Mount Duckworth Campsite,camp_site,,,,,,1
147.20223,-34.81346,New South Wales,Coolamon Caravan Park,camp_site,,,,,,
148.37187,-34.55641,New South Wales,Harden Caravan Park,caravan_site,,,,,,
142.23162,-38.37493,Victoria,,caravan_site,,,,,,
148.37766,-20.37827,Queensland,Lake Proserpine Camp Area,camp_site,,,,,,
138.5157,-34.43845,South Australia,,camp_site,free,,,,,
152.967,-26.81402,Queensland,Landsborough Holiday Park,caravan_site,paid,1,1,1,,
145.22306,-15.70612,Queensland,The Lions Den Hotel,camp_site,,,,,,
144.85356,-15.85968,Queensland,Lakeland Caravan Park,camp_site,,,,,,
144.85408,-15.85894,Queensland,Lakeland Caravan Park,caravan_site,,,,,,
139.43988,-35.24098,South Australia,Waterfront Holiday Park,camp_site,paid,1,1,1,1,
144.68808,-37.19639,Victoria,,camp_site,,,,,,
137.08122,-34.92608,South Australia,Corny Point Caravan Park,caravan_site,paid,,,,,
136.8396,-35.23772,South Australia,Pondalowie Campground,camp_site,paid,,,,,
136.94162,-35.27355,South Australia,Stenhouse Bay Campground,camp_site,paid,,,,,
149.22547,-35.19732,New South Wales,Capital Country Holiday Park,caravan_site,,,,,,
148.09192,-37.72999,Victoria,,caravan_site,,,,,,
138.37138,-29.27522,South Australia,Clayton Wetlands Campsite,camp_site,,,,,,
152.90788,-25.29463,Queensland,Harbour View,caravan_site,,,,1,,
115.64119,-21.83729,Western Australia,Peedamulla Camp Ground,camp_site,,,,,,
150.03549,-35.26816,New South Wales,Wog Wog Campground,camp_site,free,1,,,0,
140.76284,-37.85615,South Australia,Pine Country Caravan Park,caravan_site,paid,1,1,1,,
148.98771,-35.66042,Australian Capital Territory,Orroral Campground - Namadgi NP,camp_site,paid,,,,,
137.92853,-33.60736,South Australia,Port Broughton Caravan Park,caravan_site,,,,,,
151.16843,-28.84826,Queensland,Southern Border Accommodation Park,caravan_site,,,,1,,
143.71179,-38.72443,Victoria,Skenes Creek Beachfront Park,caravan_site,,,,,,
143.89196,-38.63376,,Wye River Foreshore Camping Reserve,camp_site,,,,,,
140.83669,-17.48919,Queensland,Gulf Country Caravan Park,caravan_site,,,,,,
153.40235,-27.49471,Queensland,Bradbury's Beach Camping Ground,camp_site,paid,,,,,
148.85158,-20.36507,Queensland,Sandy Bay camping area,camp_site,,,,,,
142.85596,-11.63182,Queensland,Captain Billy Landing Campground,camp_site,,,,,,
142.41382,-11.38745,Queensland,Eliot Falls Campground,camp_site,paid,,,,,
142.28239,-11.1043,Queensland,,camp_site,,,,,,
149.06628,-27.15124,Queensland,Surat Cabins and Caravan Park,camp_site,paid,,,1,,
146.27253,-35.33882,New South Wales,Urana Caravan Park,caravan_site,,,,,,
142.3471,-10.88578,Queensland,Alau Beach Campgrounds,camp_site,,,,,,
142.36887,-10.84653,Queensland,,camp_site,,,,,,
142.38294,-10.83525,Queensland,Loyalty Beach Campground & Fishing Lodge,camp_site,,,,,,
142.46256,-10.72164,Queensland,Cape York Camping Punsand Bay,camp_site,,,,,,
152.955,-26.56756,Queensland,Yandina Caravan Park,caravan_site,,,,,,
147.41114,-19.65994,Queensland,,caravan_site,,,,,,
153.53227,-27.42677,,Cylinder Beach Camping Ground,camp_site,paid,1,,1,1,
145.07768,-38.41734,Victoria,Point Leo Foreshore Reserve,camp_site,paid,,,0,,
152.74179,-28.1971,Queensland,Kingsland Camping,camp_site,paid,,,,,
153.43282,-29.11816,New South Wales,Reflections Evans Head Riverside Precinct,camp_site,,,,,,
152.63501,-28.23453,Queensland,Mounty Barney Wilderness Camping campground,camp_site,,,,,,
134.49415,-23.59351,Northern Territory,Ross River Resort,caravan_site,paid,,,,,
134.39606,-23.52162,Northern Territory,Trephina Gorge Campground,camp_site,paid,,,,,
134.35566,-23.5404,Northern Territory,Rockhole Campground,camp_site,,,,,,
134.39207,-23.52424,Northern Territory,Bluff Campground,camp_site,,,,,,
145.95659,-17.65184,Queensland,Paronella Park,caravan_site,,,,,,
145.64996,-37.78384,Victoria,Wesburn Camp,camp_site,,,,,,
152.05451,-27.27154,Queensland,Self-contained Sites,camp_site,,,,,,
153.43816,-27.40354,Queensland,Amity Point Campground,camp_site,,1,,,1,
150.36479,-33.80216,New South Wales,Kedumba River Crossing campground,camp_site,,,,,,1
145.17973,-38.09311,Victoria,Carrum Downs Holiday Park,caravan_site,,,,,,
148.17315,-33.12264,New South Wales,Currajong Caravan Park,caravan_site,,,,,,
148.59215,-36.43288,New South Wales,,caravan_site,,,,,,
145.44133,-36.095,Victoria,Numurkah Caravan Park,caravan_site,,,,,,
152.64894,-28.19431,Queensland,Pointro Camp Ground,camp_site,,,,,,
151.93744,-28.37622,Queensland,The Springs Main Camp,camp_site,,,,,,
133.06619,-14.923,Northern Territory,Mataranka Roadhouse Caravan Park,caravan_site,,,,,,
148.94295,-32.54255,New South Wales,Riverside Caravan Park,caravan_site,,,,,,
151.06026,-31.03983,New South Wales,Kootingal Kourt Caravan Park,caravan_site,,,,,,
128.74259,-15.7827,Western Australia,Kununurra Lakeside Resort,caravan_site,,,,,,
148.64006,-35.59796,New South Wales,Cooleman Mountain Camp Site,camp_site,free,1,,,0,
148.538,-35.697,New South Wales,Long Plain Hut Camping Area,camp_site,,,,,,
148.53961,-35.69825,New South Wales,Long Plain Camping Area (for Horses),camp_site,,,,,,
150.39455,-28.93216,New South Wales,North Star Caravan Park,camp_site,paid,1,,1,1,
147.36428,-32.24603,New South Wales,Tottenham Caravan Park,caravan_site,paid,1,,1,1,
146.56972,-41.70756,Tasmania,Albatross Campground,camp_site,,,,,,
121.09185,-19.76868,Western Australia,Sandfire Caravan Park,caravan_site,paid,,,,,
144.72858,-36.14454,Victoria,Murray Glenn Lodge,caravan_site,,,,1,,
119.69789,-32.19489,Western Australia,HT47 Campsite,camp_site,,,,,,
120.07097,-31.95593,Western Australia,,camp_site,,,,,,
119.79824,-32.15331,Western Australia,HT41 Elevated campsite,camp_site,,,,,,
119.70692,-32.18702,Western Australia,HT45 Campsite,camp_site,,,,,,
146.0298,-17.54446,,BIG 4 Innisfail Mango Tree Tourist Park,caravan_site,,,,,,
144.09319,-18.51052,Queensland,Copperfield Lodge,caravan_site,,,,,,
152.75816,-27.62755,Queensland,,caravan_site,paid,,,1,,
153.08292,-30.33068,New South Wales,Koala Villas and Caravan Park,caravan_site,,,,,,
152.46208,-26.66242,Queensland,Jimna Base Camp,camp_site,paid,,,,,
152.71544,-30.32184,New South Wales,Dangar Falls Lodge Camp & Caravan,camp_site,paid,1,,1,1,
125.56786,-18.19335,Western Australia,Tarunda Caravan Park,caravan_site,,,,,,
152.37888,-27.08757,Queensland,Toogoolawah Free Camping Area,caravan_site,free,0,,,,
142.65201,-25.41923,Queensland,Windorah Caravan Park (New),caravan_site,,,,1,,
145.11494,-37.01945,Victoria,Seymour Reserve,camp_site,,,,,,
149.85809,-33.69958,New South Wales,Jenolan Caravan Park,caravan_site,paid,,,1,,
146.76205,-36.37153,Victoria,,camp_site,,,,,,
145.70061,-38.64308,Victoria,Inverloch Surfside Holiday Retreat,caravan_site,,,,,,
145.19032,-37.73309,Victoria,Longridge Camp Site,camp_site,free,,,,,
152.8489,-27.91618,Queensland,Ngumbi Camp Site,camp_site,,,,,,1
148.64026,-36.46166,New South Wales,Pat's Patch,caravan_site,,,,,,
143.1351,-37.00847,Victoria,Landsborough Caravan Park,caravan_site,,,,,,
153.2871,-28.80185,New South Wales,Lismore Palms Caravan Park,caravan_site,,,,,,
153.28895,-28.98873,New South Wales,Coraki Riverside Caravan Park & Campground,caravan_site,,,,,,
143.82551,-27.99733,Queensland,OVERFLOW ONLY - Napunyah Caravan Park,camp_site,paid,1,,1,1,
140.71784,-34.24232,South Australia,Campsite 25,camp_site,,,,,,
140.6686,-34.24233,South Australia,Campsite 7,camp_site,,,,,,
152.86274,-26.62133,Queensland,Lilyponds Holiday Park,caravan_site,,,,,,
153.59087,-28.78524,New South Wales,Reflections Lennox Head - Holiday Park,camp_site,,,,,,
148.65253,-36.10572,New South Wales,Braemar Bay Holiday Park,caravan_site,,,,,,
138.58289,-31.35731,South Australia,Cambrian Campground,camp_site,,,,,,
145.24241,-22.97642,Queensland,Aramac Freedom Park,camp_site,paid,0,,,,
145.10796,-37.45126,Victoria,Camp Warringal,camp_site,,,,,,
149.89056,-33.13897,New South Wales,Turon Gates campground,camp_site,,,,,,
152.78541,-27.55034,Queensland,Allawah Scout Campsite,camp_site,,,,,,
146.63721,-23.64474,Queensland,Alpha Showground - Events Only,camp_site,,1,,1,1,
146.17744,-42.11529,Tasmania,Lake St Clair Lodge,camp_site,paid,,,,1,
146.04256,-41.26523,Tasmania,Wings Camping Grounds,camp_site,paid,,,0,,
117.89954,-27.42102,Western Australia,Cue Caravan Park,caravan_site,,,,,,
152.98872,-30.65342,New South Wales,Aukaka Caravan Park,caravan_site,,,,,,
150.37146,-27.71723,Queensland,Moonie Rest Area,camp_site,,1,,,0,
151.35911,-30.46728,New South Wales,Yarrowyck Crossing,camp_site,free,1,,,0,
149.14682,-35.13721,,Northern Border Campsite,camp_site,,,,,,
146.58985,-36.12851,Victoria,Tuan Campsite,camp_site,,,,,,
149.87612,-37.07839,New South Wales,,caravan_site,,,,1,,
149.87731,-37.07749,New South Wales,,caravan_site,,,,,,
144.44399,-24.25707,Queensland,Isisford Barcoo Weir Camping Grounds (West),camp_site,paid,1,1,0,0,
145.46123,-24.42509,Queensland,Barcoo River Camp (Blackall),camp_site,paid,1,,,1,
139.84591,-36.83727,South Australia,Kingston Caravan Park,caravan_site,,,,,,
144.53897,-22.59569,Queensland,Muttaburra Freedom Park,camp_site,free,0,0,,,
150.26841,-33.67468,New South Wales,1st Blackheath Scouts Camp Ground,camp_site,,,,,,
145.73676,-35.35714,New South Wales,Jerilderie Motel & Caravan Park,caravan_site,,,,,,
144.13989,-35.64051,New South Wales,Barham Holiday Park,caravan_site,,,,,,
146.16492,-35.55804,New South Wales,Oaklands RV Park,caravan_site,,,,0,,
152.77761,-27.58555,Queensland,Ipswich Caravan Village,caravan_site,,,,1,,
138.07386,-29.6527,South Australia,Drovers Run Tourist Park,caravan_site,,,,,,
142.2174,-36.74461,Victoria,Horsham Holiday Park,caravan_site,paid,,1,1,,
151.11862,-29.29733,New South Wales,Severn River Rest Area,camp_site,free,1,,,0,
142.50349,-37.37173,Victoria,Jimmy Creek Campground,camp_site,paid,,,,,
142.27822,-37.25286,Victoria,Buandik Campground,camp_site,paid,,,,,
142.43059,-36.98667,Victoria,Troopers Creek Campground,camp_site,paid,,,,,
142.38315,-36.92367,Victoria,Stapylton (Gunigalk) Campground,camp_site,paid,,,,,
150.6069,-29.87708,New South Wales,Sunnyside - Gwydir River Camps,camp_site,,0,,,,
150.61989,-29.89028,New South Wales,Sunnyside Beach - Gwydir River Camps,camp_site,,0,,,,
150.62659,-29.8939,New South Wales,Honeymoon - Gwydir River Camps,camp_site,,0,,,,
150.63305,-29.90428,New South Wales,Honeymoon - Gwydir River Camps,camp_site,,0,,,,
142.0284,-34.12406,Victoria,Campground No1,camp_site,,,,,,
142.02868,-34.12453,Victoria,Campground No 2,camp_site,,,,,,
142.03147,-34.12804,Victoria,Campground No 4,camp_site,,,,,,
142.03099,-34.12771,Victoria,Campground No 3,camp_site,,,,,,
142.03203,-34.12844,Victoria,Campground No 5,camp_site,,,,,,
142.03275,-34.12886,Victoria,Campground No 6,camp_site,,,,,,
153.56656,-28.38247,,Tweed Holiday Parks - Pottsville North Caravan Park,caravan_site,,,,,,
132.2466,-14.48875,Northern Territory,Takaru - Northen Territory Katherine Low Level,caravan_site,,,,,,
151.42503,-33.01653,New South Wales,Bangalow Campground,camp_site,free,1,,,0,
151.4301,-33.01366,New South Wales,Gap Creek Campground,camp_site,free,1,,,,1
132.19797,-14.51879,Northern Territory,Manbulloo Homestead,camp_site,paid,,,,,
141.08758,-17.661,Queensland,Normanton RV Camp,caravan_site,free,0,0,0,,
151.69315,-32.04899,New South Wales,Gloucester Tops Riverside Caravan Park,caravan_site,,,,,,
142.2426,-18.21308,Queensland,Freedom Campimg by Permit,camp_site,paid,1,,0,1,
142.24585,-18.20189,Queensland,Croydon Caravan Park,camp_site,paid,1,,,1,
131.83497,-13.82083,Northern Territory,Lazy Lizard Caravan Park,caravan_site,,,,,,
144.67874,-17.34234,Queensland,Tamarind Gardens Tourist Park,camp_site,paid,1,,1,1,
151.8757,-26.31622,Queensland,Wondai Free Camp,camp_site,free,1,1,0,1,
132.29563,-14.42905,Northern Territory,Discovery Parks Katherine,caravan_site,paid,,,,,
149.96743,-32.8005,New South Wales,Apex Caravan Park,caravan_site,,,,,,
139.46857,-24.3632,Queensland,Bedourie Tourist Park,camp_site,paid,1,,1,1,
150.88544,-32.26756,New South Wales,Riverside Cabin and Van Park,caravan_site,,,,,,
143.04189,-22.37955,Queensland,"Winton Roadhouse, Cabins & Caravan Park",camp_site,paid,1,,1,1,
148.2465,-35.34229,New South Wales,Blowering Caravan Park,caravan_site,,,,,,
148.2395,-35.40208,New South Wales,Blowering Dam Campsite,camp_site,,,,,,
153.2226,-27.60248,Queensland,Cooinda,camp_site,free,,,,,
144.44487,-24.25279,Queensland,Isisford Barcoo Weir Camping Grounds (East),camp_site,paid,0,,0,0,
144.07853,-24.88364,Queensland,Yaraka Camping Grounds,camp_site,paid,1,,1,1,
144.31016,-26.58769,Queensland,The Lake,camp_site,paid,1,,1,1,
148.24145,-35.45114,New South Wales,Browns Creek Campsite,camp_site,,,,,,
153.07069,-25.81726,Queensland,,camp_site,,,,,,
153.06769,-25.81251,Queensland,,camp_site,,,,,,
146.71019,-37.83957,Victoria,Paradise Valley Camping Ground,camp_site,,,,,,
152.82969,-31.63356,New South Wales,Reflections North Haven - Holiday Parks,camp_site,paid,1,1,1,,
152.8276,-31.63526,New South Wales,North Haven Holiday Village,caravan_site,,,,,,
153.09716,-27.03183,,Toorbul Caravan Park,caravan_site,,,,,,
151.93678,-30.6663,New South Wales,Long Point Camping Area,camp_site,,,,,,
147.07256,-42.94643,Tasmania,Valley Campground,camp_site,paid,,,,,
118.49334,-26.59658,Western Australia,Meekatharra Accommodation Centre,caravan_site,,,,1,,
141.15284,-34.05491,,Devils Elbow,camp_site,,,,,,
152.5575,-26.35691,Queensland,Amamoor Creek camping area,camp_site,,,,,,
152.0987,-29.68771,New South Wales,Mann River Campground & Picnic Area,camp_site,paid,1,,,0,
152.58863,-29.83673,New South Wales,Buccarumbi Bridge Campground,camp_site,free,1,,,0,1
152.8925,-27.37807,Queensland,Jumbuck Nixon Glade,camp_site,,,,,,
152.89137,-27.37584,Queensland,Racoola Sherlock Glade,camp_site,,,,,,
152.99606,-27.52734,Queensland,Pamphlett-Tennyson Sea Scout Group,camp_site,,,,,,
152.88913,-31.41941,New South Wales,Jordan's Holiday Park,caravan_site,,,,,,
144.8172,-35.21575,New South Wales,Wanganella Creek Camp Park,camp_site,paid,1,,1,1,
142.2102,-34.18023,New South Wales,Rivergardens Holiday Park,caravan_site,,,,1,,
145.27884,-37.71718,Victoria,Clifford Park Activity Centre,camp_site,free,,,,,
152.79897,-31.64498,New South Wales,Laurieton Gardens Caravan Resort,caravan_site,,,,,,
150.99404,-24.72439,Queensland,Cania Gorge Tourist Retreat,camp_site,paid,1,,,,
148.03628,-42.62135,Tasmania,,camp_site,,,,,,
145.67588,-22.60369,Queensland,Lake Dunn Campground and Picnic Area,camp_site,paid,1,,1,1,
152.95895,-26.80982,Queensland,Boomajarril,camp_site,,,,,,
151.64014,-25.17523,Queensland,Mount Perry Caravan Park,camp_site,paid,1,,1,1,
132.57102,-25.132,Northern Territory,,camp_site,,,,,,
146.22211,-26.3897,Queensland,Charleville Bush Caravan Park,camp_site,paid,1,,1,1,
152.2573,-24.94341,Queensland,Wyper Park Scout Camp,camp_site,,,,,,
144.28308,-26.61376,Queensland,Bulloo River,camp_site,free,0,,,,
144.28438,-26.6136,Queensland,Bulloo River,camp_site,free,0,,,,
144.30668,-26.58516,Queensland,The Lake West Side,camp_site,paid,0,,0,0,
114.36589,-22.68649,Western Australia,Giralia Station,camp_site,paid,1,,1,1,
151.76963,-28.58225,Queensland,,camp_site,,,,,,
144.63283,-27.96706,Queensland,Yowah Rest Area,camp_site,paid,1,,,1,
144.63811,-27.97087,Queensland,Artesian Waters Caravan Park,camp_site,paid,1,,1,1,
145.02966,-36.13838,Victoria,Wakiti Creek Resort,caravan_site,,,,,,
152.66312,-31.89568,New South Wales,BIG4 Manning Point Holiday Park,caravan_site,,,,,,
151.04333,-33.40159,New South Wales,Mill Creek Campground,camp_site,paid,1,,,0,
146.28246,-20.06379,Queensland,BIG 4 Aussie Outback Oasis Holiday Park,caravan_site,,,,,,
150.98882,-32.10861,New South Wales,Reflections Lake Glenbawn - Holiday Park,camp_site,,,,,,
152.55174,-26.15472,Queensland,Glastonbury Creek Camping Area,camp_site,,,,,,
146.30222,-43.03818,Tasmania,Huon River Campground (Scotts Peak),camp_site,,1,,,,
150.13315,-26.92727,Queensland,Condamine River Caravan Park,camp_site,paid,1,,1,1,
150.09952,-26.50194,Queensland,Possum Park,camp_site,,1,,1,1,
149.97387,-26.12835,Queensland,Juandah Historic Site Camping,camp_site,paid,1,,1,1,
150.30097,-25.29445,Queensland,Cracow Campsite & Van Parking,camp_site,paid,1,,1,1,
137.78113,-32.99281,South Australia,Point Lowly,camp_site,paid,1,,,1,
144.22912,-23.40981,Queensland,Apex Park Bush Camp,camp_site,,,,,,
151.68369,-32.05814,New South Wales,Gloucester River Camping Area,camp_site,paid,1,,,0,
144.2239,-36.7109,Victoria,Myers Flat Rest Area,camp_site,,0,0,0,0,
145.60212,-41.08173,Tasmania,Oldina Campground,camp_site,,,,,,
151.4835,-31.91688,New South Wales,Devils Hole Camping Area,camp_site,,,,,,
150.78589,-31.90252,New South Wales,Washpool Camping Area,camp_site,,,,,,
147.25458,-35.18783,New South Wales,Uranquinty Caravan Park,caravan_site,,,,,,
145.52701,-37.72169,Victoria,Candlebark Farm,camp_site,,,,,,
117.90628,-34.9419,Western Australia,Seal,camp_site,,,,,,
117.90609,-34.9421,Western Australia,Green,camp_site,,,,,,
117.90651,-34.94164,Western Australia,Mozzie Central,camp_site,,,,,,
117.9062,-34.9416,Western Australia,Crusoe,camp_site,,,,,,
117.90605,-34.94138,Western Australia,Seagull,camp_site,,,,,,
117.90547,-34.94089,Western Australia,Saddle,camp_site,,,,,,
117.90578,-34.94114,Western Australia,,camp_site,,,,,,
142.47565,-37.43375,Victoria,Wannon Crossing Campground,camp_site,free,,,,,
146.42419,-36.75296,Victoria,Gentle Annie Caravan and Camping Reserve,caravan_site,,,,,,
140.54982,-34.45214,South Australia,Loxton Caravan Park,camp_site,,,,,,
150.86607,-32.04227,New South Wales,Scone Caravan Park,caravan_site,,,,,,
150.86996,-32.05655,New South Wales,Highway Caravan Park,caravan_site,paid,,,,,
150.42413,-34.8423,New South Wales,Coolendel Camp,camp_site,paid,1,,,1,
146.78843,-37.9848,Victoria,Heyfield RV Park,caravan_site,free,,,0,,
135.98834,-34.74353,,Engine Point Campground (S),camp_site,,,,,,
147.34775,-35.04207,New South Wales,Carinya Caravan Park,caravan_site,,,,,,
147.03332,-36.77375,Victoria,Discovery Parks - Bright,camp_site,,,,,,
145.86547,-37.05294,Victoria,Melbourne Outboard Club (Private),caravan_site,,,,,,
145.86213,-37.07857,Victoria,Peppin Point Holiday Park,caravan_site,,,,,,
152.66935,-25.55616,Queensland,Maryborough Caravan & Tourist Park,caravan_site,,,,,,
147.69868,-37.59258,Victoria,Deptford Camp Ground,camp_site,,,,,,
147.69775,-37.59298,Victoria,Deptford Campground,camp_site,,,,,,
147.69732,-37.59217,Victoria,Deptford Campground,camp_site,,,,,,
147.52704,-37.44635,Victoria,Marthavale Hut,camp_site,free,,,,,
147.61834,-37.38783,Victoria,Dawson City Campground,camp_site,free,,,,,
152.89749,-25.28322,Queensland,Windmill Caravan Park,camp_site,paid,,,,,
144.99432,-38.31126,Victoria,Valley Holiday Park,caravan_site,,,,,,
146.29663,-18.71634,Queensland,Forest Beach Hotel,caravan_site,,,,,,
122.46108,-17.85337,Western Australia,Broome's Gateway Caravan Park,camp_site,paid,,,,,
151.10432,-33.52255,New South Wales,Marramarra Creek Orchard Camp,camp_site,,,,,,1
151.08751,-33.52235,New South Wales,Marramarra Creek,camp_site,free,1,0,,0,1
146.77063,-38.48098,Victoria,White Womans Waterhole Campground,camp_site,,,,,,
150.71684,-30.74414,New South Wales,Manilla Freedom Camp - s/c,camp_site,paid,0,,,,
150.84736,-30.92879,New South Wales,Attunga Camp Ground,camp_site,free,1,,,0,
145.39151,-37.75846,Victoria,Lilydale Pine Hill Caravan Park,caravan_site,,,,1,,
138.14551,-34.18604,South Australia,Port Wakefield Caravan Park,caravan_site,,,,1,,
137.79573,-34.91641,,Oyster Point Caravan Park,caravan_site,,,,,,
137.80389,-34.9124,,Stansbury Caravan Park,caravan_site,paid,,,,,
146.33374,-18.52694,Queensland,BIG4 Lucinda Wanderers Holiday Park,caravan_site,,,,1,,
145.24826,-15.46926,Queensland,Cooktown Orchid Caravan Park,camp_site,,,,,,
134.6926,-14.7451,Northern Territory,Munbililla (Tomato Island),camp_site,paid,,,,,
148.01454,-33.40154,New South Wales,Forbes Holiday Park,caravan_site,,,,,,
139.04661,-35.50124,South Australia,Point Sturt Camp Ground,camp_site,free,,,,,1
152.24045,-26.74973,Queensland,Camp Duckadang,camp_site,,,,,,
149.93879,-36.79632,New South Wales,Hobart Beach,camp_site,paid,,,,1,
148.5615,-35.75396,New South Wales,Tantangara Creek Camping Ground,camp_site,,,,,,
136.10365,-34.37417,South Australia,CWA Caravan Park,camp_site,paid,,,,,
151.07771,-28.41536,Queensland,Spur-H Caravan Park,camp_site,paid,,,,,
115.78228,-32.58386,Western Australia,Murray River Caravan Park,caravan_site,,,,1,,
150.59497,-35.15365,,Badgee Park Caravan And Camping Area,camp_site,,,,,,
152.84448,-27.52167,Queensland,Tyamolum Scout Campground,camp_site,,,,,,
152.45822,-27.44034,Queensland,Atkinson Dam Scout Group,camp_site,,,,,,
150.95543,-34.26958,New South Wales,,camp_site,,,,,,
144.50886,-35.98855,Victoria,All the Rivers Run Caravan Park,caravan_site,,,,,,
140.70316,-37.35795,South Australia,Penola Conservation Park,camp_site,,,,,,
143.48419,-34.95058,New South Wales,Kyalite Pub Caravan Park,camp_site,paid,1,,,1,
146.92058,-29.98293,New South Wales,Four Mile Campground,camp_site,free,1,0,0,1,
142.06321,-34.09906,New South Wales,Ramon Deed Veterans Retreat,camp_site,,1,,1,1,
149.91245,-36.89692,New South Wales,The Black Dolphin,caravan_site,,,,,,
139.439,-34.10402,South Australia,Mount Mary Free Camping,camp_site,,0,,,,
151.8534,-31.16029,New South Wales,Tia Falls Campground,camp_site,,,,,,
134.67537,-33.23312,,Venus Bay Beachfront Tourist Park,camp_site,paid,1,1,1,1,
145.58166,-37.89913,Victoria,Scout Loop Track Campground,camp_site,free,,,,,
148.22008,-35.64341,New South Wales,Buddong Hut Camp Site,camp_site,free,,,,0,
145.98628,-38.88849,,Bear Gully Campground,camp_site,paid,1,0,0,0,
148.16692,-35.71263,New South Wales,Paddys River Dam Campsite,camp_site,free,,,,,
148.2458,-35.64262,New South Wales,Buddong Falls Campground,camp_site,free,1,,,0,
121.02828,-29.69409,Western Australia,Menzies Caravan Park,camp_site,,,,,,
148.43225,-35.40062,New South Wales,Rock Flat Campground,camp_site,,,,,,
148.42931,-35.3992,New South Wales,Camp Hudson,camp_site,,,,,,
146.53221,-38.34303,Victoria,Koornalla Reserve,camp_site,free,0,,,,
136.3439,-34.11575,South Australia,Port Neill RV Park,camp_site,paid,0,,,,
136.35164,-34.11889,,Port Neill Caravan Park,camp_site,paid,1,,1,1,
136.57394,-33.91786,South Australia,Beach Front Arno Bay Caravan Park,camp_site,,1,,1,1,
136.57223,-33.91711,South Australia,Hotel Arno RV Parking,camp_site,paid,,,,,
136.80149,-33.80136,South Australia,Port Gibbon Foreshore,camp_site,,1,,0,1,
136.92254,-33.6952,South Australia,Cowell Motorhome Park,caravan_site,paid,0,,,,
136.92604,-33.6859,South Australia,Cowell Foreshore Caravan Park,camp_site,,1,,1,1,
136.41449,-33.13382,South Australia,Kimba Recreation Reserve,camp_site,free,1,,0,1,
150.88167,-33.49677,New South Wales,Sackville Ski Gardens Caravan Park,caravan_site,,,,,,
150.87453,-33.49669,New South Wales,Ulinbawn Ski Park,caravan_site,,,,,,
149.29135,-30.74511,New South Wales,Salt Caves Campground,camp_site,,,,,,
145.01966,-37.35316,Victoria,Wandong Australiana Caravan Park,caravan_site,,,,,,
145.9746,-36.01879,Victoria,Yarrawonga Riverlands Tourist Park,caravan_site,,,,,,
120.10696,-21.88832,Western Australia,Nullagine Carvan Park,caravan_site,,,,,,
143.00425,-35.99542,Victoria,,camp_site,,,,,,1
148.97732,-31.27949,New South Wales,Camp Wambelong,camp_site,,,,,,
148.99562,-31.27534,New South Wales,Camp Walaay,camp_site,paid,,,1,,
148.99801,-31.27591,New South Wales,Camp Blackman 3,camp_site,paid,1,,1,,
148.99909,-31.27762,New South Wales,Camp Blackman 2,camp_site,paid,1,,1,,
148.99633,-31.27736,New South Wales,Camp Blackman 1,camp_site,paid,1,,0,1,
137.74667,-35.09038,,Edithburgh Caravan Park,caravan_site,,,,,,
142.91076,-35.98222,Victoria,,caravan_site,,,,,,
144.31606,-36.69418,Victoria,Gold Nugget Tourist Park,caravan_site,paid,,1,,,
152.04414,-28.19383,Queensland,,caravan_site,,,,,,
152.01944,-28.22905,Queensland,BIG4 Freedom Lifestyle Holiday Park Warwick,caravan_site,paid,1,1,1,,
151.98171,-26.25654,Queensland,Barambah Bush Caravan & Camping Park,camp_site,paid,1,1,1,1,
150.72606,-34.90459,New South Wales,Pine Park Tourist Grounds and Marina,caravan_site,,,,,,
142.16351,-34.15375,,Apex RiverBeach Holiday Park,caravan_site,,,,1,,
142.85021,-35.5968,Victoria,Green Lake,camp_site,,1,1,1,1,
143.37841,-35.18228,Victoria,Nyah Village Caravan Park,caravan_site,,,,,,
143.53055,-35.28535,Victoria,Hilltop Resort,caravan_site,,,,,,
146.24058,-37.55941,Victoria,Scotts Reserve,camp_site,,,,,,
138.95147,-34.53063,South Australia,Tanunda Caravan & Tourist Park,caravan_site,,,,,,
144.79292,-36.11321,New South Wales,Discovery Parks - Horseshoe Lagoon,caravan_site,,,,,,
143.97423,-38.53456,Victoria,Lorne Foreshore Caravan Park - Ocean Road,caravan_site,,,,,,
143.97474,-38.53545,Victoria,Lorne Foreshore Caravan Park - Erskine River,caravan_site,,,,,,
143.97604,-38.53557,Victoria,Lorne Foreshore Caravan Park - Top Bank,caravan_site,,,,,,
145.97731,-27.24394,Queensland,Wyandra Camping,camp_site,paid,1,,0,1,
149.07111,-35.31127,Australian Capital Territory,Yarralumla BNT campsite,camp_site,,,,,,
145.56273,-35.81969,New South Wales,Bushlands on the Murray Holiday Resort,caravan_site,,,,,,
143.35172,-36.26737,Victoria,,caravan_site,,,,,,
146.15971,-36.03014,Victoria,Bundalong Holiday Resort,caravan_site,,,,,,
115.86405,-32.29201,Western Australia,Golden Ponds,caravan_site,,,,1,,
144.79312,-36.12344,Victoria,Discovery Parks Echuca,caravan_site,,,,,,
144.77136,-36.12775,Victoria,Rich River Tourist Park,caravan_site,,,,,,
144.30223,-35.90371,Victoria,Leitchville Van Camp,caravan_site,,,,,,
144.36327,-35.9553,Victoria,Gunbower Caravan Park,caravan_site,,,,,,
149.47597,-21.74259,Queensland,Notch Point Campground,camp_site,free,,,,,
145.68151,-35.94944,Victoria,Cobram East Caravan Park,caravan_site,,,,,,
152.69842,-26.23693,Queensland,Twin Lakes Village Caravan Park,caravan_site,,,,,,
152.91227,-25.7222,Queensland,,caravan_site,,,,,,
143.19459,-36.26123,Victoria,Wooroonook Lake,camp_site,,,,,,
140.88026,-37.22552,South Australia,Coonawarra Bush Holiday Park,caravan_site,,,,,,
152.52006,-32.30377,New South Wales,Tiona Holiday Park,caravan_site,paid,,,,,
152.74891,-29.92377,New South Wales,Nymboida Camping and Canoeing,camp_site,paid,1,1,1,,
145.54498,-38.41976,Victoria,Grantville Lodge,camp_site,,,,,,
143.9298,-37.5647,Victoria,Shady Acres Caravan Park,caravan_site,,,,,,
143.69415,-37.16882,Victoria,,caravan_site,,,,,,
152.50827,-32.06358,New South Wales,Hallidays Point Caravan Park & Cabin Accommodation,caravan_site,,,,,,
151.96437,-32.65388,New South Wales,Karuah Caravan Park,caravan_site,,,,,,
145.64528,-19.41137,Queensland,Bluewater Springs Roadhouse,camp_site,paid,1,,1,1,
150.50036,-35.24845,New South Wales,Rustic Caravan Park,caravan_site,paid,,,,,
142.44746,-13.06247,Queensland,Merluna Station Campground,camp_site,paid,1,,,1,
152.95239,-26.82076,Queensland,General Camping,camp_site,,,,,,
152.95241,-26.81916,Queensland,Group Camping,camp_site,,,,,,
143.5761,-14.97869,Queensland,Artemis Station Campsite,camp_site,paid,,,0,,
147.97953,-35.81181,New South Wales,Lake Mannus Campground,camp_site,,,,,,
145.42069,-16.32959,Queensland,Daintree Beach Resort,camp_site,,,,,,
147.72002,-23.46582,Queensland,Sapphire 48Hr Camping Reserve,camp_site,,1,,,,
147.72246,-23.46651,Queensland,Blue Gem Tourist Park,camp_site,paid,,,,,
148.15746,-23.53215,Queensland,Emerald Tourist Park,camp_site,paid,1,1,1,1,
151.93762,-26.24219,Queensland,Murgon Free Camp,camp_site,,1,1,0,1,
145.39839,-37.99265,Victoria,Dallas Brooks Scout Park,camp_site,,,,,,
146.78405,-19.27232,Queensland,The Lakes Holiday Park,caravan_site,,,,,,
146.9114,-43.29873,Tasmania,Esperance River Campsite,camp_site,,,,,,
150.46266,-27.27398,Queensland,Tara Lagoon Parklands (3 loc),camp_site,paid,1,,1,1,
150.46144,-27.27234,Queensland,Tara Lagoon Parklands (3 loc),camp_site,paid,1,,1,1,
150.46014,-27.27228,Queensland,Tara Lagoon Parklands (3 loc),camp_site,paid,1,,1,1,
145.46398,-17.01626,Queensland,Trinity Plains Caravan Park,camp_site,paid,1,1,1,1,
144.99639,-21.41979,Queensland,Moorrinya National Park Campground,camp_site,,1,0,,,
151.57301,-32.7425,New South Wales,Maitland Caravan Park,caravan_site,,,,,,
151.56517,-32.74267,New South Wales,Coach Stop Caravan Park,caravan_site,,,,,,
151.14876,-32.55289,New South Wales,Country Acres Caravan Park,caravan_site,,,,,,
151.16646,-32.55715,New South Wales,Cara Court Caravan Park,caravan_site,,,,,,
153.40708,-27.50386,Queensland,Adams Beach Campground,camp_site,,,,,,
137.17692,-35.98386,South Australia,Vivonne Bay Campground,camp_site,,,,,,
151.33814,-32.83156,New South Wales,Ingenia Holidays Hunter Valley,camp_site,,,,,,
148.91313,-34.84204,New South Wales,,caravan_site,,,,,,
136.63771,-35.75115,South Australia,Harveys Return Campground,camp_site,,,,,,
136.97176,-35.67781,South Australia,Western River Cove,camp_site,,,,,,
136.86654,-36.0005,South Australia,Tea Tree Campsite,camp_site,,,,,,
137.77066,-35.78768,,American River Campground,camp_site,,,,,,
149.93454,-36.73534,New South Wales,Kalaru Holiday Village,caravan_site,,,,,,
143.46785,-37.09384,Victoria,Avoca Caravan Park,camp_site,paid,1,,,1,
114.46122,-26.41072,Western Australia,,camp_site,,,,,,
145.69915,-37.19484,Victoria,,caravan_site,,,,,,
116.68171,-28.34482,Western Australia,Yalgoo Caravan Park,caravan_site,,,,1,,
117.85032,-28.06682,Western Australia,,caravan_site,,,,,,
147.42213,-38.19434,Victoria,,camp_site,,,,,,
149.55206,-33.43724,New South Wales,Max Cameron Campground A,camp_site,,,,,,
149.55386,-33.43718,New South Wales,Max Cameron Campground B,camp_site,,,,,,
149.55589,-33.43687,New South Wales,Max Cameron Campground C,camp_site,,,,,,
149.56527,-33.44283,New South Wales,Chase Campground C,camp_site,,,,,,
149.56616,-33.44344,New South Wales,Chase Campground D,camp_site,,,,,,
149.56546,-33.44639,New South Wales,Orchard Campground,camp_site,,,,,,
149.56538,-33.44521,New South Wales,Chase Campground B,camp_site,,,,,,
149.5635,-33.4461,New South Wales,Orchard Campground A,camp_site,,,,,,
149.56501,-33.44636,New South Wales,Orchard Campground B,camp_site,,,,,,
149.56698,-33.4466,New South Wales,Orchard Campground C,camp_site,,,,,,
149.56182,-33.44853,New South Wales,Enduro Campground,camp_site,,,,,,
149.54441,-33.45209,New South Wales,Reid Sulman Campground,camp_site,,,,,,
149.54888,-33.45669,New South Wales,McPhillamy Campground,camp_site,,,,,,
149.54713,-33.45665,New South Wales,McPhillamy Campground A,camp_site,,,,,,
149.54969,-33.45739,New South Wales,McPhillamy Campground B,camp_site,,,,,,
152.3076,-32.54957,New South Wales,Banksia Green Camping Area,camp_site,paid,1,0,0,0,0
116.61298,-20.85404,Western Australia,Miaree Pool Rest Area,camp_site,free,,,,,
148.58163,-32.28398,New South Wales,Zoofari Lodge,camp_site,,,,,,
136.65645,-35.95172,South Australia,,camp_site,,,,,,
134.5321,-32.40452,South Australia,Wirrulla Progress Caravan Park,camp_site,paid,1,,1,1,
151.93465,-28.83291,Queensland,Bald Rock Creek Camping Area,camp_site,,,,,,
150.3887,-35.53704,New South Wales,Racecourse Beach Tourist Park,caravan_site,,,,,,
152.06809,-32.77035,New South Wales,Emerald Tiki Village Caravan Park,caravan_site,,,,,,
152.06808,-32.77114,New South Wales,The Retreat Port Stephens,caravan_site,,,,,,
113.71602,-22.49667,Western Australia,Winderabandi Campground,camp_site,paid,,,,,
146.16401,-43.41812,Tasmania,Melaleuca Campground,camp_site,free,,,,0,1
138.02362,-33.18281,South Australia,Port Pirie Beach Caravan Park,caravan_site,paid,,,1,,
113.79114,-23.32306,,Sandy Point,camp_site,paid,,,,,
113.79236,-25.15501,Western Australia,New Beach,camp_site,paid,,,,,
148.57754,-32.27572,New South Wales,Billabong Camp,camp_site,,,,,,
134.29487,-32.66118,South Australia,Perlubie Beach,camp_site,,1,0,0,0,1
150.20358,-35.82779,New South Wales,Barling Beach Holiday Park,caravan_site,paid,1,1,1,1,
146.02132,-37.9408,Victoria,Forest Edge CYC,camp_site,,,,,,
152.30143,-32.50703,New South Wales,Myall Shores Holiday Park,caravan_site,paid,,,1,,
141.23993,-36.38134,Victoria,Kaniva Caravan Park,caravan_site,,,,,,
144.89491,-38.35779,Victoria,Rosebud Foreshore Section 10B,caravan_site,,,,,,
144.89312,-38.35838,Victoria,Rosebud Foreshore Section 10A,caravan_site,,,,,,
144.88747,-38.35991,Victoria,Rosebud Foreshore Section 11,caravan_site,,,,,,
150.58595,-35.17575,New South Wales,A Friend's Place,camp_site,,,,,,
150.55874,-35.19558,New South Wales,Holiday Haven Swan Lake,caravan_site,paid,,,1,,
137.99997,-33.02228,South Australia,Port Germein Caravan Park,caravan_site,paid,1,,1,1,
145.42175,-38.40848,Victoria,Corinella Foreshore Caravan Park,camp_site,,,,,,
131.81114,-31.49504,South Australia,Yalata Caravan Park,camp_site,paid,1,,,1,
138.33589,-35.43913,South Australia,Dzintari Group Accommodation,camp_site,paid,,,,,
140.71929,-37.10437,South Australia,Bool Lagoon Camping Area,camp_site,,,,,,
150.59579,-35.16763,,Riverside Caravan Park,camp_site,,,,,,
150.59302,-35.16913,,Seacrest Waterfront Caravan Park,camp_site,,,,,,
150.58982,-35.17473,New South Wales,Alamein Caravan Park,camp_site,,,,,,
147.32888,-35.8993,New South Wales,Samual Bollard Campground,camp_site,paid,1,,,,
144.24939,-23.43634,Queensland,Longreach Showgrounds,camp_site,,,,,,
115.55586,-28.9578,Western Australia,Miners Camp,camp_site,,1,,0,0,
118.20626,-30.91999,Western Australia,Mukinbudin Caravn Park,camp_site,paid,1,,1,1,
117.87016,-30.45276,Western Australia,Beacon Caravan Park,camp_site,paid,1,,1,1,
117.11354,-30.36001,Western Australia,Kalannie Rabbit Proof Fence Caravan Park,camp_site,paid,1,,1,1,
150.60129,-35.07758,New South Wales,,camp_site,,,,,,
115.33105,-30.05808,Western Australia,Half Way Mill Caravan Park,camp_site,paid,1,,1,1,
149.45572,-33.14723,New South Wales,Bruinbun Reserve,camp_site,,1,,,0,
149.40568,-33.07267,New South Wales,Cave Hole Reserve,camp_site,,0,,,0,
149.40067,-33.07962,New South Wales,Mary Flynn Reserve,camp_site,,,,,0,
149.39773,-33.09794,New South Wales,Grimleys Hotel Reserve,camp_site,,,,,0,
149.39402,-33.10051,New South Wales,Randwick Hole Reserve,camp_site,,1,,,0,
149.41256,-33.11735,New South Wales,Johnsons Hole Reserve,camp_site,,1,,,0,
149.42936,-33.13478,New South Wales,Black Gate Reserve,camp_site,,1,,,0,
149.43535,-33.14031,New South Wales,Tattersalls Hole Reserve,camp_site,,1,,,0,
149.44741,-33.15051,New South Wales,Amy Anderson Reserve,camp_site,,1,,,0,
115.26411,-29.82339,Western Australia,Eneabba Overnight Stay,camp_site,paid,1,,0,1,
115.22453,-29.6254,Western Australia,Western Flora Caravan Park,camp_site,paid,1,,1,1,
115.43783,-29.19206,Western Australia,Mingenew Spring Caravan Park,camp_site,,1,,1,1,
150.75574,-33.59615,New South Wales,Wanderest Travellers Park,camp_site,paid,1,,,1,
115.76127,-29.53776,Western Australia,Three Springs Short Stay Caravan Park,camp_site,free,1,,0,1,
115.66834,-32.84712,Western Australia,Martins Tank,camp_site,paid,,,,,
151.14094,-33.53175,,"Twin Beaches Campground, north",camp_site,paid,1,,,0,1
151.14024,-33.53544,,"Twin Beaches Campground, south",camp_site,paid,1,,,0,1
150.73271,-33.41962,New South Wales,Upper Colo Reserve,camp_site,paid,1,,,0,
150.89201,-33.55423,New South Wales,Cattai Campground,camp_site,paid,1,,,1,
115.9805,-33.38835,Western Australia,Potters Gorge,camp_site,paid,1,0,0,0,
150.96978,-33.40161,New South Wales,,camp_site,paid,1,,,1,
150.96737,-33.40437,New South Wales,,camp_site,paid,1,,,1,
115.08737,-34.11782,Western Australia,Jarrahdene Campground,camp_site,paid,,,,,
147.39354,-38.21737,,Campground C1,camp_site,free,,,,,
147.38921,-38.22068,,Campground C2,camp_site,free,,,,,
147.37694,-38.22985,Victoria,Campground C4,camp_site,free,,,,,
147.37581,-38.23073,Victoria,Campground C5,camp_site,free,,,,,
147.36975,-38.23527,Victoria,Campground C6,camp_site,free,,,,,
147.36526,-38.23907,Victoria,Campground C7,camp_site,free,,,,,
147.35869,-38.24413,Victoria,Campground C8,camp_site,free,,,,,
147.35598,-38.24656,Victoria,Campground C9,camp_site,free,,,,,
147.34353,-38.25613,Victoria,Campground C10,camp_site,free,,,,,
147.34041,-38.25883,Victoria,Campground C11,camp_site,free,,,,,
147.3116,-38.28158,Victoria,Campground C12,camp_site,free,,,,,
147.25974,-38.32249,Victoria,Campground C14,camp_site,free,,,,,
147.25871,-38.32348,Victoria,Campground C15,camp_site,free,,,,,
147.25595,-38.32561,Victoria,Campground C16,camp_site,free,,,,,
147.25471,-38.32641,Victoria,Campground C17,camp_site,free,,,,,
147.24519,-38.33384,Victoria,Campground C18,camp_site,free,,,,,
147.2437,-38.33547,Victoria,Campground C19,camp_site,free,,,,,
139.99345,-37.45229,South Australia,Three Mile Bend camping area,camp_site,,,,,,
151.96118,-27.46311,Queensland,Koojarewon Lutheran Camp,camp_site,,,,,,
150.94843,-34.2874,New South Wales,Coledale Beach Camping Reserve,camp_site,paid,1,1,1,1,
151.95806,-27.43629,Queensland,Wirraglen Scout Camp,camp_site,,,,,,
125.00795,-17.44247,Western Australia,gravel pit campsite,camp_site,,,,,,
117.87886,-32.33166,Western Australia,Corrigin Caravan Park,camp_site,,,,,,
116.87268,-32.80921,Western Australia,Gnaala Mia Campground,camp_site,paid,1,,,0,
151.88421,-27.56112,Queensland,Toowoomba Showgrounds Caravan Park,camp_site,paid,,,,1,0
150.21731,-35.34028,New South Wales,Yadboro Flat,camp_site,,,,,0,
118.15222,-31.87336,Western Australia,48Hr RV Parking Self Contained,camp_site,free,0,,,,
150.16418,-30.28105,New South Wales,Dawsons Spring Campground,camp_site,paid,1,,,1,
117.18544,-31.1386,Western Australia,Minnivale Camground,camp_site,paid,1,,,1,
117.03298,-31.19524,Western Australia,Dowerin Motel and Caravan Park,camp_site,,,,,,
117.03343,-31.18997,Western Australia,Doweriin Short Stay Accomodation and Caravan Park,camp_site,paid,1,,1,1,
118.51088,-33.5351,Western Australia,Pingrup End of the Line Caravan Park and Outback Accomodation,camp_site,paid,1,,1,,
149.93347,-36.81399,New South Wales,Bournda National Park Field Studies Huts,camp_site,,,,,,
115.89268,-33.70799,Western Australia,Kirup Tavern Caravan Park,camp_site,paid,1,,1,1,
117.61387,-34.49081,Western Australia,Kendenup Agricutural Grounds Nature Based Campground,camp_site,paid,1,,1,1,
115.87508,-34.53853,Western Australia,Leaning Marri,camp_site,paid,,,,,
118.21433,-34.92125,Western Australia,Normans Beach,camp_site,free,1,,,0,
118.17967,-34.93801,Western Australia,East Bay,camp_site,free,1,,,0,
118.20812,-34.93698,Western Australia,Bettys Beach,camp_site,free,1,,,0,
150.59599,-35.15373,,,camp_site,,,,,,
145.67534,-42.09617,Tasmania,Lake Burbury Campground,camp_site,,1,,,,
145.393,-37.47015,Victoria,The Gums Campground,camp_site,paid,,,,,
152.24972,-28.00082,Queensland,Camp site #2,camp_site,,,,,,
152.25341,-27.99642,Queensland,main camp site,camp_site,,,,,,
126.1253,-16.53885,Western Australia,Barnett River Campsite,camp_site,,,,,,
120.13564,-33.91811,Western Australia,Wavecrest Village & Tourist Park,camp_site,paid,,,,,
144.41084,-28.9963,Queensland,Southern Cross Caravan Park,camp_site,paid,1,,,1,
134.24131,-22.96863,Northern Territory,Gemtree Caravan Park,caravan_site,paid,,,1,,
130.78367,-13.40433,Northern Territory,Surprise Creek Falls,camp_site,,,,,,
130.74501,-13.24997,Northern Territory,Tjaynera Falls Campground (Sandy Creek campground),camp_site,,,,,,
122.45491,-17.85098,Western Australia,Broome's Gateway Caravan Park,camp_site,paid,1,,1,1,
114.69161,-27.82527,Western Australia,Galena Bridge Rest Area North (Murchison River),camp_site,,1,,,0,
138.44504,-33.56845,South Australia,Yacka Caravan Park,camp_site,paid,1,,1,1,
152.89034,-27.37213,Queensland,Kulgun Glade,camp_site,,,,,,
152.89075,-27.37343,Queensland,Cub Scout Glade,camp_site,,,,,,
152.89113,-27.37275,Queensland,Chernobyl Glade,camp_site,,,,,,
152.89153,-27.37361,Queensland,The Drum Glade,camp_site,,,,,,
149.43126,-33.13178,New South Wales,Native Dog Reserve,camp_site,,0,,,0,
146.54037,-34.76316,New South Wales,Narrandera Caravan Park,camp_site,paid,1,1,1,1,
147.47777,-35.15351,New South Wales,Wagga Wagga Tourist Park,caravan_site,,,,,,
147.46524,-35.14891,New South Wales,Airport Tourist Park,camp_site,,,,,,
117.66011,-34.61713,Western Australia,,caravan_site,,,,,,
117.97618,-34.94165,Western Australia,Kalgan River Caravan Park and Chalets,caravan_site,,,,,,
130.29542,-15.9714,Northern Territory,East Baines Crossing,camp_site,,,,,,
130.20003,-15.88866,Northern Territory,Drovers Rest,camp_site,,,,,,
149.3485,-36.17428,New South Wales,Badja Recreation Reserve - West,camp_site,free,1,,,0,
141.44235,-31.90732,New South Wales,Starview Primitive Campsite,camp_site,,1,1,0,1,
120.03861,-33.92261,Western Australia,Four Mile Campground,camp_site,,,,,,
149.69521,-34.77143,New South Wales,South Goulburn Caravan Park,caravan_site,paid,1,,,1,
143.36711,-37.0985,Victoria,Waterfalls Campground,camp_site,free,1,0,,,
114.12919,-21.93019,Western Australia,Exmouth Overflow Camp Grounds,camp_site,,,,,,
116.02798,-32.7022,Western Australia,Marrinup Townsite Camping Area,camp_site,free,1,,,,
135.58831,-32.55694,South Australia,Kolah Hut Camping Area,camp_site,paid,,,,,
153.33884,-24.96641,Queensland,Waddy Point Beachfront Campground,camp_site,,,,,,
146.55697,-37.17292,Victoria,,camp_site,,,,,,
146.32604,-38.32257,Victoria,RV stop,caravan_site,paid,,,0,,
137.88219,-34.60701,South Australia,Black Point Caravan Park,camp_site,paid,,,,,
135.99768,-34.51239,,Moonlight Bay,camp_site,free,,,,,
146.08957,-17.55752,Queensland,Etty Bay Cabins and Caravan Park,camp_site,,,,,,
141.4054,-37.58129,Victoria,Casterton Council Caravan Park,camp_site,,,,,,
114.61612,-28.65424,Western Australia,Drummonds Cove Holiday Park,caravan_site,paid,,,1,,
149.0359,-33.84745,New South Wales,Butchers Flat,camp_site,,,,,,
138.35738,-17.4547,Queensland,Hells Gate Roadhouse Camping,camp_site,paid,,,,,
146.13536,-41.13803,,Blue Wren Gardens and Accommodation,caravan_site,,,,,,
139.50525,-35.30098,South Australia,,caravan_site,,,,,,
139.50535,-35.30111,South Australia,,caravan_site,,,,,,
139.5043,-35.30105,South Australia,,caravan_site,,,,,,
139.50416,-35.30113,South Australia,,caravan_site,,,,,,
139.50443,-35.30098,South Australia,,caravan_site,,,,,,
139.50458,-35.3009,South Australia,,caravan_site,,,,,,
139.50401,-35.30047,South Australia,,caravan_site,,,,,,
139.50416,-35.30039,South Australia,,caravan_site,,,,,,
139.50374,-35.30062,South Australia,,caravan_site,,,,,,
139.50389,-35.30054,South Australia,,caravan_site,,,,,,
139.50362,-35.30069,South Australia,,caravan_site,,,,,,
139.50347,-35.30079,South Australia,,caravan_site,,,,,,
139.50403,-35.30119,South Australia,,caravan_site,,,,,,
139.50386,-35.30121,South Australia,,caravan_site,,,,,,
139.50536,-35.30066,South Australia,,caravan_site,,,,,,
139.5053,-35.30059,South Australia,,caravan_site,,,,,,
139.50525,-35.30052,South Australia,,caravan_site,,,,,,
139.50519,-35.30045,South Australia,,caravan_site,,,,,,
139.50513,-35.30038,South Australia,,caravan_site,,,,,,
139.50508,-35.30031,South Australia,,caravan_site,,,,,,
139.50502,-35.30025,South Australia,,caravan_site,,,,,,
139.50496,-35.30018,South Australia,,caravan_site,,,,,,
139.5049,-35.30011,South Australia,,caravan_site,,,,,,
139.50484,-35.30004,South Australia,,caravan_site,,,,,,
139.50479,-35.29997,South Australia,,caravan_site,,,,,,
139.50473,-35.2999,South Australia,,caravan_site,,,,,,
139.50497,-35.29976,South Australia,,caravan_site,,,,,,
139.50502,-35.29983,South Australia,,caravan_site,,,,,,
139.50508,-35.2999,South Australia,,caravan_site,,,,,,
139.50561,-35.30053,South Australia,,caravan_site,,,,,,
139.50554,-35.30045,South Australia,,caravan_site,,,,,,
139.50548,-35.30038,South Australia,,caravan_site,,,,,,
139.50543,-35.30031,South Australia,,caravan_site,,,,,,
139.50537,-35.30024,South Australia,,caravan_site,,,,,,
139.50531,-35.30017,South Australia,,caravan_site,,,,,,
139.50526,-35.30011,South Australia,,caravan_site,,,,,,
139.5052,-35.30003,South Australia,,caravan_site,,,,,,
139.50514,-35.29997,South Australia,,caravan_site,,,,,,
139.50611,-35.30003,South Australia,,camp_site,,,,,,
139.50634,-35.30019,South Australia,,camp_site,,,,,,
139.50603,-35.29969,South Australia,,camp_site,,,,,,
139.50572,-35.2995,South Australia,,camp_site,,,,,,
139.50542,-35.29932,South Australia,,camp_site,,,,,,
139.50492,-35.30039,South Australia,BIG4 The Bend,caravan_site,,,,,,
136.87368,-35.19535,South Australia,Shell Beach Campground,camp_site,paid,,,,,
130.35143,-12.71675,Northern Territory,The Lodge of Dundee,camp_site,paid,1,1,1,1,
150.963,-24.66133,Queensland,BIG4 Breeze Cania Gorge,caravan_site,paid,,,1,,
147.498,-42.89166,Tasmania,Orana Girls Guides,camp_site,,,,,,
144.42623,-37.67137,Victoria,Bacchus Marsh Caravan Park,caravan_site,,,,,,
151.61092,-25.61595,Queensland,Gayndah Heritage Railway,caravan_site,paid,1,,0,0,
150.5046,-23.40299,Queensland,Southside Holiday Village,caravan_site,,,,,,
133.45873,-16.30315,Northern Territory,,camp_site,,,,,,1
148.27746,-25.07375,Queensland,Sandstone Park,camp_site,paid,1,,,0,
130.98893,-25.23312,Northern Territory,Ayers Rock Campground Overflow,camp_site,,0,0,0,0,
152.8591,-26.62892,Queensland,Mapleton Cabins & Caravan Park,caravan_site,,,,,,
150.49559,-24.40905,Queensland,Biloela Caravan & Tourist Park,camp_site,paid,1,,1,1,
150.49931,-24.40276,Queensland,Biloela Heritage Park,camp_site,paid,1,1,1,1,
143.91801,-38.5966,Victoria,Jamieson Track Camping Area,camp_site,,,,,,
150.66927,-24.58223,Queensland,Lawgi Heritage Park & Farm Stay,camp_site,paid,,,,,
144.50937,-23.49034,Queensland,Ilfracombe Van Park,camp_site,paid,1,,1,1,
145.36235,-16.92446,Queensland,,camp_site,,,,,,
136.6052,-33.03498,South Australia,Lake Gilles Conservation Park,camp_site,free,,,,,
152.20703,-32.41058,New South Wales,Reception - Big 4 Myall Holiday Resort,caravan_site,,,,,,
135.36169,-34.64003,South Australia,Yangie Bay Camp Ground,camp_site,,,,,,
128.73786,-15.77734,Western Australia,,caravan_site,,,,,,
128.74267,-15.78301,Western Australia,,caravan_site,,,,,,
117.21188,-29.12618,Western Australia,Mongers Lake Camp,camp_site,,,,,,
116.73111,-29.30548,Western Australia,John Forrest Lookout,camp_site,,,,,,
151.11262,-24.86399,Queensland,Monto Caravan & Cabin Park,camp_site,paid,,,1,,
135.68678,-34.82679,South Australia,Mikkira Station Campground,camp_site,,,,,,
128.74102,-15.80558,Western Australia,,camp_site,,,,,,
138.59778,-35.14944,South Australia,Pink Gum,camp_site,paid,1,0,0,0,
134.39688,-23.52261,Northern Territory,Trephina Gorge Panorama Campground,camp_site,paid,,,,,
139.86048,-36.78561,South Australia,Will's Beach Shack,camp_site,,,,,,
140.12957,-37.56585,South Australia,Southend Bush Camp,camp_site,paid,,,,,
118.26401,-22.38746,Western Australia,Karijini Eco Retreat,camp_site,,1,1,,1,
118.4761,-22.4871,Western Australia,Karijini Overflow Campground,camp_site,,,,,,
118.55128,-22.46963,Western Australia,Dales Camp Ground,camp_site,,,,,,
142.66448,-35.68182,Victoria,Woomelang Caravan Park,caravan_site,paid,,,1,,
144.82934,-36.43768,Victoria,Greens Lake Camping Area,camp_site,,,,,,
138.42357,-30.5545,South Australia,Leigh Creeek Hotel Caravan Park,caravan_site,,,,,,
117.07252,-21.58716,Western Australia,Miliyanha Campground,camp_site,,,,,,
117.08774,-21.59767,Western Australia,Stargazers Campground,camp_site,,,,,,
146.1049,-36.48219,Victoria,Crescent Camp,camp_site,,,,,,
146.1141,-36.44634,Victoria,Nesting Camp Ground,camp_site,,,,,,
114.13498,-27.88553,Western Australia,Wagoe Chalets & Camping Area,camp_site,paid,1,,,1,
146.01657,-34.21272,New South Wales,Lake Wyangan,camp_site,free,1,,0,0,
151.47156,-30.62877,New South Wales,Wooldridge (Uralla) Fossicking Area,camp_site,free,1,,,0,
132.43727,-31.95552,South Australia,Fowlers Bay Bush Camp,camp_site,,,,,,
150.91345,-33.97299,New South Wales,,camp_site,,,,,,
150.91479,-33.97388,New South Wales,,camp_site,,,,,,
151.91067,-24.49092,Queensland,Baffle Creek Hideaway,camp_site,,,,,,
150.81291,-34.23774,New South Wales,Ground #5,camp_site,paid,1,,,1,
146.25003,-38.53449,Victoria,Turtons Creek Reserve,camp_site,,,,,,
150.98815,-34.14058,New South Wales,Campsite A,camp_site,,,,,,
150.98758,-34.14183,New South Wales,Campsite B,camp_site,,,,,,
150.989,-34.14346,New South Wales,Campsite N,camp_site,,,,,,
150.98361,-34.14645,New South Wales,Campsite H,camp_site,,,,,,
150.98448,-34.146,New South Wales,Campsite J,camp_site,,,,,,
150.98501,-34.1448,New South Wales,Campsite K,camp_site,,,,,,
150.98571,-34.14489,New South Wales,Campsite L,camp_site,,,,,,
150.98648,-34.14388,New South Wales,Campsite M,camp_site,,,,,,
150.98222,-34.14538,New South Wales,Campsite G,camp_site,,,,,,
150.98255,-34.14349,New South Wales,Campsite E,camp_site,,,,,,
150.98217,-34.1441,New South Wales,Campsite F,camp_site,,,,,,
150.98509,-34.14313,New South Wales,Campsite D,camp_site,,,,,,
150.98567,-34.14108,New South Wales,Campsite C,camp_site,,,,,,
125.46766,-17.15268,Western Australia,Bell Gorge Wildernesss Lodge,camp_site,,,,,,
115.23776,-30.22421,Western Australia,Wandoo Reserve,camp_site,free,,,,,
115.25259,-30.2007,Western Australia,Karda Campground,camp_site,,,,,,
152.06002,-31.7974,New South Wales,Knorrit Flat Riverside Retreat & Camping,camp_site,paid,1,,0,1,
113.93354,-21.99961,Western Australia,Neds Campground,camp_site,,,,,,
113.87278,-22.14212,,North Mandu,camp_site,,,,,,
113.86777,-22.15121,,Sal Salis Ningaloo Reef,camp_site,,,,,,
113.86121,-22.17262,,North Kurrajong,camp_site,,,,,,
113.84038,-22.24682,,Bungarra,camp_site,,,,,,
113.81324,-22.32084,Western Australia,Yardie Creek,camp_site,,,,,,
150.59512,-29.86408,New South Wales,Keera Road - Gwydir River Camps,camp_site,paid,0,,,,
128.74053,-16.11251,Western Australia,Lake Argyle Resort,caravan_site,,,,1,,
130.6576,-13.66425,Northern Territory,Lee and Jenny's Bush Camp,camp_site,paid,,,1,,
133.4598,-24.33883,Northern Territory,Stuarts Well Roadhouse Freecamp,camp_site,free,0,,0,0,
128.75506,-15.85974,Western Australia,,camp_site,,,,,,
117.7799,-28.59087,Western Australia,Kirkalocka 24hr Rest Area,camp_site,free,,,,,
148.60009,-28.02769,Queensland,Pelican Rest Tourist Park,camp_site,paid,,,,,
147.47675,-28.0269,Queensland,Wallam Creek (Yumba),camp_site,paid,1,,0,0,
115.90273,-33.07918,Western Australia,Harvey Rainbow Caravan Park,caravan_site,,1,,1,,
128.24725,-16.30908,Western Australia,,caravan_site,,,,,,
128.11384,-15.4814,Western Australia,,caravan_site,,,,,,
148.94689,-37.03991,New South Wales,Delegate Recreation Reserve,caravan_site,paid,,,1,,
152.681,-30.00038,New South Wales,Hortens Creek,camp_site,,,,,,
150.51019,-24.40219,Queensland,Boomerang Caravan & Tourist Park,caravan_site,,,,,,
144.16858,-37.49835,Victoria,Carrolls Spring,camp_site,free,,,,,
145.70791,-16.90341,Queensland,Cool Waters Holiday Park,caravan_site,,,,,,
146.31986,-39.03165,Victoria,Tidal River,camp_site,,,,,,
142.57988,-35.60768,Victoria,Lascelles campground,camp_site,,,,,,
148.73415,-20.30537,Queensland,,camp_site,,,,,,
145.63052,-35.92437,Victoria,Cobram Willows Holiday Park,caravan_site,,,,,,
116.01782,-32.16815,Western Australia,Hillside Garden Village,camp_site,paid,1,,1,1,
115.17658,-24.66255,Western Australia,Temple Gorge Campground,camp_site,paid,,,,,
116.90837,-24.30818,Western Australia,Bush Camp,camp_site,,,,,,
116.90881,-24.30883,Western Australia,Mount Augustus Tourist Park,caravan_site,paid,,,1,,
133.2154,-15.57389,Northern Territory,Caravan Park,caravan_site,,,,,,
136.11681,-34.46483,South Australia,Redcliff Campsite,camp_site,,,,,,
145.94567,-18.41634,Queensland,,camp_site,,,,,,
145.6503,-17.7729,Queensland,Tully Gorge Camping Area,camp_site,,,,,,
147.10655,-37.76211,Victoria,McKinnon Point,camp_site,,,,,,
152.87077,-25.61277,Queensland,Maaroom Caravan Park,caravan_site,,,,,,
115.95805,-26.8952,Western Australia,Murchison Oasis Roadhouse & Caravan Park,caravan_site,paid,1,0,1,,
148.01871,-33.4017,New South Wales,Forbes Apex Riverside Tourist Park,caravan_site,,,,,,
150.61211,-24.3719,Queensland,Callide Dam Accomodation,camp_site,,,,,,
146.14947,-18.95724,Queensland,,camp_site,,,,,,
150.68854,-32.38887,New South Wales,,caravan_site,,,,,,
150.6845,-32.39387,New South Wales,Denman Van Village,caravan_site,,,,1,,
151.14317,-31.43594,New South Wales,Swamp Creek Reserve,camp_site,free,1,,,0,
114.19171,-26.42494,Western Australia,Hamelin Outback Station Stay,camp_site,,,,,,
145.06634,-36.85296,Victoria,,camp_site,,,,,,
128.27886,-15.59765,Western Australia,Parry Creek,caravan_site,,,,,,
115.29728,-30.2245,Western Australia,Smoke Bush Reserve,camp_site,free,,,,,
115.20778,-30.10462,Western Australia,Yonga Campground,camp_site,,,,,,1
142.37213,-35.72531,Victoria,,camp_site,,,,,,
150.8536,-34.61114,New South Wales,Killalea State Park Camping Area,camp_site,paid,,,,,0
143.28525,-37.97753,Victoria,Lake Tooliorook Campsite,camp_site,,,,,,
143.86259,-36.56504,Victoria,Inglewood Motel And Caravan Park,caravan_site,,,,,,
153.56705,-28.87279,,Reflections Ballina - Holiday Park,camp_site,,,,1,,
140.77245,-36.30684,South Australia,Bordertown Caravan Park,caravan_site,,,,,,
152.20658,-32.41135,New South Wales,BIG4 River Myall Holiday Resort,caravan_site,,,,,,
151.56245,-32.44238,New South Wales,Camp on Allyn,camp_site,paid,1,,1,1,
148.70069,-37.34303,Victoria,Goongerah Camping Area,camp_site,,,,,,
149.74314,-34.1934,New South Wales,Bummaroo Ford campground,camp_site,paid,1,,,0,1
150.46225,-35.37352,New South Wales,Ingenia Holiday Park,camp_site,,,,,,
150.46072,-35.37779,New South Wales,Beachside,camp_site,paid,,,,,
150.4494,-35.38828,New South Wales,Holiday Haven Burrlil Lake,camp_site,paid,,,1,,
151.86861,-32.65438,New South Wales,Australian Motorhomes Tourist Park,caravan_site,,,,,,
137.78576,-32.51144,South Australia,Port Augusta Motorhome Park,caravan_site,,,,,,
115.85505,-32.28293,Western Australia,Bonney's Wa Motorhome Park,caravan_site,,,,,,
146.30552,-41.83007,Tasmania,Dixons Kingdom Camping Area,camp_site,,,,,,
121.45005,-30.76487,Western Australia,Kalgoorlie Caravan Park,caravan_site,,,,,,
144.95946,-36.25608,Victoria,Tongala Caravan Park,camp_site,paid,1,,1,1,
144.53455,-36.27019,Victoria,Lockington Travellers Rest,camp_site,paid,1,,1,1,
153.04893,-28.87715,New South Wales,BIG4 Casino Holiday Park,caravan_site,,,,1,,
152.87586,-31.42368,New South Wales,Edgewater Holiday Park,caravan_site,,,,,,
151.76217,-31.05398,New South Wales,Apsley Gorge Campground,camp_site,paid,1,,,0,
148.26119,-41.46777,Tasmania,Scamander Sanctuary Holiday Park,camp_site,,,,,,
148.25897,-41.46696,Tasmania,Scamander Sanctuary Holiday Park,caravan_site,,,,1,,
141.46691,-36.72064,Victoria,Goroke Accommodation Park,camp_site,paid,1,,1,1,
144.1502,-37.36672,Victoria,Jubilee Lake Holiday Park,caravan_site,,,,,,
143.37027,-38.75805,Victoria,Johanna (GOW),camp_site,,,,,,1
153.18809,-27.91321,Queensland,,caravan_site,,,,,,
150.03922,-33.10937,New South Wales,Airy Gap Campground,camp_site,paid,,,,,
146.90507,-36.92308,Victoria,Shippens Flat,camp_site,free,,,,,
146.92009,-36.92537,Victoria,New Chum Flat,camp_site,free,,,,,
149.10956,-33.26923,New South Wales,Self Containted Caravan Area 24HR Limit,caravan_site,free,,,0,,
147.35132,-37.5706,Victoria,Scotts Homestead Camping Area,camp_site,free,,,,,
152.21521,-31.14695,New South Wales,Mooraback Campground,camp_site,,,,,,
145.03097,-36.30888,Victoria,Kyabram Western Gums Tourist Park,caravan_site,paid,,,,,
145.345,-36.39577,Victoria,Black Bull,caravan_site,,,,,,
147.26467,-37.40875,Victoria,Italian Flat,camp_site,free,1,,,,
152.99344,-30.78902,New South Wales,Yarra Adventure Park,caravan_site,,,,,,
152.99381,-30.82367,New South Wales,Stuarts Point Holiday Park,caravan_site,,,,1,,
153.54441,-27.43385,,Quandamooka Truth Embassy,camp_site,,,,,,
131.58447,-13.73221,Northern Territory,Upper Butterfly Gorge,camp_site,,0,0,0,0,
131.58079,-13.66472,Northern Territory,The Plateau,camp_site,,0,0,0,0,
153.24682,-29.95113,,Station Creek Campground,camp_site,,,,,,
141.99323,-35.90514,Victoria,Rainbow Caravan Park,camp_site,,,,,,
152.52579,-32.26851,New South Wales,Camp Elim,camp_site,,,,,,
152.47047,-32.09852,New South Wales,Discovery Parks Forster,caravan_site,,,,1,,
152.2492,-29.53548,New South Wales,Boundary Falls Camping Area,camp_site,paid,1,,,0,
142.63086,-37.01049,Victoria,Diggers Rest 4 Camping,camp_site,free,,,,,
142.62811,-37.01034,Victoria,Diggers Rest 3 Camping,camp_site,free,,,,,
142.63495,-37.01065,Victoria,Tysers Camping,camp_site,free,,,,,
142.62613,-37.00789,Victoria,Diggers Rest 2 Camping,camp_site,free,,,,,
142.62419,-37.00806,Victoria,Diggers Rest 1 Camping,camp_site,free,,,,,
152.35921,-29.51575,New South Wales,Mulligans Campground,camp_site,paid,1,,,1,
142.61967,-37.00942,Victoria,Flat Rock 2 Camping,camp_site,free,,,,,
142.61732,-37.00793,Victoria,Flat Rock 1 Camping,camp_site,free,,,,,
142.61161,-37.0084,Victoria,North Boat Ramp Camping,camp_site,free,,,,,
142.60644,-37.00986,Victoria,Elliotts Camping,camp_site,free,,,,,
145.40712,-41.11795,Tasmania,Arthur River,camp_site,,,,,,
146.10916,-17.86468,Queensland,Mission Beach Camping & Caravan Park,camp_site,,1,1,1,1,
146.08213,-37.05318,Victoria,High Country Holiday Park,caravan_site,,,,,,
143.09163,-37.29027,Victoria,Langi Ghiran,camp_site,,,,,,
140.29415,-35.92528,South Australia,Bucks Camp,camp_site,,,,,,
142.54013,-37.06035,Victoria,,camp_site,,,,,,
142.54076,-37.06143,Victoria,,camp_site,,,,,,
142.51576,-37.059,Victoria,Plantation Campground,camp_site,free,,,,,
115.64605,-33.3226,Western Australia,,caravan_site,,,,1,,
115.64646,-33.32143,Western Australia,,caravan_site,paid,,,,,
115.64514,-33.32228,Western Australia,,caravan_site,,,,1,,
138.77273,-35.49679,South Australia,Discovery Parks - Goolwa,caravan_site,paid,,,1,,
149.38938,-32.01515,New South Wales,Dunedoo Caravan Park,camp_site,paid,1,,1,1,
148.67396,-33.83312,New South Wales,Cowra Showground Caravan Park,camp_site,paid,1,,1,1,
115.23727,-33.65727,Western Australia,Busselton Baptist Camping Centre,camp_site,paid,,,,,
145.73663,-37.54272,Victoria,Anderson Mill camp ground,camp_site,,,,,,
146.16833,-42.11434,Tasmania,Fergy's Paddock Camp Site,camp_site,,1,,,0,1
117.3667,-34.96987,Western Australia,Rivermouth Caravan Park,caravan_site,paid,,1,1,,
147.18198,-41.44941,Tasmania,Old Mac's Caravan and Motorhome Farm Stay,camp_site,paid,1,1,,0,
151.08115,-33.67871,New South Wales,Tunks Ridge Campground,camp_site,free,,,,0,1
146.18207,-36.33202,Victoria,Black Springs,camp_site,free,,,,,
146.18381,-36.33148,Victoria,,camp_site,,,,,,
147.52653,-35.98814,,Burrowye Bend - Murray River Reserve,camp_site,free,0,,,,
127.7867,-19.17647,Western Australia,Wolfe Creek Campground,camp_site,,,,,,
145.41516,-41.14625,Tasmania,Champion road,camp_site,,,,,,
146.97455,-43.4247,Tasmania,Southport Hotel Caravan Park,caravan_site,paid,1,,,1,
118.60576,-34.48952,Western Australia,Bush Park,caravan_site,,,,,,
142.46618,-36.62206,Victoria,Murtoa Caravan Park,caravan_site,,,,,,
146.22957,-42.13662,Tasmania,Derwent Bridge Hotel Campsite,camp_site,free,,0,,0,
146.22842,-42.13726,Tasmania,Derwent Bridge Hotel Campsite,camp_site,free,,0,,0,
139.49794,-20.681,Queensland,AAOK Moondarra Caravan Park,camp_site,,,,,,
145.31743,-42.15306,,Strahan Beach Tourist Park,camp_site,paid,1,1,,1,
151.77125,-28.58193,Queensland,,camp_site,,,,,,
151.31951,-24.40473,Queensland,"Boyne Valley Discovery Centre, Ubobo",camp_site,paid,,,,,
113.89853,-22.07551,,Tulki Beach Campsite,camp_site,,1,0,0,0,
151.33166,-23.75942,,The Oaks Camping Ground,camp_site,paid,,,,,
149.88002,-27.32155,Queensland,Brigalow Creek (North)  Camping Area / Meandarra Powered Camping Area,camp_site,free,1,,1,1,
149.88091,-27.32687,Queensland,Meandarra Caravan Park,camp_site,paid,1,0,1,1,
148.58354,-32.4495,New South Wales,Toongi Recreation Reserve,camp_site,paid,1,,,0,
143.2485,-37.30042,Victoria,Beeripmo Campground,camp_site,free,,,,,
148.9447,-32.56512,New South Wales,Wellington Valley Caravan Park,caravan_site,,,,,,
145.63922,-37.57213,Victoria,Black Spur Caravan Park,caravan_site,,,,,,
145.69156,-37.57652,Victoria,Acheron Campground,camp_site,free,,,,,
152.27446,-27.55513,Queensland,,caravan_site,,,,,,
153.09204,-27.5681,Queensland,,camp_site,,,,,,
153.09335,-27.56694,Queensland,,camp_site,,,,,,
144.65668,-38.27115,,Victoria Park Campground,camp_site,paid,1,1,,1,
145.07591,-38.42423,Victoria,Point Leo Foreshore Reserve,camp_site,paid,1,1,0,,
145.07287,-38.42335,Victoria,Point Leo Foreshore Reserve,camp_site,paid,1,1,0,1,
142.59368,-37.31364,Victoria,Boundry Gap,camp_site,free,,,,,1
142.61328,-37.27235,Victoria,Bomjinna,camp_site,,,,,,
142.58825,-37.32042,Victoria,First Wannon Camp,camp_site,,,,,,1
117.22479,-31.62299,Western Australia,Gliding Club of Western Australia - Member's Caravan Park,camp_site,,,,,,
152.78676,-27.4733,Queensland,Blue Gum Flat,camp_site,,,,,,
143.2975,-37.09397,Victoria,Camerons,camp_site,,,,,,
117.90306,-34.93851,Western Australia,King River Palms Caravan Park,camp_site,,,,,1,
149.95817,-26.1174,Queensland,Waterloo Plains Environmental Park,camp_site,free,1,,0,1,
152.82958,-31.07386,New South Wales,Kempsey Showground Camping,caravan_site,,,,1,,
151.47926,-33.10902,New South Wales,Morisset Showground Camping,caravan_site,paid,,,1,,
152.36109,-31.14676,New South Wales,Brushy Mountain Campground,camp_site,,,,,,
148.83858,-23.3743,Queensland,Bedford Weir Camping Reeerve,camp_site,paid,1,,0,1,
146.0303,-17.53504,,River Drive Caravan Park,caravan_site,,,,,,
142.98979,-37.28978,Victoria,,camp_site,,,,,,
115.24882,-33.66256,Western Australia,RAC Busselton Holiday Park,caravan_site,paid,,,1,,
115.24923,-33.66294,Western Australia,,camp_site,paid,0,,1,,
115.24863,-33.66264,Western Australia,,camp_site,paid,0,,1,,
115.24827,-33.66162,Western Australia,,camp_site,paid,0,,0,,
115.2488,-33.6617,Western Australia,,camp_site,paid,0,,1,,
115.24907,-33.6614,Western Australia,,camp_site,paid,0,,1,,
115.24936,-33.66178,Western Australia,,camp_site,paid,0,,1,,
115.24877,-33.66103,Western Australia,,camp_site,paid,0,,1,,
115.24931,-33.66079,Western Australia,,camp_site,paid,0,,1,,
115.24846,-33.66163,Western Australia,,camp_site,paid,0,,0,,
115.24876,-33.66131,Western Australia,,camp_site,paid,0,,1,,
115.24929,-33.66269,Western Australia,,camp_site,paid,0,,1,,
115.24828,-33.66271,Western Australia,,camp_site,paid,0,,1,,
115.24912,-33.66304,Western Australia,,camp_site,paid,0,,0,,
115.2497,-33.66284,Western Australia,,camp_site,paid,0,,1,,
115.24904,-33.66074,Western Australia,,camp_site,paid,0,,1,,
115.24968,-33.66171,Western Australia,,camp_site,paid,0,,1,,
115.24968,-33.66116,Western Australia,,camp_site,paid,1,,1,,
115.24935,-33.66137,Western Australia,,camp_site,paid,0,,1,,
115.24907,-33.66186,Western Australia,,camp_site,paid,0,,1,,
115.24925,-33.66104,Western Australia,,camp_site,paid,0,,1,,
115.2487,-33.66079,Western Australia,,camp_site,paid,0,,1,,
115.24805,-33.6616,Western Australia,,camp_site,paid,0,,0,,
140.99847,-35.87699,Victoria,Red Bluff,camp_site,,,,,,
140.33602,-35.9249,South Australia,,camp_site,,,,,,
143.55887,-38.84723,Victoria,Parker Hill Campground,camp_site,paid,,,,,
149.91072,-24.59902,Queensland,Moura Apex River Park,camp_site,paid,1,0,0,1,
146.43184,-37.8534,Victoria,Aberfeldy River Campground,camp_site,,,,,,
152.89089,-27.3767,Queensland,O'Brien Glade,camp_site,,,,,,
152.8922,-27.37513,Queensland,Skip Clarke Glade,camp_site,,,,,,
152.89208,-27.37697,Queensland,Warra Cora Glade,camp_site,,,,,,
145.17887,-37.75057,Victoria,Crystal Brook Tourist Park,caravan_site,,,,,,
148.56769,-25.84499,Queensland,Injune Caravan Park,camp_site,paid,1,,,1,
147.98253,-26.48595,Queensland,Major Mitchell Caravan Park,camp_site,paid,1,,1,1,
153.02496,-30.52037,New South Wales,Reflections Hungry Head Holiday Park,camp_site,paid,,,,,
153.53734,-28.53303,New South Wales,Reflections Ferry Reserve Holiday & Caravan Park,camp_site,paid,1,1,1,1,
143.06623,-30.73899,New South Wales,Glen Hope Station Campground,camp_site,paid,1,,1,,
138.27781,-30.06073,South Australia,,caravan_site,,,,,,
150.14825,-34.41396,New South Wales,Base Canp,camp_site,,,,,,
148.93905,-35.48097,Australian Capital Territory,Woods Reserve Recreation Area,camp_site,paid,,,,,
151.04764,-34.02014,New South Wales,,caravan_site,,,,,,
152.00112,-26.66842,Queensland,Nanango RV Park,caravan_site,paid,,,1,,
153.0396,-30.8835,New South Wales,Horseshoe Bay Holiday Park,caravan_site,,,,1,,
146.61276,-37.55256,Victoria,4 Currawong Camp,camp_site,,,,,,
152.46687,-29.4902,New South Wales,Cangai Bridge Reserve,camp_site,free,0,,,0,
152.49425,-29.44958,New South Wales,Cangai Broadwater Reserve,camp_site,free,0,,,0,
152.6683,-29.54861,New South Wales,Lilydale Reserve,camp_site,free,0,,,0,
152.92297,-29.70392,New South Wales,Jabour Park Camping,camp_site,paid,,,,1,
153.29531,-29.37703,New South Wales,Browns Rock Caravan Park,caravan_site,,,,,,
152.03623,-26.49411,Queensland,Broadwater Recreational Reserve,camp_site,,0,,,0,
141.39961,-35.96762,Victoria,Broken Bucket Tank,camp_site,,,,,,
147.9803,-26.49531,Queensland,Mitchell Showgrounds - Camp Area Special Events / By Prior Approval,camp_site,paid,1,,1,1,
146.59259,-25.79536,Queensland,Augathella on the Highway Motel and Caravan Park,camp_site,paid,1,,1,1,
151.21564,-28.4221,Queensland,Lake Coolamunda Camping Area,camp_site,,,,,,
138.55014,-31.53055,South Australia,Cooinda Camp,camp_site,,,,,,
150.549,-35.20881,New South Wales,Berrara Beach Holiday Chalets,caravan_site,,,,,,
136.70727,-12.19391,Northern Territory,,camp_site,,,,,,
136.70711,-12.19327,Northern Territory,,camp_site,paid,,,,,
146.40113,-37.11161,Victoria,Mirimbah Campsite,camp_site,,,,,,
145.51947,-38.31105,Victoria,Lang Lang Caravan & Camping Park,camp_site,,,,,,
146.35088,-31.53247,New South Wales,Florida Rest Area,camp_site,,1,,,,
146.09477,-36.93458,Victoria,,camp_site,,,,,,
144.23806,-36.83176,Victoria,A-Line Holiday Village,caravan_site,,,,,,
151.64775,-26.3728,Queensland,Stuart River Rest Area,camp_site,free,,,,,
149.85634,-33.69724,New South Wales,Oberon Caravan Park,caravan_site,,,,,,
150.99005,-25.19754,Queensland,Lake Wuruma Campground,camp_site,free,1,0,,,
151.5998,-26.1627,Queensland,Proston Free Campground,camp_site,free,0,,,,
146.88256,-41.67248,Tasmania,Old Liffey School,camp_site,free,1,,,,
151.08282,-33.7379,New South Wales,,camp_site,,,,,,
138.5321,-32.42447,South Australia,Horseshoe View Caravan Park,caravan_site,,,,,,
150.51028,-33.7853,New South Wales,,camp_site,,,,,,1
151.12141,-24.86258,Queensland,Monto 72hr RV Stopover s/c only,camp_site,paid,1,0,,,
147.54125,-23.74202,Queensland,Gem Air Caravan Park,caravan_site,,,,,,
147.53809,-23.74231,Queensland,Willows Gemfields Caravan Park,caravan_site,,,,,,
152.66428,-25.50579,Queensland,Display / Camp area,camp_site,,,,,,
152.66355,-25.50996,Queensland,,camp_site,,,,,,
151.88422,-29.34342,New South Wales,Kookaburra Camping & Caravan Park,camp_site,paid,1,,0,1,
145.45207,-16.13416,Queensland,Noah Beach Campground,camp_site,,,,,,
142.55305,-37.22347,Victoria,Barri Yalug Hike-in Campground,camp_site,paid,,,,,
146.23515,-43.12919,Tasmania,Lake Cygnus Campsite,camp_site,,,,,0,1
146.2994,-43.1649,Tasmania,High Moor Campsite,camp_site,,,,,0,1
146.26855,-43.14676,Tasmania,Lake Oberon Campsite,camp_site,,,,,0,1
146.3347,-43.17095,Tasmania,Haven Lake Campsite,camp_site,,,,,0,1
146.38984,-43.12662,Tasmania,Seven Mile Creek Campsite,camp_site,,,,,0,1
150.51494,-23.37241,Queensland,Riverside Tourist Park,caravan_site,,,,1,,
118.29172,-31.47607,Western Australia,Fully Self-Contained Recreational Vehicle 24 Hour Rest Area,camp_site,free,0,0,0,0,
153.01112,-26.5792,Queensland,Burnside Hill - Dunethin Rock Scout Campsite,camp_site,paid,,,,,
144.36871,-37.246,Victoria,Noonameena Scout Camp,camp_site,,,,,,
146.09664,-17.89562,Queensland,Bali Hai Holiday Park,camp_site,,1,1,1,1,
145.75186,-37.35589,Victoria,Neds Gully Camping Area,camp_site,,,,,,
150.22324,-35.67315,New South Wales,Batemans Bay North Tourist Park and Accommodation,caravan_site,,,,,,
149.83044,-37.22259,New South Wales,Scrubby Creek Forest Rest Area,camp_site,free,1,,,0,
143.38216,-31.55894,New South Wales,Victory Park Caravan Park,caravan_site,,,,,,
146.21629,-37.74752,Victoria,Stronachs Campsite,camp_site,,,,,,1
150.31402,-32.39992,New South Wales,,caravan_site,,,,,,
147.71594,-23.45992,Queensland,Sapphire Caravan Park,caravan_site,,,,,,
147.69749,-23.41875,Queensland,,caravan_site,,,,,,
147.73641,-23.54613,Queensland,Anakie Rest Area,camp_site,,0,,,,
150.59015,-34.30064,New South Wales,Avon Caravanpark Village,caravan_site,,,,,,
149.5387,-36.78625,New South Wales,Six Mile Creek,camp_site,paid,,,,,
149.46277,-36.72093,New South Wales,Alexander's Hut Campground,camp_site,paid,,,,,
149.44718,-36.70356,New South Wales,Nunnock Campground,camp_site,paid,,,,,
150.01766,-37.21703,New South Wales,Bittangabee Bay Camping Area,camp_site,paid,,,0,,
149.6461,-35.72488,New South Wales,Berlang Campground and Picnic Area,camp_site,paid,1,0,0,0,
150.2413,-34.52757,New South Wales,Dalys Clearing Campground,camp_site,free,,,,0,
152.30309,-28.0579,Queensland,,camp_site,,,,,,
152.29947,-28.05926,Queensland,Bestbrook Mountain Resort,camp_site,,,1,,,
152.29398,-28.05491,Queensland,,caravan_site,paid,,,,,
143.37596,-35.18657,Victoria,,caravan_site,,,,,,
143.81209,-35.60815,Victoria,,camp_site,,,,,,
143.81151,-35.6013,Victoria,,camp_site,,,,,,
150.00167,-34.80661,New South Wales,Bungonia Campground,camp_site,paid,,,,1,
151.82688,-32.86562,New South Wales,Ganyamalbaa Beach Camping Area,camp_site,paid,,0,,,
144.95295,-37.645,Victoria,Campbellfield Rental Village,caravan_site,,,,,,
153.10005,-26.14392,Queensland,Teewah Beach Camping Zone 7,camp_site,paid,0,0,0,0,
153.10136,-26.13989,Queensland,Teewah Beach Camping Zone 6,camp_site,paid,0,0,0,0,
153.10494,-26.12895,Queensland,Teewah Beach Camping Zone 5,camp_site,paid,0,0,0,0,
153.12149,-26.08222,Queensland,Teewah Beach Camping Zone 3,camp_site,paid,0,0,0,0,
153.13107,-26.05692,Queensland,Teewah Beach Camping Zone 2,camp_site,paid,0,0,0,0,
153.13907,-26.03675,Queensland,Teewah Beach Camping Zone 1,camp_site,paid,0,0,0,0,
146.88786,-41.52722,Tasmania,Hagley RV Farm Stay,camp_site,paid,,,,,
143.93645,-37.84697,Victoria,,camp_site,,,,,,
143.93466,-37.84748,Victoria,Box Hill,camp_site,,,,,,
143.93515,-37.84912,Victoria,The Falklands,camp_site,,,,,,
143.93439,-37.84876,Victoria,Argentina,camp_site,,,,,,
143.93361,-37.84771,Victoria,Elwood,camp_site,,,,,,
143.93637,-37.84928,Victoria,Eltham,camp_site,,,,,,
143.93536,-37.84672,Victoria,Premier,camp_site,,,,,,
143.93542,-37.84738,Victoria,Kingswood,camp_site,,,,,,
143.93545,-37.84802,Victoria,Belmont,camp_site,,,,,,
143.93563,-37.8499,Victoria,Sanctuary Cove,camp_site,,,,,,
143.93333,-37.84869,Victoria,Ringwood,camp_site,,,1,,,
143.93292,-37.84926,Victoria,North Pines,camp_site,,,,,,
143.93246,-37.84791,Victoria,Sebastopol,camp_site,,,,,,
143.93266,-37.85057,Victoria,Vogtland,camp_site,,,1,,,
143.93323,-37.84712,Victoria,Mulwaverley,camp_site,,,1,,,
143.93166,-37.84795,Victoria,Sunset Strip,camp_site,,,,,,
143.93388,-37.84677,Victoria,The Rochester,camp_site,,,,,,
143.93518,-37.84584,Victoria,Brougham,camp_site,,,,,,
143.93289,-37.84443,Victoria,Spring Valley,camp_site,,,,,,
143.93112,-37.84412,Victoria,Africa,camp_site,,,,,,
143.93085,-37.84351,Victoria,Outer Mongolia,camp_site,,,,,,
143.93206,-37.84273,Victoria,Bush,camp_site,,,,,,
143.9317,-37.84336,Victoria,Inner Mongolia,camp_site,,,,,,
143.93264,-37.84337,Victoria,Bavaria,camp_site,,,,,,
143.93234,-37.84368,Victoria,Tasmania,camp_site,,,,,,
143.93395,-37.84349,Victoria,Hidden Valley,camp_site,,,,,,
143.93379,-37.84279,Victoria,Kevin North,camp_site,,,,,,
143.93364,-37.8433,Victoria,Kevin,camp_site,,,,,,
143.93607,-37.84167,Victoria,,camp_site,,,,,,
143.93557,-37.85067,Victoria,,camp_site,,,,,,
143.93404,-37.84649,Victoria,Hong Kong Island,camp_site,,,,,,
143.93435,-37.84583,Victoria,New Territories,camp_site,,,1,,,
143.93472,-37.84626,Victoria,Kowloon,camp_site,,,,,,
143.93549,-37.84362,Victoria,Cook's Look,camp_site,,,,,,
151.71517,-28.84447,Queensland,Red Rock Gorge Campground,camp_site,,,,,,
153.11172,-26.10912,Queensland,Teewah Beach Camping Zone 4,camp_site,paid,0,0,0,0,
152.60579,-28.38901,New South Wales,Woodenbong Campground,camp_site,paid,1,1,1,1,
118.60391,-20.39424,Western Australia,Blackrock Tourist Park,caravan_site,paid,1,1,1,,
152.48329,-27.37283,Queensland,Coominya Caravan & Camping Park,camp_site,paid,,1,1,,
152.23706,-26.08454,Queensland,Kilkivan RV Stop,camp_site,,,,,,
141.0401,-34.08866,Victoria,Lindsay Point Campground,camp_site,,,,,,
148.09758,-24.12392,Queensland,,caravan_site,,,,,,
143.65271,-35.43401,Victoria,Lake Boga Camp Ground 401-412,camp_site,,,,,,
143.65909,-35.43888,Victoria,Lake Boga Camp Ground 501-523,camp_site,,,,,,
151.99905,-26.67969,Queensland,Twin Gums Caravan Park,caravan_site,paid,1,1,1,,
151.99767,-26.68209,Queensland,Homestead Caravan Park,caravan_site,paid,,1,1,,
151.97719,-26.69602,Queensland,Nanango Caravan and Motorhome Park,caravan_site,,,,,,
153.60493,-28.6445,New South Wales,Arts Factory Jungle Camping Retreat,camp_site,,,,,,
116.0554,-32.71033,Western Australia,Dwellingup Chalets and Caravan Park,camp_site,,1,1,1,1,
142.0474,-35.58527,Victoria,Wonga Campground,camp_site,,,,,,
117.26431,-34.90221,Western Australia,Jinung Belgabup Camp Site,camp_site,free,1,,,0,
116.94146,-34.84558,Western Australia,Booner Mundak Campsite,camp_site,,1,,,0,
116.75532,-34.86821,Western Australia,Kwokralup Beela Campsite,camp_site,,1,,,0,
116.46682,-34.71259,Western Australia,Yirra Kartta Camp Site,camp_site,,1,,,0,
115.95249,-34.23247,Western Australia,Karta Burnu Camp Site,camp_site,,1,,,0,
115.66738,-33.79637,Western Australia,Nala Mia Camp Site,camp_site,,1,,,0,
115.92774,-33.40984,Western Australia,Nglang Boodja Camp Site,camp_site,,1,,,0,
116.02401,-33.14829,Western Australia,Yarri Camp Site,camp_site,,1,,,0,
116.10646,-32.8623,Western Australia,Bidjar Ngoulin Campsite,camp_site,,1,,,0,
116.00876,-32.53122,Western Australia,Dandalup Camp Site,camp_site,,1,,,0,
116.17334,-32.30218,Western Australia,Wungong Camp Site,camp_site,,1,,,0,
116.16373,-32.09515,Western Australia,Carinyah Camp Site,camp_site,,1,,,0,
115.97425,-33.0028,Western Australia,Lake Brockman Bush Camping,camp_site,paid,1,,,1,
115.82004,-33.57017,Western Australia,Donnybrook Transit Park,camp_site,paid,1,,1,1,
116.14958,-34.24112,Western Australia,Manjimup Central Caravan Park & Backpackers,caravan_site,paid,1,,1,1,
146.72034,-42.68183,Tasmania,,camp_site,,,,,,
150.5454,-34.84734,New South Wales,Bengalee Scout Camp,camp_site,,1,,,1,
118.33326,-34.8932,,Waychinicup Inlet Campground,camp_site,paid,,,,0,
118.75021,-34.59764,Western Australia,Cape Riche Campground,camp_site,paid,1,,,1,
117.64621,-35.05861,Western Australia,Cosy Corner (East),caravan_site,paid,1,,,1,
117.64627,-35.05962,Western Australia,Cosy Corner (East),camp_site,paid,1,,,1,
117.67969,-35.0395,Western Australia,Torbay Inlet,camp_site,paid,1,,,0,
117.654,-35.05434,Western Australia,Camp Kennedy,camp_site,,1,,,1,
144.095,-37.71004,Victoria,Hunts Bridge Camping Area,camp_site,free,0,,0,0,
153.02379,-30.40112,New South Wales,Bonville Camp Ground,camp_site,paid,1,,,,
142.50882,-37.18073,Victoria,Bugiga Hike-in Campground,camp_site,paid,,,,,
148.70564,-36.04015,New South Wales,Rainbow Pines Tourist Park,camp_site,,,,,,
150.4628,-33.77107,New South Wales,Ingar Campsite,camp_site,paid,1,,,0,1
117.85007,-28.06201,Western Australia,Mount Magnet Caravan Park,camp_site,,,,,,
135.75659,-33.56984,South Australia,Lock Caravan Park,camp_site,paid,1,,1,1,
151.58257,-28.00787,Queensland,Leyburn Reserve Campground,camp_site,free,1,0,1,1,
153.28292,-29.41397,New South Wales,Accommodation. Fishing Haven Holiday Park,caravan_site,,,,,,
143.68721,-36.82154,Victoria,Mataranka Scout Camp,camp_site,,,,,,
151.71606,-27.9366,Queensland,Passmore Reserve Campground,camp_site,free,0,0,0,0,
152.82807,-27.43194,Queensland,Scrub Road Bush Camp,camp_site,paid,,,,,1
148.32879,-34.82487,New South Wales,Jugiong Camping Reserve,camp_site,,,,,,
116.02136,-32.01751,Western Australia,Camp Wattle Grove,camp_site,paid,1,,,1,
116.018,-32.01781,Western Australia,Crystal Brook Caravan Park,camp_site,paid,1,,,1,
115.94572,-31.99728,Western Australia,Queens Grove Caravan Village,camp_site,paid,1,,,1,
143.27319,-37.31729,Victoria,Ditchfield Camp,camp_site,,,,,,
141.14035,-38.02986,Victoria,Forest Camp North,camp_site,,,,,,
141.1553,-38.03451,Victoria,Red Gum Landing,camp_site,,,,,,
141.10564,-38.02201,Victoria,Wilson Hall,camp_site,,,,,,
150.19523,-26.66012,Queensland,Miles Crossroads Caravan Park,caravan_site,,,,,,
141.31194,-38.21413,Victoria,,camp_site,,,,,,
143.0363,-22.39045,Queensland,Tattersall's Van Park,caravan_site,,,,,,
142.48488,-37.06615,Victoria,Werdug Hike-in Campground,camp_site,,1,1,1,0,
152.03798,-24.49696,Queensland,BIG4 Rules Beach Holiday Parks,caravan_site,,,,,,
147.03805,-43.01845,,Huon Valley Caravan Park,caravan_site,paid,1,1,1,,
145.73227,-37.18264,Victoria,,camp_site,paid,1,,,1,
144.9833,-38.33171,Victoria,Peninsula Holiday Park,caravan_site,,,,,,
150.66082,-24.56742,Queensland,Lawgi Dawes Park/Hall Campground,camp_site,paid,1,,,0,
150.68243,-34.55599,New South Wales,Cedar Loggers Camp,camp_site,,,,,,
146.58603,-25.7936,Queensland,Augathella Rest Area - Warrego Park - Overflow Campground,camp_site,paid,1,,0,1,
150.52329,-23.34506,Queensland,Discovery Parks,caravan_site,,,,,,
145.28681,-15.26059,Queensland,Elim Beach Campground,camp_site,paid,1,,,,
139.55359,-34.74986,South Australia,,camp_site,,,,,,
139.56266,-34.75239,South Australia,,camp_site,,,,,,
139.56001,-34.75163,South Australia,,camp_site,,,,,,
139.55467,-34.75019,South Australia,,camp_site,,,,,,
139.55328,-34.74977,South Australia,,camp_site,,,,,,
139.54057,-34.74091,South Australia,,camp_site,,,,,,
139.54109,-34.7354,South Australia,,camp_site,,,,,,
139.53969,-34.7384,South Australia,,camp_site,,,,,,
145.93534,-41.57834,Tasmania,Discovery Parks - Cradle Mountain,camp_site,paid,1,,,1,
145.22135,-15.70796,Queensland,Helenvale Farm - Van Stay,camp_site,paid,,,,,
151.65122,-28.83742,Queensland,Burrows Hole Campground,camp_site,,,,,,
145.40105,-16.89724,Queensland,Kydobi Country Park,caravan_site,paid,1,,,1,
145.57513,-30.32142,New South Wales,Yanda Campground,camp_site,paid,1,,,0,
136.84651,-35.23412,South Australia,Casurina Campground,camp_site,,,,,,
143.42692,-12.63193,Queensland,Chili Beach Campground,camp_site,paid,1,,,,
148.07007,-25.0252,Queensland,Gadd's Walkers' Camp,camp_site,,,,,,1
148.21664,-24.99133,Queensland,Cabbage Tree Camping Zone,camp_site,,,,,,1
148.11721,-24.9416,Queensland,Consuelo camping zone,camp_site,,,,,,1
152.94248,-26.47245,Queensland,Eumundi Showgrounds Stopover,camp_site,paid,1,1,1,,
147.93887,-20.31667,Queensland,Normanby Road Nature Bush Camp,camp_site,paid,1,,,1,
147.84865,-20.55661,Queensland,Collinsville 72 Hr RV Rest Area,camp_site,free,1,1,0,1,
152.70725,-25.53984,Queensland,The Wharf,camp_site,paid,1,1,1,1,
122.58895,-16.97684,Western Australia,Banana Well Getaway,camp_site,,,,,,1
139.49998,-20.70877,Queensland,Sunset Tourist Park,caravan_site,,,,1,,
123.73447,-17.94013,Western Australia,Udialla Springs,camp_site,paid,,,,,1
148.9776,-33.34908,New South Wales,Federal Falls Camping Area,camp_site,,,,,,
148.47305,-36.32388,New South Wales,Island Bend Middle Campground,camp_site,paid,,,,,
148.46526,-36.32195,New South Wales,Island Bend Lower Campground,camp_site,paid,,,,,
148.42527,-36.44672,New South Wales,Thredbo Diggings Campground,camp_site,paid,,,,,
148.38412,-36.45873,New South Wales,Ngarigo Campground,camp_site,paid,,,,,
147.95073,-33.90652,New South Wales,Ben Halls Campground,camp_site,,,,,,
145.70809,-37.74385,Victoria,Warburton Trails Scout Adventure Centre,camp_site,,,,,,
144.45571,-15.34756,Queensland,Old Laura Homestead camping area 2,camp_site,paid,,,,,
144.45597,-15.34646,Queensland,Old Laura Homestead camping area 1,camp_site,paid,,,,,
150.731,-34.8485,New South Wales,Mountain View Resort,caravan_site,,,,,,
150.73403,-34.84909,New South Wales,Coastal Palms Tourist Park,caravan_site,,,,,,
150.73542,-34.84692,New South Wales,Tall Timbers Tourist Park,caravan_site,,,,,,
142.44801,-37.00194,Victoria,Gar Hike-in Campground,camp_site,paid,1,1,1,0,
146.22154,-34.08138,New South Wales,Woolshed Flat Campground,camp_site,,,,,,
142.22011,-12.65093,Queensland,York Downs Station Donation Camp,camp_site,paid,,,,,
150.38084,-34.69345,New South Wales,Gales Flat,camp_site,,0,,,0,1
145.1964,-15.40447,Queensland,Endeavour River Escape,camp_site,paid,1,,,1,
143.76061,-34.75914,New South Wales,The Willows Campground,camp_site,paid,1,,,0,
147.33344,-43.36482,Tasmania,Captain Cook Holiday Park,caravan_site,,,,,,
151.70702,-29.25219,New South Wales,Blatherarm Camping and Picnic Area 1,camp_site,paid,1,,,0,
151.70707,-29.25513,New South Wales,Blatherarm Camping Area 2,camp_site,paid,1,,,0,
151.70713,-29.26252,New South Wales,Blatherarm Camping Area 3,camp_site,paid,1,,,0,
151.59512,-30.42986,New South Wales,Dumaresq Dam Tents,camp_site,free,1,,,0,
151.59505,-30.43012,New South Wales,Dumaresq Dam Vehicles,camp_site,free,1,,,0,
143.17734,-33.71201,New South Wales,Belah Campground,camp_site,,,,,,
143.01456,-33.73673,New South Wales,Main Campground,camp_site,paid,,,,,
142.50608,-32.31336,New South Wales,Main Weir Campground,camp_site,free,1,,,0,
142.49809,-32.30524,New South Wales,Burke And Wills Campground,camp_site,free,1,,,0,
142.25155,-32.43493,New South Wales,Cawndilla Campground,camp_site,paid,1,,,0,
142.34698,-32.47042,New South Wales,Emu Lake Campground,camp_site,paid,1,,,0,
148.28445,-42.2995,,Crocketts Bay Campground,camp_site,,,,,,1
148.27789,-42.29987,,Moreys Bay Campground,camp_site,,,,,,1
151.69047,-33.02467,New South Wales,Campground (under construction),camp_site,,,,,,
150.23965,-33.17393,New South Wales,Cricket Pitch Campground (Newnes Campground),camp_site,,1,,,0,
150.23777,-33.17162,New South Wales,Newnes Campground,camp_site,,1,,,0,
149.63489,-29.0747,New South Wales,Club Hotel Garah Freecamp,camp_site,free,1,,,1,
149.57811,-28.72559,New South Wales,Boomi Co-Op Caravan Park - Overflow,camp_site,paid,1,,1,1,
152.6251,-25.1997,Queensland,Burrum Shores Beachfront Campground,camp_site,,,,,,
149.55708,-32.7946,New South Wales,Bushlands Tourist Park,camp_site,,,,,,
153.39147,-27.93195,Queensland,,caravan_site,,,,,,
125.29993,-17.91439,Western Australia,Boab Quarry Campsite,camp_site,,,,,,
113.77378,-23.13983,Western Australia,,camp_site,,,,,,
152.01525,-29.0564,New South Wales,Tenterfield Showground,camp_site,paid,1,,,1,
140.83889,-37.84695,South Australia,,caravan_site,,,,,,
142.00041,-29.41719,New South Wales,Dead Horse Gully Campground,camp_site,paid,,,,,
142.01746,-29.44139,New South Wales,Historic Reserve Camping Ground,camp_site,paid,,,,,
141.88576,-29.7386,New South Wales,Milparinka Evelyn Creek Caravan and Camping,caravan_site,,,,,,
152.98286,-30.70743,New South Wales,Gumma Reserve,camp_site,paid,1,1,,,
146.30078,-18.34919,Queensland,Little Ramsay Bay campsite,camp_site,,,,,,
146.32464,-18.44131,Queensland,Mulligan Falls campsite,camp_site,,,,,,
146.33546,-18.43428,Queensland,Sunken Reef Bay campsite,camp_site,,,,,,
145.46473,-16.09612,Queensland,Cape Tribulation Camping,camp_site,,1,1,1,1,
152.02739,-30.53151,New South Wales,Wollomombi Campground,camp_site,paid,1,,,0,
153.2002,-30.02317,New South Wales,Corindi Beach Reserve Campground,camp_site,,1,,,1,
117.90257,-34.93581,Western Australia,Happy Days,caravan_site,,,,,,
117.9024,-34.93932,Western Australia,King River Palms,caravan_site,,,,,,
147.2861,-42.82961,Tasmania,Hobart Showground Motorhome Park,caravan_site,,,,,,
143.93864,-28.68069,Queensland,Kilcowera Station,camp_site,,,,,,
144.3669,-27.22252,Queensland,Toompine Hotel,camp_site,,1,,1,1,
152.44662,-25.65659,Queensland,St Marys Outdoor Education Centre,camp_site,,,,,,
142.23714,-29.4803,New South Wales,Mount Wood Campground,camp_site,paid,1,,,0,
141.86348,-29.05899,New South Wales,Olive Downs Campground,camp_site,paid,1,,,0,
141.21308,-29.088,New South Wales,Fort Grey Campground,camp_site,paid,1,,,0,
147.07471,-43.15652,Tasmania,Cygnet HolidayPark,caravan_site,,,,,,
150.75842,-23.14468,Queensland,Poinciana Tourist Park,caravan_site,,,,1,,
142.46536,-29.21598,New South Wales,Caryapundy Lookout Campground,camp_site,,,,,,
152.49129,-24.92003,,Elliott Heads Holiday Park,caravan_site,,,,,,
138.19241,-35.64638,South Australia,Wuldi Krikin Ngawanthi (Eagle Waterhole Campground),camp_site,paid,,,,,
141.07014,-35.2728,Victoria,Ngallo Park,camp_site,,,,,,
152.90341,-25.29517,Queensland,Colonial Village Resort,camp_site,paid,,,,,
147.55614,-42.78377,,Sorell Council Self Contained RV Park,caravan_site,,,,,,
145.56199,-30.28905,New South Wales,Darling River Camp,camp_site,paid,1,,,0,
147.9968,-37.87766,Victoria,Waters Edge Holiday Park,caravan_site,,,,1,,
145.71435,-30.5176,New South Wales,Dry Tank Campground,camp_site,paid,1,,,0,
116.19846,-31.95019,Western Australia,Ball Creek Campsite,camp_site,free,1,,,0,1
152.66242,-31.89681,New South Wales,,caravan_site,,,,,,
153.55217,-28.84831,New South Wales,Ballina Rental Village,caravan_site,,,,,,
152.92583,-31.4463,New South Wales,Flynn's Beach Caravan Park,caravan_site,,,,1,,
151.64504,-28.85426,Queensland,,camp_site,,,,,,
151.7403,-28.8273,Queensland,,camp_site,,,,,,
116.13675,-33.97307,Western Australia,Bridgetown Caravan Park,caravan_site,,,,,,
143.80111,-35.6085,Victoria,,camp_site,,,,,,
148.38131,-32.63759,New South Wales,Wanda Wandong Campground,camp_site,paid,1,,0,0,
148.35286,-32.77148,New South Wales,Greenbah Campground,camp_site,paid,1,,0,0,
144.67114,-38.11561,Victoria,Dylene Holiday Park,caravan_site,,,,,,
146.80854,-41.06341,Tasmania,East Beach Tourist park,camp_site,,,,,,
141.84107,-37.66826,Victoria,Wannon River Holiday Park,caravan_site,,,,,,
118.69728,-31.3046,Western Australia,Westonia Caravan Park,camp_site,paid,,,,1,
144.15071,-37.26487,Victoria,Mount Franklin Reserve Campground - Hepburn Regional Park,camp_site,,,,,,
144.28886,-36.99739,Victoria,Picnic Gully - Mt Alexander Regional Park,camp_site,,,,,,
144.15513,-36.83962,Victoria,Happy Jacks Natural Reserve,camp_site,,,,,,
146.13189,-36.58728,Victoria,Don McKenzie Reserve,camp_site,,,,,,
138.47883,-33.00208,South Australia,Appila Springs,camp_site,free,1,0,,0,
145.50222,-37.06583,Victoria,Mafeking Rover Park,camp_site,,,,,,
145.59447,-37.7237,Victoria,Illalangi Scout Camp,camp_site,,,,,,
139.21629,-30.95464,South Australia,Chambers Gorge Campground,camp_site,,,,,,
153.14981,-29.56128,New South Wales,Tyndale Caravan Park,caravan_site,,,,,,
145.3657,-38.04048,Victoria,Akoonah Park Camping & Caravan Park,caravan_site,,,,,,
147.02383,-43.31453,Tasmania,Dover Caravan Park,caravan_site,,,,1,,
141.94575,-34.59213,Victoria,Henschke Track Camp ground,camp_site,,,,,,
145.33969,-24.27715,Queensland,Douglas Ponds Creek Rest Area,camp_site,,1,,,0,
147.90504,-41.19402,Tasmania,,camp_site,paid,,,,,
145.18722,-37.73382,Victoria,Longridge Camp Site,camp_site,,,,,,
138.82219,-35.24234,South Australia,Wirraway Homestead - BaptistCare,camp_site,paid,,,,,
145.56099,-35.8131,New South Wales,Mulberry Beach,camp_site,,,,,,
137.59183,-34.06439,South Australia,,camp_site,,,,,,
153.02287,-28.41292,New South Wales,Sheepstation Creek Campground,camp_site,paid,1,,,0,
153.06389,-28.38757,New South Wales,Forest Tops Campground,camp_site,paid,1,,,0,
143.34733,-37.95442,Victoria,Browns Water Holes Caravan Park,camp_site,,,,,,
152.50708,-29.19912,New South Wales,,camp_site,,,,,,
146.80321,-36.35288,Victoria,Yackandandah Creek Camp Site 7,camp_site,,,,,,
146.80327,-36.343,Victoria,Area No. 5,camp_site,,,,,,
153.37784,-28.59942,New South Wales,Ngamahl Campground,camp_site,,,,,0,
153.37821,-28.59898,New South Wales,Rummery Park Campground,camp_site,paid,1,,,0,
130.99133,-25.23719,Northern Territory,,camp_site,paid,,,,,
130.99154,-25.23703,Northern Territory,,camp_site,,,,,,
130.99178,-25.23688,Northern Territory,,camp_site,,,,,,
146.82551,-36.34084,Victoria,Yackandandah Creek Camp Site 10,camp_site,,,,,,
146.82282,-36.34242,Victoria,Yackandandah Creek Camp Site 9,camp_site,,,,,,
146.81944,-36.34016,Victoria,Yackandandah Creek Camp Site 8,camp_site,,,,,,
146.80651,-36.33852,Victoria,Area No. 4,camp_site,,,,,,
152.72959,-31.31538,New South Wales,Bundilla Camp,camp_site,,,,,,
153.23227,-24.97999,Queensland,Wathumba,camp_site,,,,,,
153.05297,-27.131,Queensland,Beachmere Caravan Park,caravan_site,,,,,,
151.11788,-29.78016,New South Wales,Inverell caravan Park,camp_site,paid,1,,1,1,
148.17169,-33.14493,New South Wales,Parkes Cabins,camp_site,paid,1,1,1,1,
150.50643,-30.89559,New South Wales,Reflections Lake Keepit - Holiday Park,camp_site,paid,1,,,1,
145.58389,-17.25146,Queensland,Lakeside Caravan Park,caravan_site,,,,,,
140.78577,-37.831,South Australia,Mt Gambier Central Caravan Park - East,caravan_site,,,,1,,
140.78446,-37.83101,South Australia,Mt Gambier Central Caravan Park,caravan_site,,,,1,,
140.35219,-36.10124,South Australia,Keith Caravan Park,camp_site,paid,1,1,1,1,
146.88713,-43.55462,,Catamaran Camping & Boatramp,camp_site,free,,,,,
141.91376,-34.0936,New South Wales,,caravan_site,,,,,,
143.88521,-35.68635,Victoria,Kerang Apex Park - Reedy Lake,camp_site,free,1,,,0,
142.30557,-37.3112,Victoria,Fortress Cave Bush Camp,camp_site,,,,,,
142.29395,-37.30478,Victoria,The Oasis Hiker Camp,camp_site,,,,,,
152.98613,-27.28473,Queensland,,caravan_site,,,,,,
152.98625,-27.28501,Queensland,,caravan_site,,,,,,
152.98602,-27.28559,Queensland,,caravan_site,,,,,,
152.98671,-27.28471,Queensland,,caravan_site,,,,,,
152.98726,-27.28571,Queensland,,caravan_site,,,,,,
151.26506,-33.26133,New South Wales,,camp_site,free,1,0,,0,
146.88668,-43.57876,Tasmania,Ramsgate Campground,camp_site,free,,,,,
146.89033,-43.58191,Tasmania,,camp_site,free,,,,,
146.8952,-43.58298,Tasmania,Boltons Green Campground,camp_site,free,,,,,
146.89583,-43.58258,Tasmania,Boltons Green Campground,camp_site,free,,,,,
146.89613,-43.58266,Tasmania,Boltons Green Campground,camp_site,free,,,,,
146.89752,-43.58137,Tasmania,Boltons Green Campground,camp_site,free,,,,,
146.88726,-43.54849,Tasmania,Finns Beach Campground,camp_site,,,,,,
146.89104,-43.54285,Tasmania,Gilhams Beach Campground,camp_site,,,,,,
145.62773,-16.81601,Queensland,Kuranda Rainforest Accommodation Park,caravan_site,,,,,,
145.21587,-23.64971,Queensland,Lloyd Jones Weir Campground,camp_site,,,,,,
150.05566,-32.2378,New South Wales,Big River Campground,camp_site,free,1,,,0,
145.7179,-17.65278,Queensland,South Johnstone Camping Area,camp_site,,,,,,
146.79321,-19.26914,Queensland,Town & Country,caravan_site,,,,,,
146.11126,-17.69741,Queensland,,caravan_site,,,,,,
120.22516,-26.58975,Western Australia,Wiluna Caravan Park,caravan_site,,,,,,
116.97942,-24.93862,Western Australia,,caravan_site,,,,,,
116.97771,-24.94052,Western Australia,Visitors camping area,camp_site,,,,,,
142.0625,-31.67336,New South Wales,Eckerboon Lake campground,camp_site,paid,1,0,0,0,
146.05397,-18.00144,Queensland,Googarra Beach Caravan Park,caravan_site,,,,,,
142.50216,-37.41531,Victoria,Yarram Hike-in Campground,camp_site,paid,,,,0,
142.44601,-37.48256,Victoria,Wannon Hike-in Campground,camp_site,paid,1,,,0,1
150.4505,-34.80381,New South Wales,Wombat Hollow,camp_site,,,,,,
148.5955,-35.47505,New South Wales,Broken Cart Campground,camp_site,free,0,,,0,1
142.43622,-36.95362,Victoria,Barigar Hike-in Campground,camp_site,paid,1,,,0,1
142.35077,-37.60325,Victoria,Mud-Dadjug Hike-in Campground,camp_site,paid,,,,,1
142.3693,-37.56127,Victoria,Djardji-djawara Hike-in Campground,camp_site,,1,,0,0,1
153.51992,-27.42527,Queensland,Home Beach Campground,camp_site,,,,,,
151.27974,-33.5381,New South Wales,Patonga Rest Area,camp_site,,0,0,,,
149.97379,-37.49431,New South Wales,Bunyip waterhole campsite,camp_site,,,,,0,1
149.85678,-37.53798,,Lake Barracoota Campsite,camp_site,,,,,0,1
149.9342,-37.52052,,Lake Wau Wauka campsite,camp_site,,,,,0,1
149.95177,-37.40598,New South Wales,Little creek campsite,camp_site,,1,,,0,1
149.96487,-37.43768,New South Wales,Nadgee Beach North campsite,camp_site,,,,,0,1
149.96453,-37.46004,New South Wales,Nadgee Lake campsite,camp_site,,,,,0,1
149.96927,-37.44234,New South Wales,Nadgee Beach Campsite,camp_site,,,,,0,1
149.94543,-37.37026,New South Wales,Newtons Beach campsite,camp_site,,1,,,0,1
150.11428,-35.27593,New South Wales,Canowie Brook campsite,camp_site,,,,,,
150.20109,-35.28528,New South Wales,Cooyoyo campsite,camp_site,,,,,,
150.18108,-35.31617,New South Wales,Long Gully 2,camp_site,,,,,,
153.49232,-27.41965,Queensland,Flinders Beach Campground,camp_site,paid,,,,,
142.58978,-37.28134,Victoria,Duwul Hike-in Campground,camp_site,paid,,,,,1
148.96014,-31.29933,New South Wales,Camp Burbie,camp_site,paid,0,,0,0,
116.00814,-31.86096,Western Australia,Swan Valley Adventure Centre,camp_site,,,,,,
146.00792,-17.89133,Queensland,Hillside Caravan Park,caravan_site,,,,,,
150.1432,-30.29035,New South Wales,Bark Hut Campground,camp_site,paid,1,,,1,
145.86909,-37.25987,Victoria,Snobs Creek Holiday Park,caravan_site,,,,,,
146.98208,-37.48282,Victoria,Horseyard Flat,camp_site,,,,,,
147.14605,-33.09353,New South Wales,Riverview Caravan Park,caravan_site,,,,,,
147.14669,-33.09264,New South Wales,,camp_site,,,,,,
145.48983,-17.26995,Queensland,Atherton Hallorans Leisure Park,caravan_site,,,,,,
149.65081,-33.07502,New South Wales,Wallaby Rocks Campground,camp_site,free,0,0,0,0,
150.33615,-30.33545,New South Wales,Horton Falls Campground,camp_site,paid,1,,,0,
151.59848,-26.16129,Queensland,Proston Caravan Park - Key & payt at Proston Rural Supplies,camp_site,paid,1,,1,1,
136.94043,-35.02382,South Australia,Daly Head Campground,camp_site,paid,,,,,
146.70792,-37.82592,Victoria,Montana on the Macalister,caravan_site,,1,,1,,
147.50797,-32.3566,New South Wales,Albert Park Rest Area,camp_site,free,1,,,1,
138.25926,-35.63456,South Australia,,camp_site,,,,,,
139.05829,-25.87574,Queensland,Big Red Bash,camp_site,,,,,,
145.75609,-37.77081,Victoria,Big Pats,camp_site,,,,,,
119.91749,-33.95637,Western Australia,Hamersley Inlet,camp_site,,,,,,
145.03548,-38.4178,Victoria,Iluka Retreat and Camp,camp_site,,,,,,
145.16469,-38.39308,Victoria,Somers Beach Holiday Park,caravan_site,,,,,,
145.50766,-38.13097,Victoria,,camp_site,paid,,,,,
115.87932,-32.62959,Western Australia,24 Hour RV Free Stay Area,caravan_site,free,,,,,
138.2586,-35.5028,South Australia,Wirrina Cove Holiday Park,camp_site,,,,,,
144.98501,-38.32443,Victoria,Don Bosco Camp,camp_site,,,,,,
144.98803,-38.31949,Victoria,Robin Caravan Park,caravan_site,,,,,,
144.98984,-38.31739,Victoria,Halcyon Caravan Park,caravan_site,,,,,,
145.65946,-16.73457,Queensland,Buchan Point,caravan_site,,,,,,
145.65781,-16.73262,Queensland,Buchan Point 2,caravan_site,,,,,,
145.0673,-38.20118,Victoria,YMCA Camp Manyung,camp_site,,,,,,
148.17066,-25.03356,Queensland,Big Bend Walkers' Camp,camp_site,paid,,,,0,
148.2886,-41.37601,,,camp_site,,,,,,
152.15101,-28.8426,New South Wales,Cypress Pine Campground,camp_site,paid,1,,,0,
152.04544,-28.84496,New South Wales,Bald Rock Campground,camp_site,paid,1,,,0,
152.3108,-28.05961,Queensland,Ron's Gap Creek horse riding and Camp site,camp_site,,,,,,
114.63603,-28.69784,Western Australia,Geraldton Caravan Park,caravan_site,,1,,,,
148.15188,-33.89132,New South Wales,Grenfell Caravan Park,caravan_site,paid,1,,1,1,
152.32132,-29.47146,New South Wales,Coombadjha Camping Area,camp_site,paid,1,,,0,
121.91433,-33.83594,Western Australia,Bathers Paradise,caravan_site,,,,,,
131.83572,-24.41851,Northern Territory,Wayoutback Campsite Kings Creek,camp_site,paid,,,,,
131.83045,-24.42297,Northern Territory,,camp_site,,,,,,
134.15813,-28.29234,South Australia,Anita Bush Camp,camp_site,,,,,,
138.56172,-31.40993,South Australia,Acraman Camp Ground,camp_site,,,,,,
143.74101,-37.87332,Victoria,Corindhap Recreation Reserve,camp_site,,1,,,,
118.88037,-32.45268,Western Australia,Wave Rock Short Stay - The Camp,caravan_site,,,,0,,
152.50549,-32.20457,New South Wales,Lani's Holiday Island,camp_site,paid,,,,,
152.5016,-32.20812,New South Wales,Lani's Holiday Island,camp_site,,,,,,
152.50095,-32.20887,New South Wales,Lani's Holiday Island,camp_site,,,,,,
151.49444,-30.65351,New South Wales,Primitive Campgrounds,caravan_site,,1,,,,
143.95314,-35.52949,Victoria,Murrabit Recreation Reserve,camp_site,,,,,,
121.4452,-29.19108,Western Australia,Orient Well Mine Camp,camp_site,,,,,,
153.18768,-30.16749,New South Wales,Discovery Parks - Emerald Beach,caravan_site,,,,,,
137.86055,-34.78176,,,caravan_site,,,,,,
137.61237,-35.67136,South Australia,KI Caravan Park ~ Kingscote Tourist Park and Family Units,caravan_site,,,,,,
152.68902,-26.6371,Queensland,Caravan & Camping Park,camp_site,,,,,,
141.91929,-21.57876,Queensland,Kynuna Caravan Park,caravan_site,,,,,,
151.61083,-27.21496,Queensland,Brymaroo Rodeo & Campdraft Grounds,camp_site,paid,,,,,
152.73036,-26.79521,Queensland,A Place To Call Home,camp_site,paid,,,,,
150.55859,-35.2009,New South Wales,,camp_site,paid,,1,,,
150.55838,-35.20049,New South Wales,,camp_site,paid,,,,,
130.98019,-25.39824,Northern Territory,Mala Lodge,camp_site,paid,,,,,
143.9354,-36.94196,Victoria,Hamiltons Crossing Crown Land Reserve,camp_site,,,,,,
153.37521,-27.92538,Queensland,Pine Ridge Caravan Village,caravan_site,,,,,,
148.60226,-35.94057,New South Wales,Denison Camp Ground,camp_site,,1,0,0,0,
145.23838,-17.66595,Queensland,Innot Hot Springs Caravan & Leisure Park,caravan_site,,,,,,
152.55077,-25.17682,Queensland,Buxton Bush Camp,camp_site,,1,,,1,
134.19882,-19.64567,Northern Territory,,caravan_site,,,,,,
152.73049,-27.34604,Queensland,England Creek bush camp,camp_site,,,,,,
152.77114,-27.27231,Queensland,Middle Kobble Bush Camp,camp_site,paid,,,,,
152.77575,-27.25237,Queensland,North Kobble Bush Camp,camp_site,paid,,,,,
152.71925,-27.32339,Queensland,Northbrook Mountain Bush Camp,camp_site,paid,,,,,
152.78776,-27.2862,Queensland,South Kobble Bush Camp,camp_site,paid,,,,,
152.58871,-26.69767,Queensland,Tallowwood Walkers Camp,camp_site,,,,,,
145.84041,-37.83448,Victoria,Ada #2 Walk-in Campground,camp_site,,,,,,
148.53836,-35.69668,New South Wales,Long Plain Hut Camping Area,camp_site,free,,,,0,1
148.53934,-35.69873,New South Wales,Long Plain Hut Camping Area (For Horses),camp_site,free,,,,0,1
145.89095,-37.88283,Victoria,Latrobe River Camping Area,camp_site,,,,,,
147.2525,-36.69981,Victoria,Mountain Creek Campsite,camp_site,,,,,,
148.99805,-28.9774,New South Wales,Mungindi Van Park,caravan_site,,,,,,
144.6732,-41.0357,Tasmania,Arthur River Cabin Park,camp_site,,,,,,
145.72713,-40.98668,,Wynyard Showgrounds,camp_site,,,,,,
145.62092,-42.20676,Tasmania,Lake Burbury South Boat Ramp,camp_site,,,,,,
145.13847,-41.727,Tasmania,Reece Dam,camp_site,,,,,,
147.15338,-43.45961,Tasmania,Jetty Beach Camp Area,camp_site,,,,,0,
147.80584,-42.89401,Tasmania,,camp_site,,,,,,
147.42027,-42.66642,Tasmania,Flour Mill Park,camp_site,,,,,,
148.2979,-41.64736,Tasmania,Lagoons Beach,camp_site,paid,1,,,0,
146.22031,-41.4667,Tasmania,O'Neills Creek Camp Area,camp_site,paid,,,,,
146.21999,-41.7367,Tasmania,Lake Rowallan Boat Ramp,camp_site,,,,,,
146.33394,-41.38242,Tasmania,Shefield Football & Cricket Club,camp_site,,,,,,
147.96859,-41.63786,Tasmania,Fingal Park,camp_site,,1,,,1,
146.00526,-41.29604,Tasmania,Gunns Plains Cave State Park,camp_site,,,,,,
148.82957,-25.49255,Queensland,Lonesome Camping Area,camp_site,,,,,,
145.2812,-23.56292,Queensland,Caravan Park,caravan_site,,,,,,
145.28049,-23.56001,Queensland,Caravan Park,caravan_site,,,,,,
147.01058,-36.50973,Victoria,Dederang North RA,camp_site,,,,,,
145.55486,-37.39112,Victoria,Blackwood Camp,camp_site,,,,,,
145.55906,-37.39575,Victoria,SEC Camp,camp_site,,,,,,
145.56483,-37.41479,Victoria,Water Gauge Camp,camp_site,,,,,,
145.5692,-37.42617,Victoria,Ferns Camp,camp_site,,,,,,
147.03106,-36.32789,Victoria,Free camp site,camp_site,,,,,,
145.55583,-37.39294,Victoria,Cassinia Camp,camp_site,,,,,,
145.57156,-37.4285,Victoria,Bull Creek Camp,camp_site,,,,,,
146.23143,-37.23632,Victoria,Running Creek Campsite,camp_site,,,,,,
148.22767,-36.42237,New South Wales,Moiras Flat,camp_site,free,,,,,1
145.55424,-41.22743,Tasmania,Camp spot,camp_site,,,,,,
148.49469,-21.12983,Queensland,Explorers’ Haven,camp_site,,,,,,
115.94669,-34.51117,Western Australia,Drafty's,camp_site,,,,,,
115.96133,-34.50967,Western Australia,Warren,camp_site,,,,,,
139.74273,-37.04168,,Wright's Bay Camping Area,camp_site,paid,,,,,
142.51886,-21.75559,Queensland,Ascot Rest Area,camp_site,,,,,,
143.42464,-22.55699,Queensland,Crawford Creek Rest Area,camp_site,,1,0,,0,
143.8601,-22.97546,Queensland,Morella Rest Area,camp_site,free,1,0,,0,
135.40215,-19.43345,Northern Territory,Frewena Rest Area,camp_site,,,,,,
133.32887,-22.53144,Northern Territory,Prowse Gap,camp_site,,1,,,0,
133.54315,-22.95079,Northern Territory,Connor's Well,camp_site,,0,,,0,
141.23476,-34.09544,Victoria,Old Yards Camp Ground,camp_site,,,,,,
141.13543,-34.12211,Victoria,,camp_site,,,,,,
141.11341,-34.12189,Victoria,Glassy Meadows,camp_site,free,,,,,
117.87365,-35.01141,Western Australia,,caravan_site,,,,,,
152.69566,-27.31798,Queensland,Northbrook Mountain Bush Camp,camp_site,paid,,,,,
117.94237,-34.99742,Western Australia,,caravan_site,,,,,,
153.61151,-28.64108,New South Wales,First Sun,caravan_site,,,,,,
141.20365,-34.10712,Victoria,,camp_site,,,,,,
141.27605,-34.0987,,,camp_site,,,,,,
152.39104,-23.90706,,,camp_site,,,,,,
149.65993,-25.48534,Queensland,Lake Murphy Campsite,camp_site,,,,,,
143.35466,-37.2992,Victoria,Fortes,camp_site,,,,,,
152.49738,-28.42391,New South Wales,,camp_site,,,,,,
138.12832,-35.60556,South Australia,Cape Jervis Campsite,caravan_site,,,,,,
146.22512,-43.49103,,Freney Lagoon Campsite,camp_site,,,,,0,1
146.68633,-43.59667,Tasmania,Granite Beach (east) Campsite,camp_site,,,,,0,1
146.78623,-43.59965,Tasmania,South Cape Rivulet Campsite,camp_site,,,,,,1
146.40987,-43.48533,Tasmania,Louisa River Campsite,camp_site,,,,,0,1
146.49671,-43.53042,Tasmania,Little Deadmans Bay Campsite,camp_site,,,,,0,1
146.62442,-43.56155,Tasmania,Osmiridium Beach Campsite,camp_site,,,,,0,1
146.24301,-43.49156,Tasmania,Point Eric Campsite,camp_site,,,,,0,1
145.13164,-37.03017,Victoria,Goulburn River Tourist Park,caravan_site,,,,1,,
153.13266,-26.88781,Queensland,Ocean Beach Camping Area (Site P),camp_site,,,,,,
153.09518,-26.9917,,Poverty Creek Camping Area,camp_site,,,,,,
153.1005,-27.01503,,Gallagher Point Camping Area,camp_site,,,,,,
148.38624,-21.14845,Queensland,Eungella Dam,camp_site,,,,,,
150.02932,-36.61476,New South Wales,Picnic Point,camp_site,,,,,,
151.8318,-26.5462,Queensland,Kingaroy Showgrounds Caravan Park,caravan_site,,,,1,,
143.36943,-37.08594,Victoria,Frasers Trail Bike,camp_site,,,,,,
152.62088,-27.98514,Queensland,,camp_site,,,,,,
148.62719,-35.9421,New South Wales,Providence Holiday Park,caravan_site,paid,,1,1,,
147.65938,-36.82636,Victoria,Taylors Crossing campsite,camp_site,free,,,,,
147.65757,-36.81632,Victoria,,camp_site,,,,,,
147.56039,-36.9151,Victoria,,camp_site,,,,,,
142.07701,-34.15688,Victoria,Merbein Common - River Access 6,camp_site,free,0,,,,
142.07757,-34.15755,Victoria,Merbein Common - River Access 5,camp_site,free,0,,,,
142.08043,-34.16448,,Merbein Common - River Access 1,camp_site,free,0,,,,
142.07932,-34.16188,,Merbein Common - River Access 3,camp_site,free,0,,,,
142.07918,-34.16146,,Merbein Common - River Access 4,camp_site,free,0,,,,
142.08,-34.16346,,Merbein Common - River Access 3,camp_site,free,0,,,,
142.06228,-34.126,New South Wales,,camp_site,,,,,,
142.07099,-34.15478,Victoria,Merbein Common - River Access 7,camp_site,free,0,,,,
142.0653,-34.14847,Victoria,,camp_site,,,,,,
142.06528,-34.15045,Victoria,,camp_site,,,,,,
142.06695,-34.15322,Victoria,,camp_site,,,,,,
142.06923,-34.15437,Victoria,Merbein Common - River Access 8,camp_site,free,0,,,,
142.07008,-34.14288,Victoria,,camp_site,,,,,,
142.06559,-34.15128,Victoria,,camp_site,,,,,,
142.06654,-34.14471,Victoria,,camp_site,,,,,,
142.06539,-34.14657,Victoria,,camp_site,,,,,,
142.06718,-34.12757,New South Wales,,camp_site,,,,,,
142.06578,-34.15183,Victoria,,camp_site,,,,,,
142.06838,-34.15403,Victoria,,camp_site,,,,,,
142.06054,-34.12608,New South Wales,,camp_site,,,,,,
142.07762,-34.13551,New South Wales,,camp_site,,,,,,
145.50347,-37.06479,Victoria,Mafeking Rover Park,camp_site,,,,,,
153.02695,-25.96153,,Poverty Point Campsite,camp_site,,,,,,
141.38955,-38.03549,Victoria,Wright Horse Camp - Cobboboonee National Park,camp_site,,,,,,
124.73226,-32.34868,Western Australia,Culver Repeater Station,camp_site,,0,,,,
121.71425,-33.22877,Western Australia,Grass Patch Park & Stay,camp_site,paid,1,,1,1,
122.53072,-33.75119,Western Australia,Condingup Recreation Ground,camp_site,,,,,,
120.47962,-33.95474,,Mason Bay,camp_site,,,,,,
119.41064,-34.25999,Western Australia,Quaalup Homestead Wilderness Retreat,camp_site,paid,,,,,
116.04991,-33.83672,Western Australia,Greenbrushes Rest Area,camp_site,,,,,,
115.94551,-34.19924,Western Australia,Greens Island,camp_site,paid,1,,,,
115.9412,-34.00767,Western Australia,Karri Gully Picnic Site,camp_site,,1,,,0,
115.811,-33.9222,Western Australia,Revelly Bridge Picnic Area,camp_site,,,,,,
153.1186,-28.31571,Queensland,,camp_site,,,,,,
153.12461,-28.31978,Queensland,,camp_site,,,,,,
145.79953,-18.60052,Queensland,Wallaman Falls camping area,camp_site,paid,,,,,
150.20016,-35.73229,,Clyde View Holiday Park,caravan_site,paid,,,,,
150.17592,-35.81022,New South Wales,River Haven Tourist Park,caravan_site,,,,,,
146.85425,-37.81081,Victoria,Huggetts Crossing Campground,camp_site,free,,,,,
146.40507,-37.95561,Victoria,Rawson Caravan Park,caravan_site,free,,,,,
146.42706,-37.81623,Victoria,,camp_site,,,,,,
146.42084,-37.83154,Victoria,,camp_site,,,,,,
141.31019,-38.21536,Victoria,,camp_site,,,,,,
141.31077,-38.21487,Victoria,,camp_site,,,,,,
141.31121,-38.21466,Victoria,,camp_site,,,,,,
141.31121,-38.21439,Victoria,,camp_site,,,,,,
148.73485,-33.81942,New South Wales,Cowra Holiday Park,caravan_site,,,,,,
146.83094,-37.20408,Victoria,,camp_site,,,,,,
146.83315,-37.20471,Victoria,Homestead Flat Camping Area,camp_site,,,,,,
146.82959,-37.2037,Victoria,,camp_site,,,,,,
140.37714,-37.89717,,Cape Banks Lighthouse,camp_site,,,,,,
140.13789,-37.58051,South Australia,Kotgee campground,camp_site,paid,,,,,
140.12726,-37.56873,South Australia,Lynnies at Southend,camp_site,paid,,,,,
140.35454,-37.56397,South Australia,Millicent North Rest Area,camp_site,,,,,,
140.49835,-37.70583,South Australia,Tantanoola East Rest Area,camp_site,,,,,,
140.23722,-37.39364,South Australia,Drain M Rest Area,camp_site,,,,,,
146.38639,-38.67167,Victoria,Agnes River Rest Area,camp_site,,,,,,
146.85111,-36.84167,Victoria,Ah Youngs Camping Area,camp_site,,,,,,
141.58278,-38.01861,Victoria,Annya Road Picnic Area,camp_site,,,,,,
145.54833,-35.81306,New South Wales,Apex Beach,camp_site,,,,,,
144.49141,-38.00101,Victoria,Avalon Rest Area,camp_site,,,,,,
142.97858,-36.64017,Victoria,Avon River,camp_site,,,,,,
141.17722,-37.28806,Victoria,Baileys Rocks Campground,camp_site,free,1,,,0,
145.12404,-38.39048,Victoria,Balnarring Beach Camping Reserve,camp_site,,,,,,
145.76446,-38.36057,Victoria,Bass Valley Camping Ground,camp_site,,,,,,
143.97444,-36.31306,Victoria,Bears Lagoon Fruit Fly Rest Area,camp_site,,0,0,0,0,
143.16375,-36.70178,Victoria,Beazleys Bridge Rest Area,camp_site,,,,,,
142.86153,-34.62849,Victoria,Beggs Bend,camp_site,,,,,,
148.81774,-37.65223,Victoria,Bellbird Creek,camp_site,free,0,,,,
145.98,-36.55528,Victoria,,camp_site,,,,,,
142.42447,-35.34546,Victoria,Bj Robertson Memorial Park,camp_site,,,,,,
142.32056,-35.07348,Victoria,,camp_site,,,,,,
145.99833,-37.17472,Victoria,Blue Gum Flat,camp_site,,,,,,
147.11278,-37.78056,Victoria,Blue Pools Campground,camp_site,,,,,,
146.09486,-36.93475,Victoria,Blue Range Creek Campground,camp_site,,,,,,
146.27667,-38.38,Victoria,Boolarra Community Hotel,camp_site,paid,,,,,
145.82583,-35.97889,New South Wales,Bourkes Bend No 3,camp_site,,,,,,
141.8025,-37.85806,Victoria,Branxholme Rest Area,camp_site,,,,,,
148.95736,-37.5892,Victoria,Brightlight Saddle Rest Area,camp_site,free,0,,,,
142.40627,-36.07576,Victoria,Brim Lakeside Park (Book and pay at pub),caravan_site,,,,,,
143.34697,-37.95429,Victoria,Browns Water Holes Caravan Park,camp_site,,,,,,
145.91444,-35.96611,Victoria,Bruces Beach No2,camp_site,,,,,,
148.16389,-37.49528,Victoria,Buchan Caves Camping Reserve,camp_site,,,,,,
143.56917,-37.09806,Victoria,Bung Bong Rest Area,camp_site,,,,,,
148.03069,-37.81606,Victoria,Burned Bridge Reserve,camp_site,,,,,,
147.44323,-35.95826,Victoria,Burrowye West Rest Area,camp_site,,0,,,,
147.49472,-36.98778,Victoria,C.R.B. Camp Area,camp_site,free,1,,,0,
145.84056,-37.17667,Victoria,Candlebark Campground,camp_site,,,,,,
146.33389,-37.96,Victoria,Caringal Scout Camp,camp_site,paid,,,,,
143.35083,-36.26833,Victoria,Charlton Travellers Rest,camp_site,,1,1,0,1,
142.1873,-37.10807,Victoria,Cherrypool Highway Park,camp_site,,,,,,
146.66986,-37.76251,Victoria,Cheynes Bridge,camp_site,,,,,,
145.96989,-36.00541,New South Wales,Chinamans Bend,camp_site,,,,,,
143.98222,-37.70917,Victoria,Clarendon Rest Area,camp_site,,,,,,
141.69139,-37.59722,Victoria,Coleraine Caravan Park,camp_site,,,,,,
146.42431,-37.98086,Victoria,Coopers Creek Campground,camp_site,,,,,,
148.5225,-37.8,Victoria,Corringle Slips Campground,camp_site,,,,,,
141.165,-38.07528,Victoria,Dartmoor Turnoff Rest Area,camp_site,,,,,,
147.01694,-36.44444,Victoria,Dederang North Rest Area,camp_site,,,,,,
143.17694,-37.93139,Victoria,Deep Lake Recreation Reserve,camp_site,,,,,,
143.22751,-37.94882,Victoria,Derrinallum Recreation Reserve,camp_site,paid,,,,,
143.22389,-37.94806,Victoria,Derrinallum Town Park,camp_site,,,,,,
146.135,-36.79417,Victoria,Dodds Bridge Rest Area,camp_site,,,,,,
147.38083,-37.23361,Victoria,Dogs Grave Campground,camp_site,,,,,,
142.98817,-36.36464,Victoria,Donald Lakeside Caravan Park,camp_site,,,,,,
142.9775,-36.3675,Victoria,Donald Town Park,camp_site,,,,,,
141.29611,-37.03444,Victoria,"Edenhope Lake Wallace Recreation Ground""""",camp_site,,,,,,
141.3475,-37.00111,Victoria,Edenhope North Rest Area,camp_site,,,,,,
146.42242,-36.64722,Victoria,Edi Turnoff Rest Area,camp_site,,,,,,
142.41,-34.56944,Victoria,Emmerts Bend,camp_site,,,,,,
147.65278,-37.99556,Victoria,Emu Bight Campground,camp_site,,,,,,
144.56111,-36.62139,Victoria,English's Bridge,camp_site,,,,,,
147.82402,-37.38275,Victoria,Ensay Recreation Ground,camp_site,paid,1,,1,1,
147.63139,-36.89333,Victoria,Ferny Flat Campground,camp_site,,,,,,
141.8485,-38.25801,Victoria,Fitzroy River Reserve,camp_site,,,,,,
143.39917,-38.34889,Victoria,"Floating Islands Lagoon Nature Reserve""""",camp_site,,,,,,
145.95583,-35.99306,Victoria,Forges Beach No2,camp_site,,,,,,
141.285,-37.92583,Victoria,Fort O'Hare Campground,camp_site,,,,,,
145.43194,-36.30361,Victoria,Four Corners Caravan Park,camp_site,,,,,,
149.59099,-37.47274,Victoria,Genoa Rest Area / Wayside Stop / Camp Park,camp_site,paid,,,,,
147.70049,-36.75669,Victoria,Gibbo River Bush Camping,camp_site,,,,,,
144.98,-36.39806,Victoria,Girgarre Town Park,camp_site,,,,,,
143.32722,-37.1375,Victoria,Glenpatrick Reserve,camp_site,,,,,,
145.97718,-36.00928,New South Wales,Green Bank,camp_site,,,,,,
145.03311,-36.64697,Victoria,Greens Campground - Whroo Historical Area,camp_site,free,1,,,0,
144.12972,-35.66306,Victoria,Gunbower 4,camp_site,,,,,,
146.84583,-38.20861,Victoria,Harriers Swamp Campground,camp_site,,,,,,
141.44667,-37.93889,Victoria,Hiscocks Crossing,camp_site,,,,,,
143.83556,-36.63583,Victoria,Hoopers Bridge (tallaroop Creek),camp_site,,,,,,
142.36694,-35.72611,Victoria,Hopetoun Caravan Park,camp_site,,,,,,
142.36472,-35.7225,Victoria,Hopetoun Rest Area,camp_site,,,,,,
142.0757,-34.156,Victoria,Horseshoe Bend,camp_site,,,,,,
141.56111,-37.92583,Victoria,Hotspur Bridge (Crawford River),camp_site,,,,,,
142.105,-37.22472,Victoria,Hynes Reserve Camping Area,camp_site,paid,,,,,
148.03333,-36.23417,Victoria,Indi Bridge Reserve,camp_site,,,,,,
147.2639,-37.40932,Victoria,Italian Flat Campground,camp_site,,,,,,
145.94694,-36.83639,Victoria,James Camping Reserve,camp_site,,,,,,
141.98417,-36.14472,Victoria,Jeparit Caravan Park,camp_site,,,,,,
141.5895,-37.17021,Victoria,Johnny Mullagh Park Camping Ground,camp_site,paid,1,,1,1,
145.69071,-36.08093,Victoria,Katamatite Lions Memorial Park,camp_site,,,,,,
142.30778,-38.35528,Victoria,Killarney Beach Camping Reserve,camp_site,,,,,,
144.60194,-36.83944,Victoria,Knowsley Rest Area,camp_site,,,,,,
143.38556,-36.64056,Victoria,Kooreh Hall,camp_site,,,,,,
143.89861,-36.82556,Victoria,Laanecoorie River Reserve,camp_site,,,,,,
142.94583,-36.51611,Victoria,Lake Batyo Catyo Campground,camp_site,,,,,,
141.23639,-36.75222,Victoria,Lake Charlegrark Campground,camp_site,,,,,,
143.01674,-38.3499,Victoria,Lake Elingamite,camp_site,,,,,,
141.1855,-38.13381,Victoria,Lake Monibeong Campground,camp_site,,,,,,
141.46548,-36.81143,Victoria,Lake Ratzcastle Camp Area,camp_site,,,,,,
143.28472,-37.97722,Victoria,Lake Tooliorook,camp_site,,,,,,
142.1378,-35.19775,Victoria,Lake Walpeup Reserve Camping Area,camp_site,,,,,,
142.8475,-36.14833,Victoria,Watchem Lake,camp_site,paid,1,,1,1,
141.73012,-35.05581,Victoria,Lakes Crosbie Campground,camp_site,,,,,,
145.86222,-37.17694,Victoria,Lakeside Campground,camp_site,,,,,,
143.13639,-37.00833,Victoria,Landsborough Caravan Park,camp_site,,,,,,
143.3443,-37.95384,Victoria,Lismore Town Park,camp_site,,,,,,
145.71198,-38.36775,Victoria,Loch Memorial Reserve,camp_site,,,,,,
141.98111,-36.41833,Victoria,Lochiel Rest Area,camp_site,,1,,,0,
147.00028,-37.95111,Victoria,Maffra Golf Club - RV Park,caravan_site,,,,,,
145.06808,-36.85555,Victoria,Major Creek Reserve,camp_site,,,,,,
149.75913,-37.55704,Victoria,Mallacoota Foreshore Camping Park,caravan_site,paid,1,1,1,,
142.88333,-35.05278,Victoria,Manangatang Travellers Rest,camp_site,paid,1,,1,1,
146.60833,-37.53278,Victoria,7 Manna Gum Camp,camp_site,free,1,,,,
147.24968,-38.06116,Victoria,Marlay Point Free Camping,camp_site,free,,,,,
145.11604,-36.17804,Victoria,McCoys Bridge Rest Area,camp_site,free,0,,,,
141.82409,-34.26007,Victoria,Merrinee North Rest Area,camp_site,,0,,,,
147.23139,-37.51639,Victoria,Meyers Flat Campsite,camp_site,,,,,,
143.24629,-37.33253,Victoria,Middle Creek Campground,camp_site,,,,,,
141.2712,-38.05443,Victoria,Moleside Creek Picnic Area,camp_site,,,,,,
143.31917,-36.98528,Victoria,Mountain Creek Picnic Area,camp_site,,,,,,
142.08778,-37.2275,Victoria,Mountain Dam Campground,camp_site,,,,,,
141.18128,-35.26581,Victoria,Murrayville Lawn Caravan Park and Cabins - Bethune,camp_site,paid,1,,1,1,
145.55389,-37.39056,Victoria,Murrindindi Scenic Reserve,camp_site,,,,,,
142.46612,-36.62174,Victoria,Murtoa Caravan Park,camp_site,,,,,,
146.61456,-37.53032,Victoria,8 Muttonwood Camp,camp_site,free,1,,,,
145.68801,-37.9459,Victoria,Nash Creek Campground,camp_site,,,,,,
145.99015,-38.01294,Victoria,Neerim South Caravan Park,caravan_site,,,,,,
145.89194,-35.95556,New South Wales,Nevins East Beach,camp_site,,,,,,
145.43928,-36.09786,Victoria,Numurkah Lions Community Park,camp_site,,,,,,
143.3802,-35.16753,,Nyah Recreation Reserve,camp_site,,,,,,
141.99167,-35.72778,Victoria,OTIT Campground,camp_site,,,,,,
143.69083,-37.08278,Victoria,Paddys Range State Park,camp_site,,,,,,
147.42222,-38.19417,Victoria,Paradise Beach Campground,camp_site,,,,,,
146.19806,-36.05889,Victoria,Parolas Bend,camp_site,,,,,,
143.19944,-34.71694,New South Wales,Passage Camp,camp_site,,,,,,
149.13667,-37.7425,Victoria,Peach Tree Creek Camping Area,camp_site,,,,,,
142.28998,-37.87291,Victoria,Penshurst Caravan Park,camp_site,,,,,,
143.32472,-35.04278,Victoria,Piangil North Rest Area,camp_site,,,,,,
143.31227,-35.05527,Victoria,Piangil Rest Area,camp_site,,,,,,
143.21694,-35.05694,Victoria,Piangil West Rest Area,camp_site,,,,,,
144.29056,-36.99833,Victoria,Picnic Gully,camp_site,,,,,,
146.24472,-37.40861,Victoria,Picnic Point Reserve,camp_site,,,,,,
145.99333,-37.16194,Victoria,Picnic Point,camp_site,,,,,,
145.81306,-38.08361,Victoria,Picnic Point,camp_site,,,,,,
140.97833,-37.84139,Victoria,Pinaster Picnic Area,camp_site,,,,,,
146.52502,-36.44241,Victoria,Pioneer Bridge,camp_site,,,,,,
143.4125,-38.34694,Victoria,Pirron Yallock West Rest Area,camp_site,,,,,,
146.50405,-35.98026,Victoria,Police Paddocks,camp_site,,,,,,
145.74472,-37.86056,Victoria,Powelltown Rest Area,camp_site,,,,,,
147.27399,-37.92116,Victoria,Providence Ponds,camp_site,,,,,,
142.23313,-34.25135,Victoria,Psyche Bends,camp_site,,,,,,
142.80278,-34.60694,Victoria,Pump Road Camp,camp_site,,,,,,
144.125,-36.05528,Victoria,Pyramid Hill Caravan Park,camp_site,,,,,,
146.62266,-37.5186,Victoria,12 Red Box Camp,camp_site,free,1,,,,
146.95222,-38.57333,Victoria,Reeves Beach Coastal Reserve,camp_site,,,,,,
145.20972,-36.05417,Victoria,Riverbank Caravan Park,camp_site,,,,,,
144.70139,-36.27528,Victoria,Rochester North Rest Area,camp_site,,,,,,
142.34111,-37.03333,Victoria,Rosedale Picnic Area,camp_site,,,,,,
145.79953,-37.27909,Victoria,Rubicon River Rest Area,camp_site,,,,,,
147.04639,-36.54444,Victoria,Running Creek Rest Area,camp_site,,,,,,
144.62429,-36.52247,Victoria,Runnymede Highway Park,camp_site,free,0,,,,
146.63444,-36.04722,Victoria,Rutherglen East Rest Area,camp_site,,,,,,
143.71417,-36.48667,Victoria,Ryan Creek Rest Area,camp_site,,,,,,
144.82913,-38.37072,Victoria,Rye East Foreshore Camping,camp_site,,,,,,
145.68213,-35.93027,Victoria,Scotts Beach,camp_site,,,,,,
142.84611,-35.50317,Victoria,Sea Lake Caravan & Camping Park,camp_site,,,,,,
140.98087,-36.38664,Victoria,Serviceton Recreational Reserve,camp_site,paid,1,,1,1,
146.17167,-38.82111,Victoria,Shallow Inlet Campground,camp_site,,,,,,
143.58583,-36.36611,Victoria,Skinners Flat Reservoir,camp_site,,,,,,
147.07667,-36.8275,Victoria,Smoko Camping Area,camp_site,,,,,,
143.68583,-37.63917,Victoria,Smythesdale Gardens,camp_site,,,,,,
147.43861,-36.59611,Victoria,Snowy Creek Campground,camp_site,,,,,,
148.5068,-37.7399,Victoria,Snowy River Rest Area 1,camp_site,,,,,,
148.53688,-37.76788,Victoria,Snowy River Rest Area 2,camp_site,,,,,,
144.75222,-38.34417,Victoria,Sorrento Foreshore Reserve,camp_site,,,,,,
142.36341,-34.44557,New South Wales,Spences Bend,camp_site,,,,,,
143.31944,-36.83972,Victoria,Stuart Mill South Rest Area,camp_site,,,,,,
141.50417,-38.18389,Victoria,Surrey Ridge Campground,camp_site,,,,,,
141.31111,-38.21361,Victoria,Swan Lake Campground,camp_site,,,,,,
147.72441,-37.26126,Victoria,Swifts Creek Caravan & Tourist Park,camp_site,paid,1,,1,1,
147.31739,-36.1953,Victoria,Tallangatta Creek Rest Area,camp_site,,,,,,
144.34972,-37.13861,Victoria,Taradale Mineral Springs Reserve,camp_site,,,,,,
142.09833,-37.76639,Victoria,Tarrington Town Park,camp_site,,1,0,0,0,
142.80917,-38.08167,Victoria,Tea Tree Lake,camp_site,,,,,,
144.24198,-36.16875,Victoria,Terrick Terrick Campground,camp_site,free,1,,,0,
148.10917,-37.84639,Victoria,The Glasshouse Camping Area,camp_site,,,,,,
147.42583,-36.615,Victoria,The Walnuts Campground / Rest Area,camp_site,free,1,,,0,
149.32361,-37.77722,Victoria,Mueller Inlet Campground,camp_site,,,,,,
146.26528,-36.91778,Victoria,Tolmie Rest Area,camp_site,,,,,,
144.95085,-36.19937,Victoria,Tongala Turnoff Rest Area,camp_site,,0,,,,
146.21245,-37.3834,Victoria,Flourbag Reserve,camp_site,,,,,,
146.22861,-37.38472,Victoria,Twelve Mile Reserve,camp_site,,,,,,
147.25778,-37.40861,Victoria,Two Mile Creek,camp_site,,,,,,
141.80988,-35.16952,Victoria,Underbool Rest Area,camp_site,paid,1,,1,1,
147.425,-37.09361,Victoria,Victoria Falls Campground,camp_site,,,,,,
143.41722,-35.195,Victoria,,camp_site,,,,,,
142.10338,-36.50946,Victoria,Wail Picnic Area,camp_site,,,,,,
145.02889,-36.13694,Victoria,Wakiti Creek Resort,camp_site,,,,,,
143.35214,-34.85809,New South Wales,Wakool Junction,camp_site,,,,,,
149.69192,-37.45208,Victoria,Wallagaraugh River Retreat,camp_site,paid,,,,,
141.77907,-34.15382,Victoria,Wallpolla Island,camp_site,,,,,,
142.82382,-34.60771,New South Wales,Walshs Bend Camp,camp_site,,,,,,
142.4649,-38.37691,Victoria,Warrnambool Showgrounds,camp_site,,,,,,
142.37695,-34.53203,,Watts Bend,camp_site,,,,,,
144.28639,-35.85861,Victoria,Wee Wee Rup Rest Area,camp_site,,,,,,
142.63691,-34.78222,Victoria,Wemen Rest Area,camp_site,free,0,,,,
142.74332,-37.54534,Victoria,Willaura Recreation Grounds,camp_site,,,,,,
142.0508,-35.58672,Victoria,Wonga Campground,camp_site,,,,,,
144.52944,-37.35389,Victoria,Woodend Town Park,camp_site,,,,,,
148.25913,-37.06847,Victoria,Wulgulmerang Recreation Reserve,camp_site,paid,1,0,1,1,
145.43089,-36.15555,Victoria,Wunghnu Rest Area,camp_site,,,,,,
143.22614,-36.06951,Victoria,Wycheproof Caravan Park,camp_site,,,,,,
142.054,-38.33924,Victoria,Yambuk Caravan Park,camp_site,,,,,,
142.48249,-37.63587,Victoria,Yuppeckiar Park,camp_site,,,,,,
144.67066,-36.45915,Victoria,Aysons Reserve (Campaspe River),camp_site,paid,,,,,
144.95895,-35.95625,Victoria,Barmah Lakes Campground,camp_site,,,,,,
145.29591,-35.86082,Victoria,Browns Camping Area 2,camp_site,,0,,,,
146.7933,-36.49401,Victoria,Barwidgee Rest Area,camp_site,,,,,,
143.60667,-38.65139,Victoria,Beauchamp Falls Campround,camp_site,,1,,,,
142.41697,-35.94231,Victoria,Beulah Caravan Park,camp_site,,,,,,
147.46357,-36.89322,Victoria,Big River Bridge Campground / Hills Historic / Rest Area,camp_site,free,1,,,0,
145.64611,-35.89347,New South Wales,Big Toms Beach,camp_site,,,,,,
143.58278,-38.82806,,Blanket Bay Campground,camp_site,,,,,,
146.2489,-37.38997,Victoria,Blue Hole Reserve,camp_site,,,,,,
146.30889,-38.42916,Victoria,Boolarra Apex Park,camp_site,,,,,,
145.67107,-37.19063,Victoria,Brookes River Reserve,camp_site,,,,,,
147.32866,-36.93903,Victoria,Buckety Plains Campground,camp_site,,,,,,
141.99559,-35.44571,Victoria,Casuarina Campground,camp_site,,,,,,
143.60298,-38.33414,Victoria,Colac Central Caravan Park,camp_site,paid,1,,1,1,
144.81167,-36.10444,New South Wales,Christies Beach Camping Area 2,camp_site,,,,,,
147.91299,-36.02339,Victoria,Clarke Lagoon Reserve,camp_site,free,0,,,,
147.30515,-36.11485,Victoria,Cottontree Creek Campground,camp_site,,,,,,
146.65944,-37.99694,Victoria,Cowwarr Weir,camp_site,,,,,,
141.23161,-34.27487,Victoria,Cullulleraine West Rest Area,camp_site,,0,,,,
145.62841,-35.88013,New South Wales,Dead River Beach,camp_site,,,,,,
145.97852,-37.13811,Victoria,Ewarts,camp_site,,,,,,
147.02583,-36.15167,Victoria,Ebden Reserve,camp_site,,,,,,
146.41944,-36.66278,Victoria,Edi Cutting,camp_site,,,,,,
144.30639,-37.07056,Victoria,Elphinstone North Rest Area,camp_site,,,,,,
144.5606,-36.62466,Victoria,English's Bridge,camp_site,,,,,,
142.06,-37.29556,Victoria,Fergusons Campground,camp_site,,,,,,
147.02357,-36.75639,Victoria,Freeburgh Bridge,camp_site,,,,,,
141.99796,-37.29765,Victoria,Glendinning Campground,camp_site,,,,,,
146.23626,-36.45174,Victoria,Glenrowan Caravan Park,camp_site,,,,,,
143.35028,-36.26639,Victoria,Gordon Park Camping Ground,camp_site,,,1,,0,
146.70098,-38.29223,Victoria,Gormandale Recreation Reserve,camp_site,free,,,,,
144.11528,-35.6125,New South Wales,Guttram State Forest,camp_site,,,,,,
144.02273,-38.39878,Victoria,Hammonds Road Campground,camp_site,free,1,,,,
142.27167,-34.74194,Victoria,Hattah North Rest Area,camp_site,free,0,,,,
145.69583,-35.92806,New South Wales,Horseshoe Beach,camp_site,,,,,,
144.09472,-37.71028,Victoria,Hunts Bridge Camping Area,camp_site,,,,,,
143.58652,-37.80772,Victoria,J C Stretch Memorial Park,camp_site,,,,,,
142.62937,-36.62653,Victoria,Jack Emmett Billabong Camping Area,camp_site,,,,,,
141.7225,-36.73306,Victoria,Jane Duff Highway Park,camp_site,,,,,,
145.96809,-37.26426,Victoria,Jerusalem Creek Campground,camp_site,,,,,,
144.18444,-37.11028,Victoria,Jessie Kennedy Reserve,camp_site,,,,,,
147.2725,-37.39833,Victoria,Jimmy Iversons Campground,camp_site,,,,,,
146.14427,-36.84772,Victoria,Jones Campground,camp_site,,1,,0,0,
146.16088,-37.35815,Victoria,Kevington Hotel,camp_site,,,,,,
142.79594,-35.89777,Victoria,Kinnabulla Rest Area,camp_site,,,,,,
141.16232,-36.83247,Victoria,Lake Bringalbert,camp_site,,,,,,
142.37472,-35.72528,Victoria,Lake Lascelles,camp_site,,,,,,
142.5025,-35.65639,Victoria,Lascelles West Rest Area,camp_site,,,,,,
145.99389,-37.81889,Victoria,Loch Valley Campground,camp_site,,,,,,
141.59417,-34.19167,New South Wales,Lock 9,camp_site,,,,,,
147.03521,-36.17055,Victoria,Ludlows Reserve,camp_site,,,,,,
143.66416,-36.75124,Victoria,Moliagul Rest Area,camp_site,,,,,,
147.09361,-36.58472,Victoria,Mongans Bridge Camping Park,camp_site,,,,,,
142.31988,-37.65411,Victoria,Mt Sturgeon Rest Area,camp_site,,,,,,
142.46583,-36.62167,Victoria,Murtoa Caravan Park,camp_site,,,,,,
147.83172,-36.24211,Victoria,Nariel Creek Recreation Reserve,camp_site,,,,,,
141.94194,-36.71558,Victoria,Natimuk Lake Caravan Park,camp_site,paid,,1,,,
143.46083,-37.06028,Victoria,No 2 Creek Rest Area,camp_site,,,,,,
143.38222,-35.15528,New South Wales,,camp_site,,,,,,
147.2775,-37.38583,Victoria,Ollies Jump-Up Campground,camp_site,,,,,,
146.385,-36.47056,Victoria,Oxley Recreation Reserve,camp_site,,,,,,
146.92625,-36.70942,Victoria,Porepunkah East Rest Area,camp_site,,,,,,
147.3175,-36.9425,Victoria,Raspberry Hill Campground,camp_site,,,,,,
144.88361,-38.36139,Victoria,Rosebud Foreshore Reserve,camp_site,,,,,,
147.06655,-38.09268,Victoria,Sale Showground Caravan & Motorhome Park,caravan_site,,1,,1,1,
146.49194,-38.17028,Victoria,Sandbanks Reserve,camp_site,,,,,,
145.05195,-38.42863,Victoria,Shoreham Foreshore Reserve,camp_site,,,,,,
146.23973,-37.41689,Victoria,Snakes Reserve,camp_site,,,,,,
147.83028,-36.44333,Victoria,Staceys Bridge,camp_site,,,,,,
148.13556,-37.53083,Victoria,Stonehenge Farmstay Camping Ground,camp_site,,,,,,
147.20322,-36.4405,Victoria,Tallandoon Rest Area,camp_site,free,0,,,,
143.40639,-37.0175,Victoria,Tanwood South Rest Area,camp_site,,,,,,
146.68306,-38.55056,Victoria,Tarra River Rest Area,camp_site,,,,,,
147.08913,-37.81284,Victoria,The Quarries Campground,camp_site,,,,,,
149.27252,-37.56875,Victoria,Thurra River / Drummer Forest Walk / Rest Area,camp_site,,,,,,
147.54996,-36.17831,Victoria,Tom Mitchell Reserve Rest Area,camp_site,,,,,,
145.47444,-37.535,Victoria,Toolangi Recreational Reserve,camp_site,,,,,,
143.11639,-35.73944,Victoria,Torneys Tank Bushland Reserve,camp_site,,,,,,
145.20167,-37.09056,Victoria,Trawool Rest Area,camp_site,,,,,,
145.89028,-37.66944,Victoria,Upper Yarra Reservoir Park,camp_site,,,,,,
142.02493,-35.13597,Victoria,Walpeup Wayside Stop,camp_site,paid,1,,1,1,
144.71919,-36.12229,Victoria,Wharparilla Flora Reserve Rest Area,camp_site,,,,,,
142.72295,-37.69099,Victoria,Wickliffe Rest Area,camp_site,,,,,,
143.6383,-37.67812,Victoria,Woady Yaloak Creek Rest Area,camp_site,,,,,,
146.72972,-38.45889,Victoria,Won Wron North Rest Area,camp_site,,,,,,
140.10389,-37.11537,South Australia,Greenways West Rest Area,camp_site,,,,,,
140.05518,-36.78162,South Australia,Mount Scott Canservation Park,camp_site,,,,,,
140.00941,-37.0138,South Australia,Reedy Creek South Rest Area,camp_site,,,,,,
133.68017,-32.12367,South Australia,A1 Cabins & Caravan Park,camp_site,paid,1,,1,1,
149.35833,-33.91389,New South Wales,Abercrombie Caves Campground,camp_site,,,,,,
149.32028,-33.95639,New South Wales,Abercrombie River Camp,camp_site,,,,,,
134.07,-32.45417,South Australia,Acraman Creek Conservation Park,camp_site,,,,,,
138.52814,-18.68946,Queensland,Adels Grove,camp_site,,,,,,
133.69081,-32.12339,South Australia,Airport Caravan Park,camp_site,,,,,,
140.02472,-34.18306,South Australia,Airport Parking Bay,camp_site,,,,,,
147.50889,-32.3475,New South Wales,Albert Golf Course,camp_site,,,,,,
118.73916,-22.49,Western Australia,Albert Tognolini Rest Area,camp_site,,,,,,
135.81278,-27.90278,South Australia,Algebuckina Bridge Neals Creek,camp_site,,,,,,
146.94584,-19.43338,Queensland,Alligator Creek Campground,camp_site,,,,,,
146.92917,-19.38306,Queensland,Alligator Creek Roadhouse,camp_site,,,,,,
151.98278,-28.02917,Queensland,Allora Rest Area,camp_site,,,,,,
138.68444,-31.14028,South Australia,Alpana Station,camp_site,,,,,,
146.63722,-23.65333,Queensland,Alpha Caravan & Villa Park,camp_site,,1,,1,1,
152.55667,-26.35722,Queensland,Amamoor Creek Campground,camp_site,,,,,,
152.67297,-26.34269,Queensland,Amamoor Picnic Ground,camp_site,,,,,,
139.5644,-32.58029,South Australia,Ampol Yunta Truck Stop,camp_site,,,,,,
147.7448,-23.55206,Queensland,Anakie Caravan Park,camp_site,paid,1,,1,1,
137.16278,-30.45111,South Australia,Andamooka Camping Ground,camp_site,,,,,,
144.53389,-15.65028,Queensland,Ang-Ganrra Aboriginal Community,camp_site,,,,,,
138.56083,-31.12639,South Australia,Angorichina Village,camp_site,,,,,,
138.06584,-35.78757,South Australia,Chapman River Campground,camp_site,,,,,,
138.06693,-35.78337,South Australia,Antechamber Bay Campground,camp_site,,,,,,
152.01944,-28.22222,Queensland,Apex Park Rest Area,camp_site,,,,,,
118.48861,-33.96472,Western Australia,Apex Park Rest Area,camp_site,,,,,,
148.11576,-30.03387,New South Wales,Alex Trevallion Park,camp_site,free,1,,0,1,
152.23833,-25.21917,Queensland,Apple Tree Creek Rest Area,camp_site,,,,,,
149.79361,-35.62417,New South Wales,Araluen Creek,camp_site,free,,,,,
145.23883,-22.96681,Queensland,Aramac Caravan Park,camp_site,paid,1,,1,1,
145.3475,-17.64667,Queensland,Archer Creek Rest Area,camp_site,,1,,,0,
142.93911,-13.43657,Queensland,Archer River Roadhouse,camp_site,,,,,,
150.67778,-26.79556,Queensland,Archers Crossing (north Side),camp_site,,0,,,,
150.67942,-26.79941,Queensland,Archers Crossing (south Side),camp_site,,0,,,,
134.73833,-27.93667,South Australia,Arckaringa Homestead,camp_site,,,,,,
147.87556,-26.80333,Queensland,Arcoona Holiday Farmstay,camp_site,,,,,,
146.90262,-34.35819,New South Wales,Ardlethan Short-Stay Caravan and Motorhome Parking,caravan_site,,1,,1,0,
140.37132,-37.02565,South Australia,Ardune Range Rest Area,camp_site,,,,,,
138.04035,-32.13881,South Australia,Argadells Bush Retreat,camp_site,,,,,,
147.21881,-34.35216,New South Wales,Ariah Park Recreation Reserve,camp_site,paid,1,,1,1,
138.52005,-31.72635,South Australia,Arkaba Rest Area,camp_site,,,,,,
139.33621,-30.31162,South Australia,Arkaroola Wilderness Sanctuary,camp_site,,,,,,
143.20028,-13.94444,Queensland,Armbrust's Store Campground,camp_site,,,,,,
115.62806,-29.43944,Western Australia,Arrino Siding,camp_site,,,,,,
115.13627,-29.57875,Western Australia,Arrowsmith Rest Area,camp_site,,1,,,0,
136.63083,-22.66972,Northern Territory,Arthur River,camp_site,,,,,,
137.75694,-34.2575,South Australia,Arthurton Rest Area,camp_site,,,,,,
146.80681,-43.15873,Tasmania,Arve River Picnic Area,camp_site,,,,,,
134.14189,-19.02388,Northern Territory,Attack Creek (Stuart Monument),camp_site,,1,,,0,
138.69056,-34.02969,South Australia,Auburn Caravan Park,camp_site,paid,1,,1,1,
151.05213,-25.712,Queensland,Auburn River Campground,camp_site,,,,,,
146.59436,-25.47058,Queensland,Augathella North Rest Area,camp_site,,1,,,0,
137.48886,-20.02473,Northern Territory,Avon Downs Rest Area,camp_site,,1,,,0,
152.08065,-32.61505,New South Wales,The Rock Roadhouse,camp_site,,,,,,
147.39847,-19.58699,Queensland,Ayr Rest Area 'Plantation Park',camp_site,,1,,,0,
140.43861,-35.5,South Australia,Baan Hill,camp_site,,,,,,
145.92639,-17.34833,Queensland,Babinda Rest Area,camp_site,,,,,,
121.20036,-30.2237,Western Australia,Baden Powell Mine Rest Area,camp_site,,,,,,
134.36306,-33.14389,South Australia,Baird Bay,camp_site,,,,,,
146.56931,-41.16166,Tasmania,Bakers Point Campground No. 3 - Narawntapu NP,camp_site,,,,,,
118.881,-30.95415,Western Australia,Baladjie Rock Campground,camp_site,free,1,,,0,
115.77472,-27.52638,Western Australia,Ballinyoo Bridge,camp_site,,,,,,
151.55278,-26.35417,Queensland,Ballogie Recreational Area,camp_site,,,,,,
148.20944,-28.59889,Queensland,Balonne Minor Campsite,camp_site,free,0,,,,
140.65382,-18.52658,Queensland,Bang Bang Rest Area,camp_site,free,1,0,,0,
116.54639,-32.71306,Western Australia,Bannister Rest Area,camp_site,,,,,,
145.29409,-23.55109,Queensland,Barcaldine Showground Caravan Park,camp_site,,,,,,
145.31002,-23.80088,Queensland,Barcaldine South Rest Area,camp_site,free,1,,,0,
146.26278,-24.87611,Queensland,Barcoo River Camp,camp_site,,0,,,,
145.81059,-24.5831,Queensland,Barcoo River Rest Area,camp_site,,0,,,,
137.48722,-34.71444,South Australia,Barkers Rocks,camp_site,,,,,,
122.04084,-18.36836,Western Australia,Barn Hill Station,camp_site,,,1,,1,
152.25207,-30.44336,New South Wales,Barokee Campground,camp_site,paid,1,0,0,0,
137.97583,-32.96083,South Australia,Baroota Rodeo Ground & Camping Area -,camp_site,,,,,,
150.61639,-30.42083,New South Wales,Barraba Lions Park,camp_site,paid,1,,,0,
115.68778,-33.95389,Western Australia,Barrabup Pool (workers Pool),camp_site,,,,,,
151.90012,-31.9718,New South Wales,,camp_site,paid,1,,,0,
133.88922,-21.53184,Northern Territory,Barrow Creek Caravan Park,camp_site,paid,,,,,
135.70722,-16.30139,Northern Territory,Batten Creek,camp_site,,,,,,
150.45917,-32.21417,New South Wales,Battery Rock Rest Area,camp_site,free,1,,,0,
152.62121,-25.81156,Queensland,Bauple Recreation Ground,camp_site,,,,,,
118.81528,-22.00889,Western Australia,Bea Bea Creek,camp_site,,,,,,
146.82194,-41.19917,Tasmania,Beaconsfield Showground,camp_site,,,,,,
139.34189,-17.87895,Queensland,Beames Brook,camp_site,,0,,,,
148.65194,-27.90278,Queensland,Beardmore Dam,camp_site,,,,,,
148.68306,-27.95694,Queensland,Beardmore Stock Reserve Only NO CAMPING,camp_site,,,,,,
116.97787,-22.94905,Western Australia,Beasley River Rest Area,camp_site,free,1,,,0,
131.30972,-12.64306,Northern Territory,Beatrice Hill Rest Area,camp_site,,,,,,
148.62421,-24.4633,Queensland,Beazley Park,camp_site,,,,,,
147.69722,-23.41694,Queensland,Gemseekers Caravan Park,camp_site,,,,,,
147.69222,-33.36444,New South Wales,Bedgerebong Showgrounds,camp_site,,,,,,
146.35827,-30.00619,New South Wales,Beemery Rest Area,camp_site,,0,,,,
149.82423,-36.64485,New South Wales,Bega Lookout,camp_site,,,,,,
151.45056,-26.93389,Queensland,Bell Rest Area,camp_site,,,,,,
152.89927,-30.4471,New South Wales,Bellingen Showgrounds,camp_site,,,,,,
152.79417,-28.61667,New South Wales,Bells Bay,camp_site,,,,,,
151.44694,-26.9325,Queensland,Bells N Whistle Accommodation Park,camp_site,,,,,,
151.23725,-31.92348,New South Wales,Belmadar Campground,camp_site,paid,1,,,1,
138.40157,-30.81664,South Australia,Beltana Station,camp_site,,,,,,
115.68694,-33.1975,Western Australia,Belvidere Campsite,camp_site,,,,,,
146.85947,-21.53167,Queensland,Belyando Crossing Roadhouse,camp_site,,1,,1,1,
151.15694,-30.88722,New South Wales,Bendemeer Camping Area,camp_site,paid,1,,,0,
138.7926,-32.35419,South Australia,Bendleby Ranges Camping Area,camp_site,,,,,,
150.63722,-33.93278,New South Wales,Bents Basin campground,camp_site,,,,,,
146.83556,-34.87972,New South Wales,Berembed Weir,camp_site,,,,,,
136.65803,-29.23842,South Australia,Beresford Siding,camp_site,,,,,,
145.81413,-35.66035,New South Wales,Berrigan Caravan Park,camp_site,paid,1,,,1,
137.01361,-34.90583,South Australia,Berry Bay,camp_site,,,,,,
140.77694,-34.18306,South Australia,Bert Dix Memorial Park,camp_site,,,,,,
146.73104,-42.53553,Tasmania,Bethune Park,camp_site,,,,,,
147.90726,-34.76522,New South Wales,Bethungra Dam & Reserve,camp_site,,1,,,0,
140.74778,-25.69333,Queensland,Betoota Rest Area,camp_site,,,,,,
116.93126,-32.10742,Western Australia,Apex Park - Beverley Rest Area - 48Hr,camp_site,paid,1,,,0,
148.79471,-31.5638,New South Wales,Biddon Rest Area,camp_site,,0,,,,
139.66556,-34.63222,South Australia,Big Bend Lookout,camp_site,,,,,,
115.155,-33.98444,Western Australia,Big Valley Campsite,camp_site,paid,1,,1,1,
148.12526,-33.20916,New South Wales,Billabong Creek Rest Area,camp_site,free,0,,,,
145.73111,-35.35194,New South Wales,Billabong Creek,camp_site,,,,,,
146.72611,-35.69722,New South Wales,Billabong Creek,camp_site,,0,,,0,
117.91778,-30.17222,Western Australia,Billiburning Rock,camp_site,,,,,,
145.17676,-35.30648,New South Wales,Bills Park,camp_site,,,,,,
118.66306,-25.90417,Western Australia,Bilyuin Pool,camp_site,,0,,,,
142.37278,-32.75833,New South Wales,Bindara On The Darling,camp_site,,,,,,
150.57786,-29.86423,New South Wales,Bingara Riverside Caravan Park,caravan_site,,,,,,
146.10106,-17.82774,,Bingil Bay Campground,camp_site,,,,,,
151.49947,-25.53358,Queensland,Binjour Range Rest Area,camp_site,free,,,,,
137.78806,-32.50861,South Australia,Bird Lake,camp_site,,,,,,
145.69889,-34.52,New South Wales,Birdcage Reserve,camp_site,,,,,,
139.37333,-25.90611,Queensland,Birdsville Windmill,camp_site,,,,,,
146.99472,-41.61639,Tasmania,Bishopsbourne Rv Stop,camp_site,,,,,,
146.43444,-19.98278,Queensland,Bivouac Junction Holiday Park,camp_site,paid,,,,,
140.66246,-34.24445,South Australia,Black Box Campground,camp_site,,,,,,
140.82488,-36.86511,South Australia,Black Cockatoo Bush Camp,camp_site,,,,,,
148.37306,-35.60111,New South Wales,Black Perry Rest Area,camp_site,,,,,,
146.60111,-19.28833,Queensland,Black River Stadium,camp_site,,,,,,
138.73686,-32.86187,South Australia,Black Rock South,camp_site,,0,,,,
149.74408,-33.84758,New South Wales,Black Springs Campground,camp_site,free,1,0,,0,
151.31112,-25.57333,Queensland,Black Stump Rest Area,camp_site,free,1,,,0,
145.46875,-24.42698,Queensland,Blackall Caravan Park,camp_site,,,,,,
145.55052,-24.45976,Queensland,Blackall East Rest Area,camp_site,free,1,,,0,
152.36833,-30.77222,New South Wales,Blackbird Flat Reserve,camp_site,,,,,,
152.10247,-26.88059,Queensland,Blackbutt Showgrounds,camp_site,paid,1,1,1,,
139.45028,-29.55361,South Australia,Blanchewater Ruins,camp_site,,,,,,
151.69945,-29.24028,New South Wales,Blatherarm Creek Campground (Turn 2km),camp_site,paid,,,,,
149.24516,-33.53663,New South Wales,Blayney Tourist Park,camp_site,,,,,,
138.67778,-31.09361,South Australia,Blinman Hotel,camp_site,,,,,,
141.92307,-21.57807,Queensland,Blue Heeler Caravan Park,camp_site,paid,1,,1,1,
118.40389,-26.74333,Western Australia,Bluebird Parking Area,camp_site,,,,,,
146.55117,-19.17639,Queensland,Bluewater Park,camp_site,free,,,,,
118.19194,-34.31944,Western Australia,Bluff Knoll Road Rest Area,camp_site,,,,,,
152.00196,-29.15419,New South Wales,Bluff Rock Rest Area,camp_site,,1,,,0,
118.8556,-31.3698,Western Australia,Bodallin Pioneers Park,camp_site,,,,,,
147.28944,-23.64805,Queensland,Bogantungan Rest Area / Museum / Monument,camp_site,paid,1,,,0,
150.07637,-30.74435,New South Wales,Boggabri South Rest Area,camp_site,,0,,,0,
139.31628,-34.91521,South Australia,Bolto Reserve,camp_site,,,,,,
152.62881,-28.73917,New South Wales,Bonalbo Tourist Park & Camping Grounds,camp_site,paid,1,,1,1,
151.27528,-28.98556,,Bonshaw Weir,camp_site,free,0,,,,
147.68361,-26.71139,Queensland,Bonus Downs Farmstay,camp_site,,,,,,
146.64333,-33.03694,New South Wales,Booberoi Weir,camp_site,,,,,,
148.04284,-27.96893,Queensland,Boolba Rest Area,camp_site,free,1,,,0,
149.90417,-29.42,New South Wales,Boolooroo Rest Area,camp_site,,1,,,0,
145.88855,-35.95549,New South Wales,Pebble Beach Campsite,camp_site,,0,,,,
146.02028,-34.58306,New South Wales,Boomerang Beach Camp,camp_site,,,,,,
152.685,-27.9975,Queensland,Boonah Showgrounds,caravan_site,,,,,,
120.44528,-31.18917,Western Australia,Boondi Lookout,camp_site,,0,,,,
120.42916,-31.18861,Western Australia,Boondi Rest Area,camp_site,,0,,,,
120.38444,-31.18111,Western Australia,Boondi Rock,camp_site,,1,,,0,
148.71969,-34.43417,New South Wales,Boorowa Caravan Park,camp_site,paid,1,1,1,1,
148.71972,-34.43694,New South Wales,Boorowa Rest Area,camp_site,free,1,,,0,
152.00944,-25.22917,Queensland,Booyal Crossing,camp_site,,,,,,
140.95738,-33.97239,South Australia,Border Cliffs Campground,camp_site,,,,,,
129.02417,-19.895,Northern Territory,Border Rest Area,camp_site,,,,,,
140.77506,-36.30478,South Australia,Bordertown Recreation Lake,camp_site,paid,1,1,0,0,
147.99772,-29.42281,New South Wales,Bore Baths-Lightning Ridge (prohibited),camp_site,,,,,,
151.49583,-24.24278,Queensland,Bororen Memorial Park,camp_site,,,,,,
136.47824,-15.936,Northern Territory,Borroloola Fishing Club Campground,camp_site,,,,,,
152.58806,-26.50167,Queensland,Borumba Campground,camp_site,,,,,,
152.60149,-26.49481,Queensland,Borumba Deer Park,camp_site,,1,1,1,1,
147.00864,-42.38325,Tasmania,Bothwell Camping Ground & Caravan Park -,camp_site,,,,,,
142.29861,-34.30333,New South Wales,Bottle Bend Forest Picnic Area,camp_site,free,0,,,,
142.96083,-22.56028,Queensland,Bough Shed Hole Campground,camp_site,,,,,,
139.91905,-22.90929,Queensland,Boulia Caravan Park,camp_site,paid,1,,1,1,
139.35307,-34.12285,South Australia,Bower Rest Area,camp_site,,1,,,,
116.88639,-32.47083,Western Australia,Boyagin Rock,camp_site,,,,,,
151.34056,-24.01108,Queensland,Boyne River Rest Area,camp_site,,,,,,
151.34528,-23.96111,Queensland,Boyne Tannum Caravan Park,camp_site,,,,,,
151.25397,-24.22343,Queensland,Boynedale Bush Camp,camp_site,,,,,,
117.56,-33.70111,Western Australia,Bp Roadhouse & Caravan Park,camp_site,,,,,,
138.41417,-31.30861,South Australia,Brachina Creek,camp_site,,,,,,
148.15667,-36.16556,New South Wales,Bradneys Gap,camp_site,,1,,,,
146.02361,-17.35222,Queensland,Bramston Beach Campground,camp_site,,,,,,
146.02722,-17.35889,Queensland,Bramston Beach Plantation Caravan Park -,camp_site,,,,,,
142.62054,-12.14154,Queensland,Bramwell Station,camp_site,,,,,,
144.86556,-34.51944,New South Wales,Brandons Bend Reserve,camp_site,,,,,,
115.53972,-28.95028,Western Australia,Breakaway Campground,camp_site,,,,,,
153.00199,-29.08776,New South Wales,Braemar Park Rest Area,camp_site,free,1,0,,0,
146.86434,-29.94889,New South Wales,Barwon Bridge / Brewarrina Rest Area,camp_site,free,1,,,0,
131.31333,-13.43639,Northern Territory,Bridge Creek Rest Area,camp_site,free,,,,,
147.38976,-40.99409,,Bridport Caravan Park,camp_site,paid,1,,,1,
149.87539,-27.32579,Queensland,Brigalow Creek (South) Camping Area,camp_site,,0,,,0,
140.48528,-36.1721,South Australia,Brimbago Rest Area,camp_site,,,,,,
138.40501,-33.6924,South Australia,Brinkworth RV Park,camp_site,paid,1,,1,1,
138.78441,-35.5142,South Australia,Briston-Smith Park,camp_site,,,,,,
145.94565,-18.41581,Queensland,Broadwater Campground,camp_site,,,,,,
151.58546,-28.91672,Queensland,Broadwater Campground,camp_site,paid,,,,,
148.61833,-32.17139,New South Wales,Brocklehurst Rest Area,camp_site,,0,,,,
116.11583,-31.49417,Western Australia,Brockman River Parking Area,camp_site,,,,,,
116.01944,-34.52083,Western Australia,Brockman Sawpits Picnic Area,camp_site,,,,,,
121.75944,-32.33167,Western Australia,Brockway Rest Area,camp_site,,0,,,,
141.48083,-31.91333,New South Wales,Broken Hill Racecourse,camp_site,,,,,,
146.48028,-42.18667,Tasmania,Bronte Lagoon Camping Area,camp_site,,,,,,
116.73722,-32.39917,Western Australia,Brookton Highway Rest Spot,camp_site,,,,,,
137.8568,-35.79285,South Australia,Brown Beach Campground,camp_site,,1,1,1,1,
135.97965,-18.47421,Northern Territory,Brunette Downs Rest Area,camp_site,,0,1,,,
152.09259,-24.85907,Queensland,Bucca Hotel,camp_site,,,,,,
148.76472,-36.18181,New South Wales,Buckenderra Holiday Village,camp_site,,,,,,
152.22152,-32.39214,New South Wales,Bulahdelah North Rest Area,camp_site,,,,,,
152.19903,-32.45219,New South Wales,Bulahdelah Rest Area,camp_site,,,,,,
122.0365,-32.07903,Western Australia,Buldania Rocks,camp_site,,,,,,
130.42374,-16.11302,Northern Territory,Bullita Homestead Campground,camp_site,,,,,,
147.73319,-33.52212,New South Wales,Bundaburrah Rest Area,camp_site,free,0,,,,
151.07833,-30.19333,New South Wales,Bundarra Lion's Park,camp_site,paid,1,0,,0,
134.25944,-24.89278,Northern Territory,Bundooma Siding,camp_site,,,,,,
148.5375,-22.95361,Queensland,Bundoora Dam,camp_site,,,,,,
152.31917,-32.45944,New South Wales,Bungaree Bay Camping Area,camp_site,,,,,,
148.79306,-26.43194,Queensland,Bungil Creek Rest Area,camp_site,,0,,,,
149.65788,-28.4237,Queensland,Bungunya Rest Area,camp_site,free,1,,,1,
116.3713,-29.66486,Western Australia,Bunjil Rocks,camp_site,free,0,,,,
141.75141,-33.5802,New South Wales,Bunnerungee Bridge,camp_site,free,1,,,0,
116.58528,-29.97028,Western Australia,Buntine Rocks,camp_site,free,0,,,,
145.98972,-34.56056,New South Wales,Bunyip Hole Reserve,camp_site,,,,,,
138.33361,-33.58889,South Australia,Bunyip Park,camp_site,,,,,,
147.2518,-33.51614,New South Wales,Burcher Camping Ground,camp_site,,1,,,1,
152.93467,-30.47261,New South Wales,Burdett Park,camp_site,,,,,,
132.74806,-12.77167,Northern Territory,Burdulba Camping Area,camp_site,,,,,,
152.99512,-28.23855,Queensland,Burgess Park,camp_site,,,,,,
141.07336,-27.62194,Queensland,Burke & Wills Dig Tree,camp_site,paid,1,,,0,
140.34755,-19.22765,Queensland,Burke & Wills Roadhouse,camp_site,paid,1,,1,1,
139.93789,-22.88865,Queensland,Burke River,camp_site,,,,,,
140.77861,-27.72278,South Australia,Burke's Grave Camp Area,camp_site,paid,,,,,
137.24453,-34.90033,,Burners Beach,camp_site,,,,,,
139.04556,-33.83111,South Australia,Burra Creek Gorge - Worlds End Reserve (West),camp_site,free,1,,,0,
121.20211,-31.39278,Western Australia,Burra Rock,camp_site,,,,,,
138.92528,-33.66778,South Australia,Burra Showgrounds,camp_site,paid,1,,1,1,
145.16444,-34.49861,New South Wales,Burrabogie Reserve,camp_site,,,,,,
118.47944,-31.39833,Western Australia,Burracoppin Centenary Park,camp_site,,,,,,
149.55222,-33.93583,New South Wales,Burraga Dam,camp_site,,,,,,
152.75442,-31.55161,New South Wales,Burrawan Rest Area,camp_site,,,,,,
153.47056,-28.43417,New South Wales,Burringbar Park,camp_site,,,,,,
146.8046,-35.83307,New South Wales,Burrumbuttock Hall,camp_site,paid,1,1,1,1,
151.63111,-26.91333,Queensland,Bushland Park Cabins & Camping,camp_site,,,,,,
146.39361,-19.04611,Queensland,Bushy Parker Park,camp_site,,,,,,
138.00599,-33.86569,South Australia,Bute Caravan Park,camp_site,,,,,,
135.46,-15.62639,Northern Territory,Butterfly Springs,camp_site,,,,,,
150.11342,-32.4161,New South Wales,Bylong Public Hall / Sportsground,camp_site,paid,1,,0,1,
136.89988,-35.28545,,Cable Bay Campground,camp_site,paid,,,,,
142.45028,-10.72028,Queensland,Cable Beach,camp_site,,,,,,
132.98333,-32.08861,South Australia,Cactus Beach Sinclair Point,camp_site,paid,,,,,
139.75708,-34.03771,South Australia,Cadell Caravan and Camping Park,camp_site,paid,1,,1,1,
117.13331,-30.77172,Western Australia,Cadoux Rest Area,camp_site,paid,1,,1,1,
150.11105,-26.98423,Queensland,Caliguel Lagoon,camp_site,free,1,0,,0,
116.44837,-31.09019,Western Australia,Calingiri Caravan Park,camp_site,paid,1,,1,1,
150.61278,-24.37389,Queensland,Callide Dam,camp_site,,,,,,
151.15364,-23.96243,Queensland,Calliope River Rest Area,camp_site,free,,,,,
152.05392,-28.18473,Queensland,Ampol Truck Stop Roadhouse,camp_site,,,,,,
138.11512,-19.9278,Queensland,Camooweal Billabong,camp_site,free,0,,,,
138.17194,-20.04361,Queensland,Camooweal Caves National Park Campground,camp_site,,,,,,
149.05496,-30.94593,New South Wales,Camp Cypress,camp_site,paid,1,,1,1,
148.39434,-20.36367,Queensland,Camp Kanga,camp_site,,,,,,
125.41226,-26.96544,Western Australia,Camp Paradise,camp_site,,,,,,
145.53344,-20.44139,Queensland,Campaspe River Rest Area,camp_site,free,1,0,,0,
144.10565,-35.59029,New South Wales,Campbells Island State Forest,camp_site,,,,,,
145.38861,-34.46667,New South Wales,Campbells Reserve,camp_site,,,,,,
149.69406,-36.76756,New South Wales,Candelo Rest Area,camp_site,paid,1,,,0,
115.59529,-22.02527,Western Australia,Cane River,camp_site,,,,,,
115.28203,-33.88048,Western Australia,Canebrake Pool,camp_site,paid,1,,,0,
115.51882,-34.15571,Western Australia,Canebreak Rest Area (24hrs RV s/c),camp_site,,,,,,
148.66389,-33.56889,New South Wales,Canowindra Caravan Park,camp_site,,,,,,
148.65139,-33.55972,New South Wales,Canowindra Rest Area,camp_site,,,,,,
153.15877,-28.02085,Queensland,Canungra Showgrounds,camp_site,paid,1,1,1,1,
134.06139,-32.72222,,Cape Bauer,camp_site,,,,,,
136.29901,-34.19721,South Australia,Cape Hardy Beach,camp_site,,,,,,
138.12805,-35.6054,South Australia,Cape Jervis Station Caravan & Camping -,camp_site,,,,,,
149.9847,-33.14678,New South Wales,Capertee Rest Area,camp_site,free,1,,,0,
136.27222,-33.43222,South Australia,Carappee Hill Campground,camp_site,,,,,,
121.02818,-21.47775,Western Australia,Carawine Gorge,camp_site,,,,,,
149.17972,-33.61083,New South Wales,Carcoar Dam,camp_site,,,,,,
150.95879,-28.46592,Queensland,Carisbrooke Camping & Fishing Reserve,camp_site,paid,0,,,,
127.75972,-18.22667,Western Australia,Caroline Pool,camp_site,,,,,,
116.31628,-29.56593,Western Australia,Caron Dam Reserve,camp_site,,0,,,,
150.42454,-31.40619,New South Wales,Caroona Hall,camp_site,free,,,,,
136.33361,-34.14417,,Carrow Wells,camp_site,,,,,,
153.05,-28.87528,New South Wales,Casino Village,camp_site,,,,,,
149.93351,-32.05476,New South Wales,Cassilis Park Rest Area,camp_site,free,1,0,0,0,
152.24705,-27.88755,Queensland,Casuarina Day Use Area,camp_site,,,,,,
146.91332,-29.91598,New South Wales,Cato Bridge Rest Area,camp_site,,0,,,,
139.58651,-34.84216,South Australia,Caurnamont North,camp_site,,,,,,
139.61528,-34.85472,South Australia,Caurnamont Reserve,camp_site,,,,,,
150.78778,-23.19833,Queensland,Causeway Caravan Park,camp_site,,,,,,
121.23349,-31.6663,Western Australia,Cave Hill,camp_site,,,,,,1
152.58665,-26.36605,Queensland,Cedar Grove Campground,camp_site,,,,,,
151.12414,-25.3721,Queensland,Centenary Gardens,camp_site,,0,,,,
151.13889,-25.28139,Queensland,Ceratodus Rest Area,camp_site,free,1,,,0,
152.33487,-30.06856,New South Wales,Chaelundi Rest Area,camp_site,,,,,,
149.77708,-25.51896,Queensland,Chain Lagoons,camp_site,,0,,,,
134.67311,-32.7546,South Australia,Chandada Pioneer Park,camp_site,,0,,,,
139.60556,-35.13472,South Australia,Chapman Bore East,camp_site,,,,,,
115.20639,-34.0925,Western Australia,Chapman Pool,camp_site,,,,,,
141.62167,-14.91667,Queensland,Chapman River,camp_site,,,,,,
147.1575,-33.98361,New South Wales,Charcoal Tank Nature Reserve - Rest Area,camp_site,free,0,,,,
132.91833,-23.27083,Northern Territory,Charley Creek Rest Area,camp_site,,,,,,
143.2125,-13.96083,Queensland,Charlies Mine,camp_site,,,,,,
125.45806,-16.71472,Western Australia,Charnley River Station,camp_site,,,,,,
152.62963,-26.15077,Queensland,Chatsworth Park,camp_site,,,,,,
152.27889,-25.235,Queensland,Childers Rest Area,camp_site,,,,,,
144.51611,-17.15806,Queensland,Chillagoe Rodeo Grounds,camp_site,,,,,,
138.7171,-35.20556,South Australia,Chookarloo Camp Site,camp_site,paid,,,,,
143.57333,-22.69111,Queensland,Chorregon Rest Area,camp_site,free,1,0,,0,
146.48235,-41.55682,Tasmania,Chudleigh Showground,camp_site,paid,,,,,
142.98994,-13.11707,Queensland,Chuulangun Campgrounds,camp_site,paid,,,,,
152.17194,-26.97667,Queensland,Emu Creek Campground,camp_site,,,,,,
138.58778,-33.78694,South Australia,Clare Valley Racecourse,camp_site,,,,,,
152.92056,-29.59611,New South Wales,Clarence River Campers Paradise,camp_site,,,,,,
138.92361,-35.49667,South Australia,Clayton Bay Beach Rest Area,camp_site,,,,,,
138.38167,-29.27694,South Australia,Clayton Station,camp_site,,,,,,
116.99806,-20.66111,Western Australia,Cleaverville Beach,camp_site,,,,,,
140.04889,-20.82667,Queensland,Clem Walton Park & Corella Dam,camp_site,,,,,,
136.49056,-33.70083,South Australia,Cleve Showgrounds,camp_site,paid,1,,1,1,
147.25219,-43.4662,,Cloudy Corner Campground,camp_site,,,,,0,
148.21722,-36.0725,New South Wales,Clover Flat Rest Area,camp_site,free,1,,,0,
152.94216,-30.93829,New South Wales,Clybucca Bp Roadhouse (permanently closed),camp_site,,,,,,
143.82694,-31.45639,New South Wales,Coach & Horses Campground,camp_site,,,,,,
115.94889,-33.29167,Western Australia,Coalfields Road Rest Area,camp_site,,,,,,
146.97083,-43.13972,Tasmania,Coast Care Project Rest Area,camp_site,,,,,,
146.25222,-26.39561,Queensland,Cobb & Co Caravan Park,camp_site,,1,1,1,1,
152.76334,-26.28757,Queensland,Cobb & Co Nine Mile Campgrounds,camp_site,,,,,,
140.39977,-34.26248,South Australia,Cobdogla Pump Station,camp_site,,,,,,
140.58167,-36.74861,South Australia,Cockatoo Lake Reserve,camp_site,,,,,,
151.14389,-31.05194,New South Wales,Cockburn River Campsite,camp_site,free,1,,,0,
132.86382,-31.861,South Australia,Cohen Rest Area,camp_site,,0,,,,
145.87944,-34.79778,New South Wales,Coleambally Lions Park,camp_site,,1,,,0,
146.31694,-34.63111,New South Wales,Coleambally Water Ski Club,camp_site,,,,,,
147.35889,-42.52611,Tasmania,Colebrook Tavern,camp_site,,,,,,
135.35389,-34.36944,,Coles Point Campground,camp_site,,,,,,
148.58158,-29.54829,New South Wales,Collarenebri Primitive Campground,camp_site,free,1,,0,,
140.69817,-34.25362,South Australia,Colligans Campground,camp_site,,,,,,
150.33111,-26.54611,Queensland,Columboola Country Caravan Park,camp_site,,,,,,
152.46611,-31.60778,New South Wales,Comboyne Showgrounds,camp_site,paid,1,,1,1,
145.13684,-29.24206,New South Wales,Comeroo Campground,camp_site,paid,,,,,
140.80145,-35.74395,South Australia,Comet Bore Campground,camp_site,,,,,,
145.99222,-34.55944,New South Wales,Common Beach,camp_site,,,,,,
116.00778,-34.53167,Western Australia,Conolly's Flat Rest Area,camp_site,,0,,,,
145.94665,-34.54744,New South Wales,Cookoothama Reserve,camp_site,,,,,,
143.2925,-12.70972,Queensland,Cooks Hut Campground,camp_site,,,,,,
139.55972,-35.37917,South Australia,Cooks Plains,camp_site,,,,,,
151.87767,-26.58051,Queensland,Coolabunia Rest Area,camp_site,,,,,,
131.12222,-13.01917,Northern Territory,Coomalie Creek Caravan Park,camp_site,,,,,,
131.1225,-13.01556,Northern Territory,Coomalie Creek,camp_site,,,,,,
139.65861,-35.45667,South Australia,Coomandook North,camp_site,,,,,,
119.79028,-20.905,Western Australia,Coongan Pool,camp_site,,,,,,
119.79056,-20.91528,Western Australia,Coongan River,camp_site,,,,,,
140.15333,-27.19083,South Australia,Coongie Lakes Campground,camp_site,,,,,,
142.7461,-25.37031,Queensland,Cooper Creek,camp_site,,1,,,0,
138.71,-28.62361,South Australia,Cooper Creek Camp Site,camp_site,,,,,,
139.87666,-36.62131,South Australia,Coorong Rest Area,camp_site,free,0,0,0,0,
151.85846,-31.9728,New South Wales,Copeland Reserve,camp_site,,,,,,
150.99722,-29.89361,New South Wales,Copeton Dam (Northern Foreshore),camp_site,,,,,,
150.98848,-29.93149,New South Wales,Copeton Waters State Park,camp_site,,,,,,
138.42361,-30.55722,South Australia,Copley Town Park,camp_site,,,,,,
153.01639,-30.19944,New South Wales,Coramba Recreation Reserve - Overnight,camp_site,,,,,,
139.66504,-34.12979,South Australia,Cordola Camping Area,camp_site,,,,,,
145.07811,-41.65161,,Corinna Campground,camp_site,,,,,,
145.84472,-31.49917,New South Wales,Cornish (Cobar) Rest Area,camp_site,free,1,,,0,
137.01472,-34.89444,South Australia,Corny Point Reserve,camp_site,,,,,,
151.88617,-28.72315,Queensland,Country Style Holiday Park,camp_site,,,,,,
140.43472,-18.98667,Queensland,Cowan Downs Rest Area,camp_site,,0,,,,
136.81197,-29.40018,South Australia,Coward Springs Campground,camp_site,,,,,,
138.33556,-27.70167,South Australia,Cowarie Station,camp_site,,,,,,
148.68197,-33.83542,New South Wales,Cowra Overnight Rest Area,camp_site,free,,,,,
150.64654,-29.56149,New South Wales,Cranky Rock Recreation Reserve,camp_site,paid,1,,1,1,
145.39889,-40.85806,,Crayfish Creek Van & Cabin Park,camp_site,,,,,,
148.54627,-21.20565,Queensland,Crediton Hall Campground,camp_site,,,,,,
120.82722,-30.46528,Western Australia,Credo Station,camp_site,,,,,,
152.38694,-27.90139,Queensland,Crosby Park,camp_site,,,,,,
148.93417,-26.77972,Queensland,Croydon Rest Area,camp_site,,,,,,
149.82333,-32.81222,New South Wales,Cudgegong Waters Caravan Park,camp_site,,,,,,
138.81611,-34.83972,South Australia,Cudlee Creek Tavern & Caravan Park,camp_site,,,,,,
139.94361,-35.79694,South Australia,Culburra North Rest Area,camp_site,,,,,,
147.03616,-35.67084,New South Wales,Culcairn Caravan Park,camp_site,paid,1,,1,1,
147.09,-29.09778,New South Wales,Culgoa River Campground,camp_site,,,,,,
140.8386,-27.70194,South Australia,Cullyamurra Waterhole,camp_site,paid,,,,,
143.35061,-18.30131,Queensland,Cumberland Mine Historic Site,camp_site,free,1,,,0,
135.72583,-34.26556,South Australia,Cummins Railway Triangle,camp_site,,,,,,
148.74611,-32.92861,New South Wales,Cumnock Showgrounds,camp_site,paid,1,,1,1,
151.98389,-31.8125,New South Wales,Cundle Flat Farm,camp_site,,,,,,
151.73205,-28.17009,Queensland,Cunningham Rest Area - Westbound,camp_site,free,1,,,0,
137.08509,-29.47659,South Australia,Curdimurka Railway Siding,camp_site,,,,,,
148.17473,-33.11228,New South Wales,Currajong Rest Area,camp_site,,1,,,0,
138.75983,-35.45444,South Australia,Currency Creek Lions Park,camp_site,,,,,,
131.75768,-25.31487,Northern Territory,Curtin Springs Wayside Inn & Cattle Stat,camp_site,paid,,,1,,
140.58103,-32.18606,South Australia,Cutana Rest Area Eastbound,camp_site,,0,,,,
137.60556,-35.9662,South Australia,D'estrees Bay Camp Ground,camp_site,,,,,,
147.16516,-42.13179,Tasmania,Dago Point Campground,camp_site,,,,,,
145.31778,-16.25004,Queensland,Daintree Riverview Lodges & Caravan Park,caravan_site,,,,,,
139.51325,-21.69612,Queensland,Dajarra Campground,camp_site,free,1,,1,1,
135.50289,-26.42361,South Australia,Dalhousie Springs Campground,camp_site,,,,,,
131.35245,-13.78748,Northern Territory,Daly River Esplanade Conservation Area,camp_site,,,,,,
133.37009,-16.25435,Northern Territory,The Daly Waters Pub,camp_site,paid,1,,,1,
115.70333,-30.67028,Western Australia,Dandaragan Transit Caravan Park,camp_site,,,,,,
117.3286,-32.04185,Western Australia,Dangin Rest Area,camp_site,,0,,,,
148.86281,-33.94838,New South Wales,Darbys Falls River Reserve,camp_site,,,,,,
135.88653,-33.16571,South Australia,Darkes Memorial Rest Area,camp_site,,0,,,,
146.00417,-34.56806,New South Wales,Darlington Point Riverside Caravan Park,camp_site,paid,1,,1,1,
130.96639,-12.82694,Northern Territory,Darwin River Dam Recreation Park,camp_site,,,,,,
146.39531,-33.27948,New South Wales,Dead Mans Point,camp_site,paid,1,,,,
148.94667,-37.04,New South Wales,Delegate Caravan Park,camp_site,,,,,,
150.82583,-29.65111,New South Wales,Delungra Showground,camp_site,paid,1,,1,1,
144.96861,-35.53556,New South Wales,Deni Car O Tel & Caravan Park,camp_site,,,,,,
117.42333,-34.96917,Western Australia,Denmark (east) Rest Area,camp_site,,0,,,0,
147.79769,-41.14208,Tasmania,Derby Park,camp_site,,,,,,
119.51231,-20.82554,Western Australia,Des Streckfuss Rest Area,camp_site,,1,,,0,
140.365,-36.46667,South Australia,Desert Camp Conservation Reserve,camp_site,,,,,,
133.19604,-24.90497,Northern Territory,Desert Oaks Rest Area,camp_site,,,,,,
134.26417,-20.56806,Northern Territory,Devils Marbles Campground,camp_site,paid,,,,,
116.12083,-34.31972,Western Australia,Diamond Tree Lookout,camp_site,,,,,,
153.28877,-29.81499,,Digger's Camp,camp_site,,,,,,
145.10543,-17.15157,Queensland,Dimbulah Caravan Park,camp_site,paid,1,,1,1,
138.70653,-31.35542,South Australia,Dingley Dell Campground,camp_site,,,,,,
151.87015,-26.31368,Queensland,Dingo Creek Bicentennial Park,camp_site,,,,,,
152.14333,-31.66583,New South Wales,Dingo Tops Campground,camp_site,,,,,,
148.22896,-28.58146,Queensland,Dirranbandi Retreat & Caravan Park,camp_site,paid,1,,1,1,
131.59611,-14.75833,Northern Territory,Djarrung Campground,camp_site,,,,,,
150.17944,-26.65556,Queensland,Dogwood Creek Rest Area,camp_site,,1,,,0,
142.81306,-31.67306,New South Wales,Dolo Hill Rest Area,camp_site,free,1,,,0,
125.0747,-32.32221,Western Australia,Domblegabby Rest Area,camp_site,,0,,,,
140.51232,-18.69823,Queensland,Donors Hill Rest Area,camp_site,,0,,,,
119.78556,-20.92556,Western Australia,Doolena Gorge,camp_site,,,,,,
128.24758,-16.30864,Western Australia,Doon Doon Roadhouse Caravan Park,camp_site,,,,,,
131.43944,-13.76472,Northern Territory,Douglas Hot Springs,camp_site,,,,,,
145.58834,-17.14777,Queensland,Downfall Creek Campground,camp_site,,,,,,
149.9806,-26.64093,Queensland,Drillham Rest Area,camp_site,,1,,,0,
147.20444,-23.64389,Queensland,Drummond Range Lookout,camp_site,,,,,,
115.43446,-30.48914,Western Australia,Drummonds Reserve,camp_site,,,,,,
149.86621,-36.4685,New South Wales,Dry River Rest Area,camp_site,,1,,,0,
135.10148,-33.75946,South Australia,Dry Stone Walling Rest Area,camp_site,,,,,,
148.61444,-32.25,New South Wales,Dubbo Showground,camp_site,,,,,,
148.50722,-32.32972,New South Wales,Dubbo South Rest Area,camp_site,,0,,,,
149.76405,-26.64356,Queensland,Dulacca Hotel Camping,camp_site,,,,,,
150.26111,-23.84833,Queensland,Dululu Progress Association Rest Area,camp_site,paid,1,,1,1,
151.16417,-28.8675,Queensland,Dumaresq River - Self Contained,camp_site,,0,,,,
150.7975,-29.64,New South Wales,Dumboy Creek Rest Area,camp_site,free,0,,,,
147.8124,-42.88212,Tasmania,Dunalley Rv Stop,camp_site,,,,,,
130.49361,-12.77083,Northern Territory,Dundee Downs Bush Resort,camp_site,,,,,,
151.76278,-32.39694,New South Wales,Dungog Caravan Park,camp_site,,1,,,0,
133.413,-16.68017,Northern Territory,Dunmarra Wayside Inn,camp_site,,,,,,
116.53957,-31.71257,Western Australia,Eadine Springs Picnic Area,camp_site,,1,0,0,0,
113.58207,-26.0743,Western Australia,Eagle Bluff Lagoon Campground,camp_site,,0,0,0,0,
118.23028,-31.06667,Western Australia,Eaglestone Rock,camp_site,,,,,,
149.84469,-37.20283,New South Wales,Edrom Road Northbound Rest Area,camp_site,,1,,,0,
151.55942,-32.4326,New South Wales,Gresford Camping Ground and Picnic Area,camp_site,paid,1,,1,1,
135.05917,-22.93472,Northern Territory,Eastern Chief Bore West,camp_site,,,,,,
150.51833,-30.88889,New South Wales,Eastern Foreshore Campground,camp_site,,,,,,
150.99028,-32.10778,New South Wales,Eastern Foreshore State Park Campground,camp_site,,,,,,
152.34599,-30.40764,New South Wales,Ebor Rest Area,camp_site,paid,1,,,0,
140.54671,-34.335,South Australia,Eckerts Creek Campground,camp_site,,,,,,
139.10199,-34.65396,South Australia,Murray Recreation and Caravan Park,camp_site,paid,1,,,1,
132.18611,-14.17944,Northern Territory,Edith Falls (Leliyn) Campground,camp_site,,1,1,0,1,
139.46139,-34.38944,South Australia,Eight Mile Corner,camp_site,,0,,,,
144.09667,-18.51056,Queensland,Einasleigh Rest Area,camp_site,,,,,,
146.01084,-17.79566,Queensland,El Arish Rest Area,camp_site,,,,,,
150.35778,-28.59472,New South Wales,Elanbe Caravan Village,camp_site,,,,,,
152.99917,-26.25417,Queensland,Elanda Point Canoe Company,camp_site,,,,,,
141.25847,-31.66939,New South Wales,Eldee Station,camp_site,,,,,,
144.96784,-34.49276,New South Wales,Eli Elwah Reserve,camp_site,,,,,,
152.46111,-31.44028,New South Wales,Ellenborough Reserve,camp_site,free,1,,,0,
127.05969,-15.96454,Western Australia,Ringers,camp_site,,,,,,
114.97278,-28.85917,Western Australia,Ellendale Pool,camp_site,,,,,,
124.83574,-17.96086,Western Australia,Ellendale Rest Area,camp_site,,1,,,0,
133.34889,-14.98556,Northern Territory,Elsey Rest Area,camp_site,,,,,,
131.62972,-13.63139,Northern Territory,Emerald Springs Roadhouse,camp_site,,,,,,
152.16498,-26.97144,Queensland,Clancy's Campground,camp_site,,,,,,
115.04194,-23.03167,Western Australia,Emu Creek Station,camp_site,,,,0,,
150.1207,-35.08948,New South Wales,Endrick River Crossing,camp_site,,,,,,
135.9889,-34.73938,,Engine Point Campground,camp_site,,,,,,
134.36417,-25.06944,Northern Territory,Engoordina Ruins,camp_site,,,,,,
145.84162,-29.5855,New South Wales,Enngonia South Rest Area,camp_site,,0,,,,
143.2716,-26.66958,Queensland,Eromanga Motel & Caravan Park,camp_site,paid,1,,1,1,
128.29972,-15.79083,Western Australia,Ersine Range Rest Area,camp_site,,,,,,
146.47223,-33.11167,New South Wales,Euabalong Caravan Park,camp_site,paid,1,,1,1,
148.3827,-33.43505,New South Wales,Eugowra Showground,camp_site,paid,1,,,1,
116.67445,-33.70056,Western Australia,Eulin Crossing,camp_site,,,,,,
146.37556,-34.63806,New South Wales,Euroley Bridge Reserve,camp_site,,,,,,
134.18507,-28.42582,South Australia,Evelyn Downs Rest Area,camp_site,,,,,,
147.97317,-41.40059,Tasmania,Evercreech Forest Reserve,camp_site,,,,,,
145.01942,-20.76983,Queensland,Exchange Hotel Caravan Park - CLOSED,camp_site,,,,,,
114.01469,-23.75202,Western Australia,Exmouth Turnoff Information Bay,camp_site,,,,,,
134.24563,-32.81796,South Australia,Eyres Waterhole Rest Area,camp_site,,0,,,,
138.27367,-30.06242,South Australia,Farina Station Campground,camp_site,,,,,,
135.39778,-34.49667,South Australia,Farm Beach Campground,camp_site,,,,,,
138.79583,-33.82917,South Australia,Farrell Flat Rest Area,camp_site,,,,,,
152.57952,-27.95817,Queensland,,camp_site,,,,,,
151.89222,-27.6525,Queensland,Federation Park,camp_site,free,1,,,0,
116.59217,-34.81937,Western Australia,Fernhook Falls Campground,camp_site,paid,1,,,0,
114.70407,-28.65897,Western Australia,Fig Tree Crossing Rest Area,camp_site,,1,0,0,0,
145.58028,-35.63417,New South Wales,Finley Lakeside Caravan Park,camp_site,,,,,,
139.52198,-18.696,Queensland,Firey Creek,camp_site,,0,,,,
152.13611,-26.88833,Queensland,First Settlers Park,camp_site,,1,1,0,1,
147.92833,-26.475,Queensland,Fisherman's Rest (48hr),camp_site,,1,,,0,
135.98558,-34.75685,,Fisherman Point Campground,camp_site,,,,,,
149.07345,-27.1487,Queensland,Fishing & Restocking Club Park,camp_site,paid,1,,0,0,
137.755,-32.90694,South Australia,Fitzgerald Bay Bush Camp - Native Myrtle Retreat - toilets/water,camp_site,free,1,0,,0,
137.74917,-32.92139,South Australia,Fitzgerald Bay Bush Camp,camp_site,free,0,,,,
119.44709,-33.75742,Western Australia,Fitzgerald Rest Area,camp_site,,,,,,
119.25397,-33.83119,Western Australia,Fitzgerald River Rest Area,camp_site,,0,0,0,0,
148.67392,-35.13904,New South Wales,Fitzpatrick Trackhead Camp,camp_site,paid,1,,,1,
146.60306,-34.75194,New South Wales,Five Mile Reserve,camp_site,,,,,,
149.79194,-33.54833,New South Wales,Flat Rock Reserve,camp_site,free,1,0,,0,
131.17757,-21.80484,Northern Territory,Floodout Creek,camp_site,,,,,,
130.78459,-13.09682,Northern Territory,Florence Falls 2WD Campground,camp_site,paid,1,,0,1,
137.69167,-35.87222,South Australia,Flour Cask Bay Sanctuary,camp_site,,,,,,
145.59861,-17.15361,Queensland,Fong-On Bay Campground,camp_site,,,,,,
146.21528,-30.0475,New South Wales,Food & Huts By Mt Oxley - Rossmore Station,camp_site,paid,0,,,,
148.00139,-33.38778,New South Wales,Forbes Rest Area,camp_site,,,,,,
121.08556,-28.22778,Western Australia,Ford Run Rest Area,camp_site,,,,,,
143.60528,-18.5825,Queensland,Forsayth Rest Area,camp_site,,0,,,,
141.73365,-34.08945,New South Wales,Fort Courage Angling & Caravan Park -,camp_site,,,,,,
147.96738,-43.14217,Tasmania,Fortescue Bay Campground,camp_site,,,,,,
116.13761,-21.29507,Western Australia,Fortescue River Roadhouse,camp_site,,,,,,
145.62094,-41.45109,Tasmania,Fossey River Rest Area,camp_site,,,,,,
137.2125,-35.18056,South Australia,Foul Bay Camping Reserve,camp_site,,,,,,
139.99657,-20.80012,Queensland,Fountain Springs Rest Area,camp_site,,1,,,0,
148.98556,-33.41556,New South Wales,Four Mile Creek,camp_site,,,,,,
144.99056,-35.59833,New South Wales,Four Post Camp,camp_site,,,,,,
113.61844,-26.1067,,Fowlers Camp,camp_site,,,0,,,
141.70194,-31.10194,New South Wales,Fowlers Gap,camp_site,,,,,,
145.46848,-26.64678,Queensland,Foxtrap Cooladdi Roadhouse - Freecamp External,camp_site,free,1,,,1,
146.13695,-18.7478,Queensland,Frances Creek,camp_site,,,,,,
122.59352,-32.07416,Western Australia,Southern Hills Rest Area,camp_site,,1,,,0,
122.79512,-32.02924,Western Australia,Fraser Range Station,camp_site,paid,1,,1,1,
145.99385,-17.51492,Queensland,Fred Drew Rest Area,camp_site,,,,,,
152.56444,-26.94722,Queensland,Fred Greensil Lake (yowie Park),camp_site,,,,,,
148.2875,-41.99083,Tasmania,Friendly Beaches Campground,camp_site,,,,,,
146.3822,-33.30484,New South Wales,Frog Hollow,camp_site,free,,,,,
147.59583,-19.75222,Queensland,Funny Dunny Park,camp_site,,,,,,
145.49582,-17.2854,Queensland,Gallo Park,camp_site,,,,,,
149.63595,-29.07375,New South Wales,Garah Rest Area,camp_site,free,1,,,0,
152.48556,-25.94111,Queensland,Garden Of Weeden,camp_site,,,,,,
120.09194,-21.91472,Western Australia,Garden Pool,camp_site,,,,,,
118.02667,-27.48917,Western Australia,Garden Rock,camp_site,,,,,,
146.44889,-34.25278,New South Wales,Garoolgan Rest Area,camp_site,,,,,,
145.99528,-17.46139,Queensland,Garradunga Hotel,camp_site,,,,,,
132.81611,-13.21778,Northern Territory,Karnamarr Campground,camp_site,,,,,,
152.79139,-26.57,Queensland,Gheerulla Campground,camp_site,,,,,,
152.76694,-26.56472,Queensland,Gheerulla Pioneer Park,camp_site,,,,,,
126.51194,-16.09556,Western Australia,Gibb River Rest Area,camp_site,,,,,,
150.01333,-29.16389,New South Wales,Gil Gil Creek North Rest Area,camp_site,free,0,,,,
150.17928,-26.70832,Queensland,Gil Weir,camp_site,free,1,0,,0,
142.89694,-18.19333,Queensland,Gilbert River East,camp_site,,1,,,0,
142.87237,-18.19995,Queensland,Gilbert River,camp_site,,0,,,,
122.70087,-28.2801,Western Australia,Giles Breakaway Rest Area,camp_site,,,,,,
146.03482,-32.41833,New South Wales,Gilgunnia Goldfield Rest Area,camp_site,free,1,0,,0,
146.89028,-43.54333,Tasmania,Gilhams Beach Campground,camp_site,,,,,0,
151.94609,-24.97474,Queensland,Gin Gin Rest Area,camp_site,,1,,,0,
151.95194,-24.98778,Queensland,Gin Gin Showgrounds,camp_site,,,,,,
152.18643,-28.07429,Queensland,Gladfield Rest Area,camp_site,,1,,,0,
114.24825,-25.95239,,Gladstone Campground,camp_site,paid,,,,,
152.62722,-27.50889,Queensland,Bottletree Hotel Glamorgan Vale,camp_site,,,,,,
151.43417,-27.06083,Queensland,Glasbys Caravan Park,camp_site,,,,,,
152.92139,-26.91389,Queensland,Glasshouse Mountains Campground,camp_site,,,,,,
150.03389,-25.46361,Queensland,Glebe Weir,camp_site,paid,1,,1,1,
136.96583,-35.00389,South Australia,Gleesons Landing,camp_site,,,,,,
151.73444,-29.73417,New South Wales,Glen Innes Anzac Park,camp_site,,,,,,
116.09864,-33.49673,Western Australia,Glen Mervyn Dam,camp_site,,1,,,0,
150.69271,-30.45031,New South Wales,Glen Riddle Recreation Reserve,camp_site,,,,,,
151.69667,-28.175,Queensland,Glendon Camping Grounds,camp_site,paid,,,,,
149.40944,-33.0275,New South Wales,Glendora Campground,camp_site,,,,,,
139.64894,-24.91376,Queensland,Cuttaburra Crossing Rest Area,camp_site,,,,,,
149.67611,-27.24889,Queensland,Glenmorgan Railway Station,camp_site,paid,1,,1,1,
152.97387,-30.05213,New South Wales,Glenreagh Recreation Reserve,camp_site,paid,1,,1,1,
149.69139,-31.86444,New South Wales,Glenron Coolah Primitive Bush Camp,camp_site,,,,,,
135.3675,-16.70444,Northern Territory,Goanna Creek Rest Area,camp_site,,,,,,
146.25773,-34.61544,New South Wales,Gogeldrie Riverside Park,camp_site,paid,1,,,1,
148.06528,-35.30694,New South Wales,Golden Gully Caravan Park,camp_site,,,,,,
144.44165,-24.25826,Queensland,Golden West Hotel Caravan Park,camp_site,paid,1,,1,1,
143.54944,-18.28722,Queensland,Goldfields Caravan Park,camp_site,,,,,,
121.96617,-18.60383,Western Australia,Goldwire Rest Area,camp_site,,,,,,
145.70664,-33.97925,New South Wales,Goolgowi Caravan Park,camp_site,paid,1,,1,1,
145.71111,-33.985,New South Wales,Goolgowi East Rest Area,camp_site,,0,,,,
145.695,-33.98944,New South Wales,Goolgowi Rest Area,camp_site,,,,,,
148.43479,-33.61314,New South Wales,Halsie Thompson Camping Ground,camp_site,paid,1,,,1,
148.42,-33.60861,New South Wales,Gooloogong West Campspot,camp_site,,0,,,,
152.06932,-26.18624,Queensland,Goomeri Showgrounds,camp_site,paid,1,,,1,
121.04528,-29.98222,Western Australia,Goongarrie Station Stay,camp_site,,,,,,
150.28548,-24.1454,Queensland,Goovigen Sportsground,camp_site,paid,1,,1,1,
143.29806,-12.71333,Queensland,Gordon Creek Campground South,camp_site,,,,,,
145.78696,-17.10007,Queensland,Gordonvale Rest Area,camp_site,free,,,,,
151.48911,-28.29502,Queensland,Gore Rest Area,camp_site,,1,,,1,
117.99583,-32.45694,Western Australia,Gorge Rock Pool,camp_site,,,,,,
113.69333,-26.21444,Western Australia,Goulet Bluff,camp_site,,,,,,
146.21583,-41.47222,Tasmania,Gowrie Park Wilderness Village,camp_site,,,,,,
138.20854,-32.8015,South Australia,Goyder's Line Memorial Rest Area (South),camp_site,,0,,,,
135.75572,-33.14666,South Australia,Goyders Line Memorial Rest Area,camp_site,,0,,,,
149.02803,-33.95085,New South Wales,Reflections Grabine Lakeside - Holiday Park,camp_site,,,,,,
152.92556,-29.67417,New South Wales,Grafton Greyhound Racing Club,camp_site,,,,,,
121.49083,-29.33611,Western Australia,Kookynie Grand Hotel Caravan Park,camp_site,,,,,,
135.46583,-33.04944,South Australia,Granite Country Rest Area,camp_site,,,,,,
151.66778,-24.61222,Queensland,Granite Creek Rest Area,camp_site,,,,,,
145.35125,-17.04179,Queensland,Granite Gorge Nature Park,camp_site,,,,,,
115.80439,-34.42657,Western Australia,Carey Brook (Grass Tree Hollow) Camping Area,camp_site,paid,1,,,0,
137.00639,-34.92722,,Gravel Bay,camp_site,,,,,,
150.33415,-29.5852,New South Wales,Gravesend Recreation Reserve Overnight,camp_site,free,1,,,0,
146.67667,-41.98028,Tasmania,Great Lake Hotel,camp_site,,,,,,
144.67985,-40.9099,Tasmania,Green Point Campground,camp_site,free,,,,,
118.38082,-34.62825,Western Australia,Green Range Rest Area,camp_site,,,,,,
150.69083,-35.08806,New South Wales,Greenfield Beach,camp_site,,,,,,
115.68722,-28.18417,Western Australia,Greenough River,camp_site,,,,,,
140.83283,-37.39684,South Australia,Greenrise Lake Campground,camp_site,free,,,,,
149.73246,-33.09555,New South Wales,Greens Point,camp_site,,,,,,
139.2504,-18.64628,Queensland,Gregory Downs,camp_site,,0,0,0,0,
147.88978,-41.46336,Tasmania,Griffin Park,camp_site,,,,,,
146.03003,-34.29063,New South Wales,Griffith Showgrounds Caravan Park,camp_site,,,,,,
116.05056,-33.7,Western Australia,Grimwade Settlement,camp_site,,,,,,
139.21333,-30.475,South Australia,Grindells Hut Campground,camp_site,,,,,,
146.78304,-34.73878,New South Wales,Grong Grong Park,camp_site,,,,,,
128.27028,-15.72167,Western Australia,Grotto Creek,camp_site,,,,,,
149.52652,-32.37221,New South Wales,Gulgong Showground,camp_site,paid,1,,1,1,
147.10171,-33.07588,New South Wales,Gum Bend Lake,camp_site,paid,1,,,1,
150.08167,-29.465,New South Wales,Gum Flat Public Reserve,camp_site,,,,,,
150.195,-23.91,Queensland,Gum Leaves Caravan Park,camp_site,,,,,,
152.57077,-25.98622,Queensland,Gunalda Rest Area,camp_site,,,,,,
150.99528,-32.01278,New South Wales,Gundy Showgrounds,camp_site,,,,,,
132.33556,-13.29028,Northern Territory,Gungurul Campground,camp_site,,,,,,
132.41494,-13.43456,Northern Territory,Gunlom Falls (Udp Falls),camp_site,,,,,,
150.18688,-30.9231,New South Wales,Gunnedah North No 2 Rest Area,camp_site,,0,,,0,
150.24806,-30.98,New South Wales,Gunnedah Showgrounds,camp_site,,,,,,
150.27458,-31.0254,New South Wales,Soil Conservation (Gunnedah South) Rest Area,camp_site,,0,,,,
147.84306,-19.92333,Queensland,Guthalungra Rest Area,camp_site,,1,0,,1,
151.67196,-30.23524,New South Wales,Guyra Summit Caravan Park,caravan_site,,,,,,
116.80972,-31.97222,Western Australia,Gwambygine Park,camp_site,,,,,,
133.385,-16.30778,Northern Territory,HI-Way Inn Caravan Park,camp_site,,,,,,
145.35194,-15.91111,Queensland,Haleys Cabins & Camping,camp_site,,,,,,
140.16389,-34.88389,South Australia,Halidon Rest Area,camp_site,,,,,,
140.58083,-22.77306,Queensland,Hamilton Channels,camp_site,,,,,,
146.83056,-42.55917,Tasmania,Hamilton Common,camp_site,paid,1,,,1,
137.20893,-33.26584,South Australia,Hancocks Shaft Rest Area,camp_site,,0,,,,
143.87278,-15.18889,Queensland,Hann River Roadhouse,camp_site,,,,,,
126.3566,-16.51521,Western Australia,Hann River Rest Area,camp_site,,,,,,
138.83917,-33.75389,South Australia,Hanson Rest Area,camp_site,,,,,,
136.93889,-33.67361,South Australia,Harbour View Caravan Park,camp_site,,,,,,
131.98474,-13.67864,Northern Territory,Harriet Creek,camp_site,,,,,,
116.42167,-33.80694,Western Australia,Harvey Dickson's Country Music Centre C,camp_site,,,,,,
134.2142,-32.509,South Australia,Haslam Campground,camp_site,,,,,,
134.24042,-32.51275,South Australia,Haslam Rest Area,camp_site,,,,,,
138.42111,-31.8875,South Australia,Hawker Town Park,camp_site,,,,,,
144.83941,-34.49615,New South Wales,Hay Showground,camp_site,,,,,,
139.32325,-34.9091,South Australia,Haythorpe Reserve,camp_site,,,,,,
135.72657,-16.68408,Northern Territory,Heartbreak Hotel Campground,camp_site,paid,,,1,,
145.7587,-17.59871,Queensland,Henrietta Creek,camp_site,,,,,,
118.29976,-20.69936,Western Australia,Herbert Parker Rest Area (Yule River),camp_site,,,,,,
140.33581,-34.15533,South Australia,Heron Bend,camp_site,,,,,,
137.44028,-32.11917,South Australia,Hesso Rest Area,camp_site,,,,,,
139.55627,-34.75068,South Australia,Hettner Landing,camp_site,,,,,,
148.06889,-23.62444,Queensland,Higher Ground Homestay,camp_site,,,,,,
137.12478,-35.23112,South Australia,"Hillocks Drive, Butler's Beach",camp_site,paid,,,,,
145.53222,-33.50417,New South Wales,Hillston Rest Area,camp_site,free,1,,,0,
140.37194,-37.61167,South Australia,Hillview Caravan Park,camp_site,,,,,,
152.31417,-24.89694,Queensland,Hinkler Lions Park,camp_site,,,,,,
138.27515,-35.48115,South Australia,Hobart Memorial Lookout,camp_site,,,,,,
151.93417,-27.64583,Queensland,Hodgsonvale Lions Park,camp_site,,,,,,
116.08431,-33.00451,Western Australia,Hoffman's Mill,camp_site,,,,,,
153.5047,-28.27437,New South Wales,Hogan Park,camp_site,free,,,,,
140.01333,-34.18444,South Australia,Holder Bend Reserve & Boat Ramp,camp_site,,,,,,
148.00333,-33.89778,New South Wales,Holy Campground,camp_site,,,,,,
147.41806,-19.66222,Queensland,Home Hill Caravan Park,camp_site,,,,,,
143.61278,-34.40855,New South Wales,Homebush Hotel Campground,camp_site,,,,,,
116.24664,-31.60857,Western Australia,Homestead Campground,camp_site,,,,,,
135.435,-27.59639,South Australia,Hookeys Waterhole,camp_site,,,,,,
138.33278,-31.76083,South Australia,Hookina Creek,camp_site,,,,,,
145.97722,-34.56278,New South Wales,Horries Beach Camp,camp_site,,,,,,
138.53194,-32.42472,South Australia,Horseshoe View Caravan Park,camp_site,,,,,,
141.54972,-22.35306,Queensland,"""Hotel Hilton""",camp_site,free,0,,,,
146.6225,-35.98806,Victoria,Howlong Lions Park,camp_site,,,,,,
146.61778,-35.98222,Victoria,Howlong Memorial Park,camp_site,,,,,,
144.20012,-20.85009,Queensland,Hughenden Rotary Rest Area,camp_site,free,1,,,0,
144.20593,-20.84461,Queensland,Hughenden RV Parking Area,camp_site,,,,,,
131.085,-12.695,Northern Territory,Hughes Airfield,camp_site,,,,,,
146.07167,-17.995,Queensland,Hull Heads Recreation Area,camp_site,paid,1,,,1,
148.27611,-35.47361,New South Wales,Humes Crossing,camp_site,free,1,,,0,
141.10222,-23.68194,Queensland,Hunters Gorge Campground,camp_site,paid,,,,,
134.85333,-29.075,South Australia,Hutchison Memorial,camp_site,,,,,,
146.9037,-43.44388,Tasmania,Ida Bay Railway Camping Area,camp_site,,,,,,
138.93472,-30.59583,South Australia,Iga Warta Community Campground,camp_site,,,,,,
144.91686,-34.4977,New South Wales,Illilawa Reserve,camp_site,,,,,,
138.75954,-20.06611,Queensland,Inca Creek Rest Area,camp_site,free,0,,,0,
115.32194,-28.64361,Western Australia,Indarra,camp_site,,,,,,
118.59778,-20.78694,Western Australia,Indee Station,camp_site,,,,,,
151.08581,-28.41163,Queensland,Inglewood Rest Area,camp_site,free,0,,,,
137.35987,-34.98454,South Australia,Inland Sea Restaurant,camp_site,,,,,,
140.73426,-27.74805,South Australia,Innamincka Town Common - East,camp_site,paid,1,,,1,
153.07081,-25.81671,Queensland,Inskip Point Campground,camp_site,,,,,,
151.12075,-29.78434,New South Wales,Inverell Showground,camp_site,paid,,,,,
138.23278,-33.06694,South Australia,Ippinitchie Campground,camp_site,,,,,,
137.14808,-32.72106,South Australia,Iron Knob Rest Area,camp_site,,0,,,,
137.00465,-32.8621,South Australia,Iron Knob West Rest Area 1,camp_site,,0,,,,
136.88842,-32.96407,South Australia,Iron Knob West Rest Area 2,camp_site,,0,,,,
145.2025,-17.42778,Queensland,Irvinebank Tavern,camp_site,free,,,,,
148.13099,-22.0495,Queensland,Isaac River Rest Area,camp_site,free,1,,,0,
143.55794,-24.23419,Queensland,Isisford Road Rest Area,camp_site,free,1,,,0,
140.9425,-19.66861,Queensland,Jack And Lil's Rest Area,camp_site,free,0,,,,
148.56083,-28.04028,Queensland,Jack Taylor Weir,camp_site,,,,,,
149.55486,-26.63149,Queensland,Jackson Rest Area,camp_site,,0,,,,
133.22026,-14.95327,Northern Territory,Jalmurark Campground,camp_site,paid,1,,,1,
138.43248,-33.45964,South Australia,James Ainsworth Horrock Monument Rest Area,camp_site,,0,,,,
152.11917,-27.55111,Queensland,James Hedges Park,camp_site,,,,,,
142.28306,-11.10389,Queensland,Jardine River Ferry Campground & Servic,camp_site,,,,,,
116.40556,-33.91417,Western Australia,Jayes Bridge,camp_site,,,,,,
141.89861,-25.37722,Queensland,JC Hotel Ruins,camp_site,,0,,,,
149.02306,-35.04083,New South Wales,Jeir Creek,camp_site,,,,,,
147.77778,-33.40056,New South Wales,Jemalong Weir - Upstream,camp_site,,0,,,,
146.13129,-23.60665,Queensland,Jericho Redbank Community Park,camp_site,paid,1,1,,1,
146.13167,-23.59442,Queensland,Jericho Showground,camp_site,paid,1,,1,1,
150.46066,-35.14598,New South Wales,Tables and Chairs Rest Area,camp_site,,0,,,,
150.91036,-32.4987,New South Wales,Jerrys Plains Recreation Ground,camp_site,free,1,,,0,
136.14417,-22.95111,Northern Territory,Jervois Station,camp_site,,,,,,
116.82472,-30.0025,Western Australia,Jibberding Rock and Nature Reserve Rest Area,camp_site,,,,,,
118.32417,-32.66472,Western Australia,Jilakin Rock,camp_site,,,,,,
132.55306,-12.94389,Northern Territory,,camp_site,,,,,,
151.97026,-28.48921,Queensland,Jim Mitchell Park Rest Area,camp_site,free,1,,,0,
146.18417,-33.87278,New South Wales,John Oxley Rest Area,camp_site,,,,,,
139.48667,-34.69889,South Australia,John S Christian Reserve,camp_site,,,,,,
151.59159,-27.36808,Queensland,Jondaryan Memorial Park,camp_site,,,,,,
151.57208,-27.39392,Queensland,Jondaryan Woolshed,camp_site,,,,,,
120.53709,-27.47952,Western Australia,Jones Creek Rest Area,camp_site,,,,,,
148.33135,-35.5658,New South Wales,Jounama Creek Campground,camp_site,free,1,,,0,
146.12646,-18.85598,Queensland,Jourama Falls camping area,camp_site,paid,,,,,
141.74472,-20.6525,Queensland,Julia Creek Caravan Park,camp_site,,1,,1,1,
141.75614,-20.65582,Queensland,Julia Creek,camp_site,,0,,,,
145.02759,-41.15429,Tasmania,Julius River Forest Reserve,camp_site,,,,,,
144.81193,-18.13883,Queensland,Junction Rest Area,camp_site,,1,,,0,
143.05883,-24.82815,Queensland,Jundah Galaxy Opal Tourist Park,caravan_site,,,,,,
145.4625,-16.08722,Queensland,Jungle Camping Ground,camp_site,,1,1,1,1,
145.54247,-17.21611,Queensland,,camp_site,,,,,,
132.12833,-12.80083,Northern Territory,Kakadu Information Bay,camp_site,,,,,,
116.23861,-29.19028,Western Australia,Kalanooka Springs,camp_site,,,,,,
152.62629,-27.93735,Queensland,Kalbar Showgrounds,camp_site,paid,1,1,1,1,
144.51528,-30.89083,New South Wales,Kallara Station,camp_site,,,,,,
144.21089,-14.91146,Queensland,Kalpowar Crossing,camp_site,,,,,,
126.51972,-16.11833,Western Australia,Kalumburu Rest Area,camp_site,,,,,,
148.58665,-28.03375,Queensland,Kamarooka Tourist Park,caravan_site,,,,,,
132.39361,-13.50361,Northern Territory,Kambolgie Campground,camp_site,,,,,,
152.67692,-26.38662,Queensland,Kandanga Free Camp,camp_site,,,,,,
138.29889,-32.08583,South Australia,Kanyaka Ruins,camp_site,,,,,,
148.65635,-27.98859,Queensland,Kapunda Tourist & Fishing Park,camp_site,paid,1,,1,1,
139.89,-35.09639,South Australia,Karoonda Tourist Park,camp_site,paid,1,,,,
139.90941,-35.08705,South Australia,Karoonda East Rest Area,camp_site,,,,,,
139.89611,-35.095,South Australia,Karoonda Lions Park,camp_site,,,,,,
140.68472,-35.075,South Australia,Karte Conservation Park,camp_site,,,,,,
128.1957,-31.83186,Western Australia,Kathala Pass Rest Area,camp_site,,0,,,,
145.59806,-17.13833,Queensland,Kauri Creek Campground,camp_site,,,,,,
152.09917,-24.74083,Queensland,Keirs Krafts Camp,camp_site,,,,,,
140.34139,-36.19417,South Australia,Keith South Rest Area,camp_site,,,,,,
152.72797,-26.59758,Queensland,Kenilworth Show & Recreation Grounds,camp_site,paid,,1,1,1,
144.18461,-15.42035,Queensland,Kennedy River Rest Area,camp_site,,,,,,
146.21929,-41.38192,Tasmania,Kentish Park,camp_site,,,,,,
139.22889,-22.97361,Queensland,Kev Kerr Rest Area,camp_site,,,,,,
139.81183,-35.61319,South Australia,Ki Ki South Rest Area,camp_site,,,,,,
135.68389,-17.52806,Northern Territory,Kiana Turnoff Rest Area,camp_site,,,1,,,
150.05306,-29.03833,New South Wales,Kiga Bore Rest Area - Northbound,camp_site,,,,,,
143.93722,-28.68111,Queensland,Kilcowera Station,camp_site,,,,,,
152.5525,-27.00472,Queensland,Kilcoy Farmstay,camp_site,,,,,,
152.54583,-26.94361,Queensland,Kilcoy Showgrounds,camp_site,,,,,,
152.29028,-26.11694,Queensland,Kilkivan Bush Camping Park,camp_site,paid,,,,,
136.76985,-33.04885,South Australia,Kimba East Rest Area,camp_site,,0,,,,
152.15083,-26.22194,Queensland,Kinbombi Falls,camp_site,,,,,,
126.20246,-14.88756,Western Australia,King Edward River Campground No 1,camp_site,,,,,,
126.20236,-14.88387,Western Australia,King Edward River Campground No 2,camp_site,,,,,,
132.63285,-14.64408,Northern Territory,King River Rest Area,camp_site,,,,,,
132.08639,-14.67722,Northern Territory,King River West Rest Area,camp_site,,0,,,,
140.67806,-27.775,South Australia,King's Site,camp_site,paid,,,,,
138.28489,-17.86872,Queensland,Kingfisher Camp,camp_site,,,,,,
151.79816,-26.84699,Queensland,Maidenwell Hotel,camp_site,,,,,,
139.85026,-36.82687,South Australia,Kingston Se Jetty Parking Area,camp_site,free,,,,,
139.82129,-36.92509,South Australia,Kingston South,camp_site,,,,,,
117.78033,-28.55812,Western Australia,Kirkalocka Station,camp_site,,,,,,
118.26459,-32.49573,Western Australia,Kondinin Travellers Rest,camp_site,,,,,,
121.27083,-29.35806,Western Australia,Kookynie Rest Area,camp_site,,,,,,
121.25694,-29.48722,Western Australia,Kookynie Well Rest Area,camp_site,,,,,,
138.58556,-31.29222,South Australia,Koolamon Campground,camp_site,,,,,,
129.85654,-31.45633,South Australia,Koonalda Homestead,camp_site,,,,,,
144.2161,-35.69169,New South Wales,Koondrook State Forest,camp_site,,,,,,
133.41857,-31.95114,South Australia,Koonibba Rest Area,camp_site,,0,,,,
120.01579,-31.26874,Western Australia,Koorarawalyee (Boorabbin) Rest Area,camp_site,free,1,,,0,
144.64028,-21.36778,Queensland,Kooroorinya Falls Basalt Wall Nature Reserve,camp_site,,,,,,
135.64972,-33.38167,South Australia,Kopi Rest Area,camp_site,,0,,,,
152.46619,-28.30834,New South Wales,Koreelah Creek Campground,camp_site,,,,,,
150.1808,-35.70234,New South Wales,Korners Park,camp_site,,,,,,
152.28556,-32.47667,New South Wales,Korsmans Landing,camp_site,paid,,,,,
152.26056,-32.05167,New South Wales,Krambach Park,camp_site,,,,,,
150.79833,-24.45222,Queensland,Kroombit Park & Lochenbar Station,camp_site,,,,,,
140.20417,-27.36139,South Australia,Kudriemitchie Camping Areas,camp_site,,,,,,
118.15599,-32.67032,Western Australia,RV Friendly Discovery Zone,camp_site,,1,,,1,
138.03584,-34.0573,South Australia,Kulpara Plantation,camp_site,,,,,,
117.04855,-32.46029,Western Australia,Kulyaling Park,camp_site,free,0,,,,
121.55386,-32.78813,Western Australia,Kumarl Siding Rest Area,camp_site,free,0,,,,
150.87674,-27.32374,Queensland,Kumbarilla Rest Area,camp_site,,1,,,0,
151.65283,-26.69266,Queensland,Apex Park Caravan Stopover,camp_site,paid,,,1,,
120.18513,-33.6904,Western Australia,Kundip Rest Area,camp_site,free,1,,,0,
128.73095,-15.77208,Western Australia,Kununurra Agricultural Showground Carav,camp_site,,,,,,
128.3311,-17.38619,Western Australia,Kurrajong Campground,camp_site,,,,,,
146.10939,-17.77489,,Kurrimine Beach Campground,camp_site,,,,,,
146.05936,-35.9797,New South Wales,Kyffins Reserve,camp_site,free,0,,0,0,
141.91925,-21.57895,Queensland,Kynuna Roadhouse,camp_site,,1,,1,1,
130.49806,-13.10611,Northern Territory,La Belle Station,camp_site,,,,,,
145.83611,-33.34139,New South Wales,Lachlan River Rest Area,camp_site,free,0,,,,
138.28885,-35.47399,South Australia,Lady Bay Foreshore,camp_site,,,,,,
146.93444,-42.11167,Tasmania,Lagoon Of Islands,camp_site,,,,,,
152.39722,-27.62605,Queensland,Laidley Caravan Park,camp_site,,,,,,
139.34361,-35.67194,South Australia,Lake Albert Foreshore,camp_site,,,,,,
146.21028,-41.37778,Tasmania,Lake Barrington,camp_site,,,,,,
144.20476,-28.09307,Queensland,Lake Bindegolly Bush Camping,camp_site,,0,,,,
140.42694,-34.19528,South Australia,Lake Bonney Reserve,camp_site,,,,,,
151.44083,-26.09389,Queensland,Lake Boondooma Camping & Recreation Area,camp_site,,,,,,
151.21171,-28.41017,Queensland,Lake Coolmunda Caravan Park,camp_site,,,,,,
121.69376,-32.10127,Western Australia,Lake Cowan,camp_site,,0,,,,
121.39306,-30.84389,Western Australia,Lake Douglas Recreation Reserve,camp_site,free,1,,,0,
148.23566,-21.53827,Queensland,Lake Elphinstone,camp_site,free,1,0,0,1,
118.45926,-33.0995,Western Australia,Lake Grace Caravan Park,camp_site,paid,1,,1,1,
115.15512,-29.86004,Western Australia,Lake Indoon,camp_site,paid,1,,0,1,
120.78903,-32.01032,Western Australia,Lake Johnston,camp_site,,,,,,
119.6881,-33.08376,Western Australia,Lake King Caravan Park,camp_site,paid,1,,1,1,
146.21861,-42.14639,Tasmania,Lake King William,camp_site,,,,,,
147.80056,-42.01222,Tasmania,Lake Leake Campground,camp_site,,,,,,
151.92702,-28.22621,Queensland,Lake Leslie Tourist Park,camp_site,,,,,,
150.99569,-32.35261,New South Wales,Lake Liddell Recreation Area,camp_site,,,,,,
150.07722,-33.525,New South Wales,Lake Lyell Campground,camp_site,paid,,,,,
145.65639,-41.68528,Tasmania,Lake Mackintosh Camping,camp_site,,,,,,
114.03639,-24.24917,Western Australia,Lake Macleod Rest Area,camp_site,,,,,,
147.97991,-35.81215,New South Wales,Lake Mannus,camp_site,,,,,,
119.52028,-27.58778,Western Australia,Lake Mason,camp_site,,,,,,
139.57694,-20.58806,Queensland,Lake Moondarra Picnic Area,camp_site,,,,,,
116.64811,-34.44113,Western Australia,Lake Muir Observatory,camp_site,,1,,,0,
149.66,-25.48556,Queensland,Lake Murphy Conservation Park,camp_site,,,,,,
117.98591,-27.26167,Western Australia,Lake Nallan,camp_site,,,,,,
148.68444,-24.99222,Queensland,Lake Nuga Nuga,camp_site,,,,,,
117.40556,-34.40528,Western Australia,Lake Nunijup,camp_site,free,1,,,0,
146.22645,-41.64517,Tasmania,Lake Parangana Recreation Area,camp_site,,,,,,
117.23639,-34.41833,Western Australia,Lake Poorrarecup,camp_site,,,,,,
140.52139,-35.3275,South Australia,Lake Roberts,camp_site,,,,,,
145.61915,-41.76118,Tasmania,Lake Rosebery Foreshore,camp_site,,,,,,
151.29167,-32.33444,New South Wales,Lake St Clair Campground,camp_site,,,,,,
116.78647,-33.58926,Western Australia,Lakeside Camping,camp_site,,,,,,
146.37762,-33.30237,New South Wales,Lake View Caravan Park,camp_site,paid,,,,,
120.41268,-27.03861,Western Australia,Lake Way Rest Area,camp_site,,,,,,
139.60778,-34.85694,South Australia,Lakeside Camping Ground,camp_site,,,,,,
126.53505,-18.80129,Western Australia,Larrawa Station Bush Camping,camp_site,paid,,,,,
146.41009,-41.23684,Tasmania,Latrobe Motorhome Stop,caravan_site,,,,,,
133.82998,-32.24255,South Australia,Laura Bay Conservation Park,camp_site,,,,,,
151.95327,-25.94496,Queensland,Lawless Park (Booubyjan),camp_site,free,0,,,,
117.14772,-32.69302,Western Australia,Lazeaway Holiday & Caravan Park,camp_site,paid,,,,,
131.0925,-12.22389,Northern Territory,Leader Creek Fishing Camp,camp_site,,,,,,
114.09278,-22.20583,Western Australia,Learmonth North Rest Area,camp_site,,,,,,
148.54452,-23.60649,Queensland,Leichhardt Dig Tree Rest Area,camp_site,,1,,,0,
139.785,-18.80611,Queensland,Leichhardt River,camp_site,,,,,,
120.71694,-27.95083,Western Australia,Leinster South,camp_site,,,,,,
151.31112,-27.75312,Queensland,Lemontree Weir,camp_site,,,,,,
139.58778,-34.70361,South Australia,Len Kroehn Lookout,camp_site,,,,,,
124.75611,-17.39278,Western Australia,Lennard River Rest Area,camp_site,,,,,,
146.03123,-41.40055,Tasmania,Leven Canyon Reserve,camp_site,free,,,,,
152.50917,-28.42193,New South Wales,Levuka,camp_site,,,,,,
147.98142,-29.42883,New South Wales,Lightning Ridge Caravan Park,camp_site,paid,,,,,
147.97015,-29.49316,New South Wales,Lightning Ridge Rest Area,camp_site,free,1,,,0,
141.21448,-22.60395,Queensland,Lilley Vale Rest Area,camp_site,free,1,,,0,
147.70422,-42.95649,Tasmania,Lime Bay Campground,camp_site,,,,,0,
130.38356,-16.04732,Northern Territory,Limestone Gorge Campground,camp_site,,,,,,
123.09333,-27.91306,Western Australia,Limestone Well Rest Area,camp_site,,,,,,
152.27455,-26.8426,Queensland,Linville Village Camping Area,camp_site,paid,1,0,0,1,
145.22306,-15.70583,Queensland,Lions Den Hotel Campground,camp_site,,,,,,
148.57694,-29.54583,New South Wales,Lions Park,camp_site,,,,,,
139.98528,-34.175,South Australia,Lions Riverfront Park,camp_site,,,,,,
136.26052,-34.26292,South Australia,Lipson Cove,camp_site,paid,1,,,0,
145.20583,-15.68111,Queensland,Little Annan River Rest Area,camp_site,,,,,,
143.14108,-25.17601,Queensland,Little Boomerang Waterhole Camping Area,camp_site,paid,,,,,
140.82444,-17.86667,Queensland,Little Bynoe River,camp_site,,,,,,
150.43444,-30.31056,New South Wales,Little Creek Reserve,camp_site,,0,,,,
114.96833,-29.64278,Western Australia,Little Freshwater Point,camp_site,,,,,,
140.85611,-34.00778,South Australia,Little Gums Campground,camp_site,,,,,,
127.83167,-17.87556,Western Australia,Little Panton River,camp_site,,,,,,
146.61243,-41.99929,Tasmania,Little Pine Lagoon,camp_site,,,,,,
152.28883,-31.59446,New South Wales,Little Plains Sportsground,camp_site,,,,,,
152.36639,-30.50778,New South Wales,Little Styx River Campground,camp_site,,,,,,
142.22641,-31.78016,New South Wales,Little Topar Roadhouse,camp_site,free,1,,,0,
152.68944,-26.62472,Queensland,Little Yabba Picnic Area,camp_site,free,,,,,
145.21583,-23.65,Queensland,Lloyd Jones Weir Campground,camp_site,free,,,0,,
141.90389,-34.10972,New South Wales,Lock 10,camp_site,free,,,,,
148.27306,-35.41861,New South Wales,Log Bridge Creek Campground,camp_site,free,1,,,0,
148.83083,-25.49111,Queensland,Lonesome Campground,camp_site,,,,,,
146.37889,-34.65028,New South Wales,Long Beach Camp,camp_site,,,,,,
139.80083,-37.25472,,Long Gully Campground,camp_site,,,,,,
139.48194,-35.92972,South Australia,Long Island Rest Area,camp_site,,0,0,0,0,
139.16361,-35.69444,South Australia,Long Point,camp_site,,,,,,
133.47389,-17.61611,Northern Territory,Longreach Waterhole,camp_site,,,,,,
144.2295,-23.41069,Queensland,Apex Park Riverside Buish Camp - Longreach Waterhole,camp_site,paid,,,,,
147.97722,-29.46194,New South Wales,Lorne Station,camp_site,,,,,,
118.27281,-34.02577,Western Australia,Louis' Lookout Rest Area,camp_site,,0,,,,
135.92977,-34.54191,,Louth Bay,camp_site,paid,1,,,0,
145.11256,-30.5354,New South Wales,Louth Camp Spot,camp_site,,,,,,
140.06889,-34.18361,South Australia,Lowbank Landing,camp_site,,,,,,
140.57881,-34.45158,South Australia,Loxton Motorhome Reserve (day use only),caravan_site,paid,,,,,
142.38361,-10.83472,Queensland,Loyalty Beach Campground & Fishing Lodg,camp_site,,,,,,
140.36631,-36.96948,South Australia,Lucindale Caravan Park,camp_site,,,,,,
140.41379,-36.97117,South Australia,Lucindale Country Club Caravan Park,camp_site,,,,,,
143.36167,-14.39528,Queensland,Lukin River Rest Area,camp_site,,0,0,0,0,
148.19067,-32.69794,New South Wales,Lyndabale Rest Area,camp_site,,0,,,,
138.35144,-30.2881,South Australia,Lyndhurst Hotel Motel,camp_site,,,,,,
114.27556,-23.48278,Western Australia,Lyndon River (East),camp_site,,,,,,
149.31222,-33.40944,New South Wales,Macquarie Woods,camp_site,free,1,0,,0,
146.43944,-20.00333,Queensland,Macrossan Camping Reserve,camp_site,free,1,0,,1,
148.24611,-32.19583,New South Wales,Macs Reserve,camp_site,,,,,,
144.12839,-23.276,Queensland,Macsland/Leander Rest Area,camp_site,,1,0,,0,
127.0064,-31.89911,Western Australia,Madura Pass Lookout,camp_site,,0,,,,
128.24722,-15.67833,Western Australia,Maggie Creek,camp_site,,,,,,
137.67472,-34.37056,South Australia,Maitland Rest Area,camp_site,,,,,,
137.6775,-34.37167,South Australia,Maitland Showground,camp_site,paid,1,,1,1,
140.01167,-34.16611,South Australia,Maize Island Lagoon Conservation Park -,camp_site,,,,,,
149.74311,-35.56978,New South Wales,Majors Creek Recreation Reserve,camp_site,paid,,,,,
132.75472,-12.76556,Northern Territory,Malabanjbanjdju Tent Camping Area,camp_site,,,,,,
121.44687,-28.87961,Western Australia,Malcolm Dam,camp_site,,,,,,
152.84753,-26.76203,Queensland,Maleny Showgrounds,camp_site,,1,,,1,
152.72139,-28.90806,New South Wales,Mallanganee Oval,camp_site,paid,1,,,1,
128.47333,-15.58278,Western Australia,Mambi Island,camp_site,,,,,,
118.10452,-31.04692,Western Australia,Mangowine Homestead,camp_site,,,,,,
150.7289,-30.74455,New South Wales,Manilla Rivergums Caravan Park,caravan_site,,1,,1,,
152.09862,-29.6875,New South Wales,Mann River Campground & Picnic Area,camp_site,paid,1,,,0,
139.98672,-32.43062,South Australia,Mannahill East Rest Area,camp_site,paid,1,,,0,
126.9275,-16.65694,Western Australia,Manning Gorge Camping Area,camp_site,,,,,,
125.65674,-26.83647,Western Australia,Desert Surf Central,camp_site,,,,,,
116.02482,-33.93703,Western Australia,Maranup Ford Farm Stay & Caravan Park -,camp_site,,1,,,,
143.56861,-20.85861,Queensland,Marathon Rest Area,camp_site,free,,,,,
152.59722,-27.57139,Queensland,Marburg Showground,camp_site,,,,,,
125.31028,-17.16306,Western Australia,March Fly Glen Rest Area,camp_site,,,,,,
132.53778,-12.92972,Northern Territory,Mardugal Campground 1,camp_site,,,,,,
145.43889,-17.00556,Queensland,Mareeba Lions Park,camp_site,,,,,,
145.39324,-16.9924,Queensland,Mareeba Rodeo Grounds,camp_site,,,,,,
152.43194,-26.19167,Queensland,Marg Mcintosh Park,camp_site,,,,,,
139.07694,-35.625,South Australia,Mark Point,camp_site,,,,,,
146.44583,-34.71639,New South Wales,Markeys Beach Camp,camp_site,,,,,,
146.05833,-30.24556,New South Wales,Maroona Rest Area,camp_site,,,,,,
147.52056,-33.76278,New South Wales,Marsden Rest Area - Southbound,camp_site,,1,,,0,
117.90528,-30.83472,Western Australia,Marshall Rock,camp_site,,,,,,
148.63944,-31.81806,New South Wales,Marthaguy Rest Area,camp_site,,1,,,0,
148.4475,-31.65778,New South Wales,Berida Rest Area,camp_site,free,1,,,0,
140.63066,-34.29021,South Australia,Martins Bend Campground,camp_site,,,,,,
117.087,-33.54528,Western Australia,Martup Pool,camp_site,,,,,,
145.57306,-35.65028,New South Wales,Mary Lawson Wayside Rest Area,camp_site,,,,,,
132.22062,-13.60584,Northern Territory,Mary River Roadhouse,camp_site,,,,,,
143.72472,-15.07611,Queensland,Mary Valley Station,camp_site,,,,,,
134.14985,-28.25825,South Australia,Mathesons Bore Campground,camp_site,,,,,,
131.68383,-15.14009,Northern Territory,Mathison Rest Area,camp_site,free,1,,,0,
144.30167,-34.47356,New South Wales,Maude Caravan Park,camp_site,,,,,,
142.67807,-20.72292,Queensland,Maxwelton Rest Area,camp_site,,1,,,0,
116.50306,-29.88139,Western Australia,Maya Rest Area,camp_site,,0,,,,
148.01288,-42.23925,Tasmania,Mayfield Bay Campground,camp_site,,,,,0,
120.73905,-32.02182,Western Australia,Mcdermid Rock,camp_site,,,,,,
151.07806,-29.77972,New South Wales,Mcilveen Park,camp_site,,,,,,
135.77278,-34.58972,South Australia,Mckechnie Springs Farmstay,camp_site,,,,,,
152.99083,-29.74312,New South Wales,McPhillips Creek Rest Area,camp_site,,1,,,0,
117.00733,-31.63314,Western Australia,Meckering Memorial Park,camp_site,,,,,,
149.00556,-29.45278,New South Wales,Mehi River Rest Area,camp_site,,,,,,
152.9625,-31.28028,New South Wales,Melaleuca Campground,camp_site,paid,,,,,
138.19515,-32.80918,South Australia,Melrose Showground,camp_site,paid,1,,1,1,
135.61534,-34.59309,South Australia,Memorial Rest Area,camp_site,,,,,,
149.11472,-31.82444,New South Wales,Mendooran Camping/Rest Area,camp_site,free,1,,0,1,
139.33916,-35.68517,South Australia,Meningie Lions Jubilee Park,camp_site,,,,,,
139.35333,-35.68444,South Australia,Meningie Lookout,camp_site,,,,,,
120.00194,-33.57436,Western Australia,Meridian Rest Area,camp_site,,0,,,,
149.87108,-36.88713,New South Wales,Merimbula Rv Motor Home Park,camp_site,,,,,,
145.01556,-34.46694,New South Wales,Meriola Reserve,camp_site,,,,,,
132.9563,-12.4259,Northern Territory,Merl Camping Area,camp_site,,,,,,
138.39111,-31.54611,South Australia,Merna Mora Station,camp_site,,,,,,
138.16,-33.41639,South Australia,Merriton Rest Area,camp_site,,,,,,
113.635,-24.79389,Western Australia,Miaboolya Beach,camp_site,,,,,,
148.68611,-35.18861,New South Wales,Micalong Creek Reserve,camp_site,paid,1,,,1,
146.36139,-34.63167,New South Wales,Middle Beach Camp,camp_site,,,,,,
133.54768,-17.55638,Northern Territory,Midland Caravan Park,camp_site,,,,,,
143.54667,-18.28944,Queensland,Midway Caravan Park,camp_site,,,,,,
150.05,-33.67694,New South Wales,Millionth Acre Recreation / Rest Area,camp_site,free,1,,,0,
151.27766,-27.8599,Queensland,Millmerran Showgrounds,camp_site,paid,1,,1,1,
141.79575,-33.92627,New South Wales,Milpara Rest Area,camp_site,,,,,,
140.21382,-34.8167,South Australia,Mindarie Rest Area,camp_site,,,,,,
140.74083,-32.12861,South Australia,Mingary Siding,camp_site,,,,,,
151.77722,-25.39389,Queensland,Mingo Crossing Caravan Park,camp_site,,,,,,
140.63972,-27.77972,South Australia,Minkie Waterhole,camp_site,paid,,,,,
123.91786,-27.84341,Western Australia,Minnie Creek Road Rest Area,camp_site,,,,,,
135.15083,-32.85444,South Australia,Minnipa Apex Park,camp_site,paid,1,,,0,
138.7225,-19.01833,Queensland,Miyumba Bush Camp,camp_site,,,,,,
144.77841,-36.03563,New South Wales,The Keyhole Rest Area,camp_site,,0,,,,
146.25417,-20.09694,Queensland,Caltex Mosman Park,camp_site,,1,,,,
146.36028,-41.55111,Tasmania,Mole Creek Caravan Park,camp_site,,1,1,1,1,
144.97889,-40.74444,Tasmania,Montagu Park,camp_site,paid,1,,,0,
150.28028,-28.18028,Queensland,Monte Cristo Rest Area,camp_site,free,1,,,0,
139.9875,-29.40056,South Australia,Montecollina Bore Rest Area,camp_site,,,,,,
127.28732,-31.9099,Western Australia,Moodini Bluff Rest Area,camp_site,,1,,,0,
149.1575,-32.76611,New South Wales,Reflections Mookerawa Waters - Holiday Park,camp_site,,,,,,
138.57833,-30.99,South Australia,Moolooloo Station,camp_site,,,,,,
151.09918,-30.9761,New South Wales,Moonbi Park & Lookout,camp_site,free,1,0,0,0,
150.37036,-27.71822,Queensland,Moonie Crossroads Motel Caravan Park,camp_site,,1,,1,1,
137.56284,-34.05399,South Australia,Moonta Bay Jetty,camp_site,,,1,,,
152.87833,-28.43639,New South Wales,Moore Park Nature Reserve,camp_site,,,,,,
152.28948,-26.89391,Queensland,Moore Rest Area,camp_site,free,1,1,0,1,
140.36944,-34.26639,South Australia,Moorook Game Reserve,camp_site,,,,,,
140.36804,-34.28832,South Australia,Moorook Reserve,camp_site,,,,,,
138.42667,-31.55556,South Australia,Moralana Creek,camp_site,,,,,,
140.62917,-36.74778,South Australia,Morambro Creek,camp_site,,,,,,
121.38028,-29.405,Western Australia,Morapoi Station,camp_site,,,,,,
149.84806,-29.46861,New South Wales,Moree Showgrounds,camp_site,,,,,,
143.66389,-15.02278,Queensland,Morehead River Rest Area,camp_site,,,,,,
139.67778,-34.03417,South Australia,Morgan Conservation Park,camp_site,,,,,,
139.68444,-34.04528,South Australia,Morgan Conservation Park,camp_site,,,,,,
140.21717,-34.15021,South Australia,Morgan East Rest Area 1,camp_site,,0,,,,
139.89778,-34.05806,South Australia,Morgan East Rest Area 2,camp_site,,0,,,,
139.58583,-34.06444,South Australia,Morgan West,camp_site,,0,,,,
141.62405,-25.38047,Queensland,Morney Rest Area,camp_site,free,1,0,,0,
126.11027,-17.51235,Western Australia,Mornington Wilderness Camp,camp_site,,,,,,
147.11611,-26.41833,Queensland,Morven Recreation Ground,camp_site,paid,1,,1,1,
151.6697,-30.22319,New South Wales,Mother Of Ducks Lagoon,camp_site,,1,,,0,
148.2825,-41.28,,Moulting Bay Camping Area,camp_site,,,,,,
141.78694,-29.79778,New South Wales,Mount Browne Station,camp_site,,,,,,
138.89222,-33.55028,South Australia,Mount Bryan Rest Area,camp_site,paid,1,,,0,
131.13389,-13.2275,Northern Territory,Mount Bundy Station,camp_site,,,,,,
138.61028,-35.34361,South Australia,Mount Compass Rest Area,camp_site,,,,,,
135.43377,-34.53197,,Mount Dutton Bay Rest Area,camp_site,,1,,,,
141.55692,-31.62981,New South Wales,Mount Gipps Station,camp_site,,,,,,
150.98047,-23.81094,Queensland,Mount Larcom Rest Area,camp_site,,,,,,
150.38667,-23.66028,Queensland,Mount Morgan Van Park,camp_site,,,,,,
148.43444,-32.39167,New South Wales,Mountain Creek Rest Area,camp_site,,0,,,,
152.21583,-32.41333,New South Wales,Mountain Park Picnic Area,camp_site,,,,,,
152.72528,-30.37417,New South Wales,Mountain Top Rest Area,camp_site,,1,,,0,
137.49862,-35.11161,South Australia,Mozzie Flat Camping Reserve,camp_site,,,,,,
116.55942,-34.89403,Western Australia,Mt Burnett Picnic Area,camp_site,,,,,,
145.13917,-16.52833,Queensland,Mount Carbine Caravan Park,camp_site,paid,1,,1,1,
135.24784,-26.07068,South Australia,Mount Dare Station,camp_site,,,,,,
135.71667,-27.81361,South Australia,Mt Dutton Siding,camp_site,,,,,,
126.10472,-16.41944,Western Australia,Mt Elizabeth Station,camp_site,,,,,,
119.5975,-29.36306,Western Australia,Mt Elvire Reserve,camp_site,,,,,,
117.86662,-21.78804,Western Australia,Mt Florance Station,camp_site,,,,,,
116.7885,-34.82323,Western Australia,Mt Frankland Picnic Area,camp_site,,,,,,
140.79762,-37.83787,South Australia,Mt Gambier Showgrounds,camp_site,,,,,,
124.92056,-16.81833,Western Australia,Mount Hart Wilderness Lodge,camp_site,,,,,,
122.84719,-32.02119,Western Australia,Mt Pleasant Rest Area,camp_site,,0,,,,
133.70972,-14.91333,Northern Territory,Mt Price Rest Area,camp_site,,,,,,
150.60111,-24.53056,Queensland,Mt Scoria Conservation Park,camp_site,,,,,,
121.67861,-32.04139,Western Australia,Lake Cowan Rest Area,camp_site,,,,,,
152.05563,-25.56049,Queensland,Mt Walsh Picnic Area,camp_site,,,,,,
148.38757,-26.58577,Queensland,Muckadilla Community Park,camp_site,paid,1,,0,1,
148.385,-26.585,Queensland,The Mucka Pub,camp_site,paid,1,,1,1,
132.75466,-12.85433,Northern Territory,Muirella Park,camp_site,,,,,,
116.90194,-34.47722,Western Australia,Muirs Bridge Rest Area,camp_site,,0,,,,
118.20583,-30.91889,Western Australia,Mukinbudin Caravan Park,camp_site,,,,,,
146.40184,-30.66509,New South Wales,Mulga Creek Hotel Caravan Park,camp_site,paid,1,,1,1,
151.13232,-24.96415,Queensland,Mulgildie Hotel Freecamp - see bar,camp_site,,1,,,1,
149.90391,-31.10087,New South Wales,Mullaley Post Office Hotel,camp_site,paid,1,,,,
153.51639,-28.55306,New South Wales,Mullumbimby Leagues Club,camp_site,,,,,,
153.48889,-28.54667,New South Wales,Mullumbimby Showground,camp_site,,,,,,
137.90639,-29.23889,South Australia,Muloorina Station,camp_site,,,,,,
145.94419,-35.96745,Victoria,Hinches Beach Campsite,camp_site,,0,,,,
150.48524,-28.48841,Queensland,Munda Rest Area,camp_site,,1,,,0,
140.68986,-36.35708,South Australia,Mundulla Showground,camp_site,,,,,,
147.54194,-26.44583,Queensland,Cobb & Co Rest Area / Mungallala Rest Area,camp_site,,1,,,0,
138.66346,-28.01803,South Australia,Mungerannie Hotel,camp_site,,,,,,
141.60361,-14.85861,Queensland,Mungkan River Camping Area,camp_site,,,,,,
152.32278,-32.525,New South Wales,The Wells Camping Area,camp_site,,,,,,
152.09306,-27.48139,Queensland,Murphy's Creek Escape Camping Park,camp_site,,,,,,
138.24072,-32.93428,South Australia,Murray Town Park,camp_site,paid,1,,1,1,
140.78028,-34.06556,South Australia,Murtho Forest Landing,camp_site,,,,,,
143.5037,-14.78093,Queensland,Musgrave Roadhouse,camp_site,,,,,,
144.55206,-22.59357,Queensland,Muttaburra Caravan Park,camp_site,paid,1,,1,1,
152.17939,-32.63987,New South Wales,Myall River Camp,camp_site,,,,,,
124.22167,-18.07889,Western Australia,Myroodah Crossing,camp_site,,,,,,
140.74667,-36.95444,South Australia,Naracoorte Showgrounds,camp_site,,,,,,
145.87541,-27.79021,Queensland,Nardoo Station,camp_site,,,,,,
146.55061,-34.75356,New South Wales,Brewery Flat Reserve - SC Only,camp_site,,1,,,0,
146.56444,-34.74917,New South Wales,Narrandera Showground,camp_site,,,,,,
148.23006,-32.22331,New South Wales,Narromine Tourist Park,camp_site,,,,,,
139.18422,-35.51338,South Australia,Narrung Jetty Reserve,camp_site,free,,,,,
148.13083,-26.14528,Queensland,Natural Wilderness Experience 'claraval,camp_site,,,,,,
148.68762,-21.68879,Queensland,Nebo Rest Area,camp_site,free,0,,,,
118.77194,-33.9525,Western Australia,Needilup Rest Area,camp_site,,,,,,
147.95742,-26.47355,Queensland,Neil Turner Weir,camp_site,paid,1,,,0,
149.27952,-31.2711,New South Wales,Neilson Park,camp_site,,1,1,0,0,
142.85111,-32.10222,New South Wales,Nelia Gaari Station,camp_site,,,,,,
143.21687,-31.56857,New South Wales,Netallie Rest Area,camp_site,free,1,,,0,
113.80291,-25.15761,Western Australia,New Beach,camp_site,,,,,,
133.43967,-17.37533,Northern Territory,Newcastle Waters Rest Area,camp_site,,,,,,
123.16913,-32.11572,Western Australia,Newman Rocks,camp_site,,0,,,,
144.54884,-23.5035,Queensland,Newstead Creek Rest Area,camp_site,,0,,,,
149.675,-37.2675,New South Wales,Newtons Crossing Picnic Area,camp_site,,,,,0,
126.10867,-18.74845,Western Australia,Ngumban Cliff Lookout,camp_site,,,,,,
121.42778,-29.40417,Western Australia,Niagara Dam,camp_site,,,,,,
116.947,-20.77034,Western Australia,Nickol River Rest Area,camp_site,,,,,,
123.1328,-17.65574,Western Australia,Nillibubbica Rest Area,camp_site,,1,0,0,0,
148.82048,-28.35435,Queensland,Nindigully Pub,camp_site,free,1,,,0,
144.71028,-34.54889,New South Wales,Nine Mile Reserve,camp_site,,,,,,
146.45806,-42.29833,Tasmania,Nive River Rest Area,camp_site,,,,,,
145.90338,-34.55552,New South Wales,Nobles Beach Camp,camp_site,,,,,,
138.36694,-31.80917,South Australia,Nooltana Creek Rest Area,camp_site,,,,,,
141.13546,-17.85537,Queensland,Norman River - Glenore Crossing,camp_site,,0,,,,
121.78083,-32.19611,Western Australia,Norseman Rest Area,camp_site,,1,,,1,
135.60361,-27.7375,South Australia,North Creek,camp_site,,,,,,
150.22611,-28.84056,New South Wales,North Star Rest Area (Southbound),camp_site,,1,,,0,
150.9825,-33.39583,New South Wales,NSW Water Ski Gardens,camp_site,,,,,,
129.00046,-15.98244,Western Australia,NT/WA Border Checkpoint,camp_site,,,,,,
146.03418,-34.36885,New South Wales,Nugen Bend Rest Area,camp_site,free,0,,,,
132.31447,-31.82651,South Australia,Nundroo East Rest Area,camp_site,,0,,,,
132.22581,-31.79256,South Australia,Nundroo Hotel Motel Caravan Park,camp_site,,,,,,
147.18319,-31.55677,New South Wales,Nyngan Town Park,camp_site,,,,,,
148.61624,-20.5657,Queensland,,camp_site,,,,,,
148.36528,-35.82222,New South Wales,O'hares Rest Area,camp_site,,1,,,0,
152.51111,-27.13722,Queensland,O'sheas Crossing,camp_site,,,,,,
114.60051,-28.50021,Western Australia,Oakabella Homestead,camp_site,,,,,,
151.45472,-27.32778,Queensland,Bowenville Reserve,camp_site,free,,,,,
144.54394,-18.88024,Queensland,Oasis Roadhouse,camp_site,,1,,1,1,
138.06211,-29.64666,South Australia,Oasis Town Centre Caravan Park,caravan_site,paid,1,1,1,,
132.8675,-23.73528,Northern Territory,Ochre Pits Rest Area,camp_site,,,,,,
134.85861,-16.63167,Northern Territory,October Creek Rest Area,camp_site,,,,,,
134.62139,-27.16333,South Australia,Olarinna Creek,camp_site,,,,,,
134.68436,-23.38576,Northern Territory,Old Ambalindum Homestead,camp_site,,,,,,
144.38167,-30.98667,New South Wales,Old Buckanbe Station,camp_site,,,,,,
139.76417,-36.38889,South Australia,Old Coorong Road Campgrounds,camp_site,,,,,,
150.235,-33.73167,New South Wales,Old Ford Reserve,camp_site,,1,,,0,
127.78222,-18.24944,Western Australia,Old Halls Creek Lodge,camp_site,,,,,,
147.52105,-34.83696,New South Wales,Old Junee Rest Area,camp_site,,,,,,
134.40194,-32.41333,South Australia,Old Perlubie School Site,camp_site,,0,,,,
140.03111,-22.72,Queensland,Old Police Barracks Waterhole,camp_site,,,,,,
135.18667,-20.75417,Northern Territory,Old Police Station Waterhole Campground,camp_site,,,,,,
115.72639,-32.96056,Western Australia,Old Whittakers Mill,camp_site,,,,,,
151.295,-28.39722,Queensland,Oman Ama Rest Area,camp_site,,0,,,,
151.91694,-27.09306,Queensland,One Lane Bridge Rest Area,camp_site,,,,,,
139.04393,-32.89952,South Australia,Oodla Wirra Rest Area,camp_site,,0,,,,
131.25056,-14.06917,Northern Territory,Oolloo Crossing,camp_site,,,,,,
148.07611,-33.80917,New South Wales,Nags Head Bridge / Ooma Creek Rest Area,camp_site,,0,,,,
141.10423,-20.64248,Queensland,Oorindi Rest Area,camp_site,free,1,,,0,
119.87672,-23.33922,Western Australia,Opthalmia Dam,camp_site,,,,,,
121.06139,-30.37611,Western Australia,Ora Banda Historical Inn,camp_site,,,,,,
138.61,-32.7325,South Australia,Orroroo Caravan Park,camp_site,paid,1,,,1,
138.53694,-32.73389,South Australia,Orroroo Rest Area,camp_site,,,,,,
117.59638,-34.52382,Western Australia,Starcevich VC Rest Area,camp_site,,0,,,,
147.54265,-35.12329,New South Wales,Oura Reserve,camp_site,free,1,,0,0,
119.99454,-33.52613,Western Australia,Overshot Hill Nature Reserve,camp_site,,0,,,,
137.79611,-34.91667,,Oyster Point Drive Caravan Park,camp_site,,,,,,
144.99577,-23.53535,Queensland,Packsaddle Creek Rest Area,camp_site,free,1,,,0,
142.56639,-33.37889,New South Wales,Padda Park,camp_site,,,,,,
145.19444,-28.11722,Queensland,Paddabilla Bore,camp_site,,0,,,,
148.28917,-41.39558,,Paddys Island Campground,camp_site,,,,,,
148.11556,-35.85889,New South Wales,Paddys River Falls,camp_site,free,1,,,0,
148.13894,-35.85184,New South Wales,Paddys River Flats,camp_site,free,1,,0,0,
140.50374,-36.60005,South Australia,Padthaway Caravan Park,camp_site,,,,,,
140.49263,-36.60019,South Australia,Padthaway Rest Area,camp_site,,,,,,
127.845,-18.42,Western Australia,Palm Springs,camp_site,,,,,,
132.7466,-24.05754,Northern Territory,Palm Valley Campground,camp_site,,1,,,1,
144.77725,-16.10709,Queensland,Palmer River Roadhouse,camp_site,,,,,,
116.32472,-21.63667,Western Australia,Pannawonica Transit Site,camp_site,,,,,,
146.96528,-41.25333,,Paper Beach Reserve,camp_site,,,,,,
138.395,-31.13111,South Australia,Parachilna Campground,camp_site,,,,,,
138.53,-31.135,South Australia,Parachilna Gorge,camp_site,,,,,,
138.3975,-31.13167,South Australia,Parachilna Junction,camp_site,,,,,,
119.57944,-20.10639,Western Australia,Pardoo Station,camp_site,,,,,,
139.40138,-35.89673,South Australia,Parnka Point,camp_site,,,,,,
145.03667,-28.16056,Queensland,Paroo River,camp_site,free,0,,,,
128.27858,-15.59757,Western Australia,Parry Creek Farm Camping Area,camp_site,,,,,,
140.7289,-34.71972,South Australia,Paruna Comfort Stop,camp_site,paid,1,,1,1,
117.68467,-29.26337,Western Australia,Paynes Find Roadhouse & Tavern,camp_site,,,,,,
118.47886,-26.57934,Western Australia,Peace Gorge,camp_site,,,,,,
135.71318,-33.78176,South Australia,Peachna Rest Area,camp_site,,0,,,,
135.80249,-28.04021,South Australia,Peake Creek Siding,camp_site,,,,,,
119.61056,-20.84,Western Australia,Pear Creek,camp_site,,,,,,
140.47889,-36.15583,South Australia,Pendleton Farmstay,camp_site,,,,,,
146.07582,-41.11411,,Penguin Lions Park,camp_site,,,,,,
146.76111,-42.09639,Tasmania,Penstock Lagoon,camp_site,,,,,,
145.40116,-20.52168,Queensland,Pentland Caravan Park / Perch in Pentland,camp_site,paid,1,,1,1,
144.66784,-41.04814,Tasmania,Peppermint Campground,camp_site,,,,,,
140.77797,-35.63991,South Australia,Pertendi Hut Campground,camp_site,,,,,,
119.63194,-27.93917,Western Australia,Peter Denny Lookout,camp_site,,,,,,
138.86305,-32.96979,South Australia,Peterborough Rest Area,camp_site,,0,,,,
152.57689,-25.71519,Queensland,Petrie Park,camp_site,,,,,,
116.96749,-30.4242,Western Australia,Petrudor Rock,camp_site,free,1,,,0,
135.22972,-32.75083,South Australia,Pildappa Rock,camp_site,paid,1,,,0,
148.90688,-30.35554,New South Wales,Pilliga Artesian Bore Baths,camp_site,paid,1,,0,1,
148.88497,-30.35257,New South Wales,Pilliga Pub,camp_site,,,,,,
136.8042,-31.25615,South Australia,Pimba Rest Area,camp_site,paid,1,,,1,
141.73389,-30.42194,New South Wales,Pimpara Lake,camp_site,,,,,,
141.55334,-30.19054,New South Wales,Pincally Station,camp_site,,,,,,
151.26,-29.39611,New South Wales,Pindari Dam,camp_site,,1,,,0,
115.48922,-33.59921,Western Australia,Pine Plantation Picnic Area,camp_site,,,,,,
141.07278,-30.69611,New South Wales,Pine View Station,camp_site,,,,,,
140.90972,-35.26278,South Australia,Pinnaroo Caravan Park,camp_site,paid,1,,1,1,
146.86028,-34.92074,New South Wales,Pipers Reserve,camp_site,,,,,,
145.55969,-17.16081,Queensland,Platypus Campground,camp_site,,,,,,
152.69139,-30.18583,New South Wales,Platypus Flat Campground,camp_site,,,,,,
140.75344,-34.21697,South Australia,Plush's Bend,camp_site,,,,,,
135.24444,-34.14972,South Australia,Point Drummond,camp_site,,,,,,
133.17577,-23.80461,Northern Territory,Point Howard Lookout,camp_site,,,,,,
152.97,-31.31333,New South Wales,Point Plomer Campground - Limeburners Creek NR,camp_site,,,,,,
137.35111,-34.93417,,Point Turton Caravan Park,camp_site,,,,,,
134.09361,-32.88083,,Point Westall Camping Area,camp_site,,,,,,
151.42666,-31.95694,New South Wales,Polblue Campground,camp_site,paid,,,,,
140.70383,-27.7589,South Australia,Policeman's Waterhole,camp_site,paid,,,,,
135.55179,-33.13339,South Australia,Polkdinney Park,camp_site,,1,,,0,
152.38056,-27.09722,Queensland,Poll Crandell (B.E.M.) Park,camp_site,,,,,,
152.85778,-26.36,Queensland,Pomona Showgrounds,camp_site,,,,,,
151.25694,-31.46361,New South Wales,Ponderosa Park,camp_site,,,,,,
140.68222,-36.29861,South Australia,Poocher Swamp Rest Area,camp_site,,,,,,
134.82278,-32.71083,South Australia,Poochera Rest Area,camp_site,,0,,,,
140.12106,-34.13869,South Australia,Pooginook Conservation Park,camp_site,free,0,,,,
137.54111,-29.62556,South Australia,Poole Creek,camp_site,,,,,,
141.64329,-33.06765,New South Wales,Popiltah Rest Area,camp_site,free,1,0,,0,
147.23367,-33.92416,New South Wales,Cooinda Park Rest Area,camp_site,,1,,,0,
138.06376,-34.14822,South Australia,Port Arthur Rest Area,camp_site,,,,,,
138.03083,-33.04611,South Australia,Port Germein South Rest Area 2,camp_site,,,,,,
134.72362,-33.20375,South Australia,Port Kenny South (Informal) Rest Area,camp_site,,0,,,,
138.25556,-34.42611,South Australia,Port Parham Foreshore,camp_site,paid,1,,,1,
143.68278,-14.06944,Queensland,Port Stewart Campground,camp_site,,,,,,
137.86372,-34.7792,,Port Vincent Seaside Flats & Caravan Pa,camp_site,,,,,,
144.96403,-35.89578,New South Wales,Porters Creek Picnic Area,camp_site,,,,,,
138.1192,-19.92237,Queensland,Post Office Hotel Motel,caravan_site,,,,,,
144.59995,-20.87052,Queensland,Prairie Hotel,camp_site,paid,0,,,1,
149.90154,-31.45258,New South Wales,Premer Freedom Camp,camp_site,paid,1,,1,1,
137.99667,-34.28722,South Australia,Price Caravan Park,camp_site,,,,,,
122.14417,-17.4875,,Prices Point,camp_site,,,,,,
149.37898,-31.54673,New South Wales,Pumphouse Caravan & Camp Area,camp_site,paid,1,1,1,1,
139.60222,-34.60361,South Australia,Punyelroo Caravan Park,camp_site,,,,,,
136.09862,-26.2845,South Australia,Purni Bore,camp_site,,,,,,
139.61701,-34.85405,South Australia,Purnong Reserve,camp_site,,,,,,
131.83833,-13.80806,Northern Territory,Pussy Cat Flats,camp_site,,,,,,
144.46067,-20.34534,Queensland,Pyramid Campground,camp_site,paid,,,,,
140.80966,-18.2881,Queensland,Qt124,camp_site,,0,,,,
140.90398,-17.96122,Queensland,Qt125,camp_site,,0,,,,
122.16972,-17.59111,Western Australia,Quandong,camp_site,,,,,,
145.70028,-35.92694,New South Wales,Quicks Beach,camp_site,,,,,,
144.45067,-15.5665,Queensland,Quinkan Hotel,camp_site,,,,,,
144.44917,-15.56583,Queensland,Quinkan Remote Community Campground,camp_site,,,,,,
125.29583,-17.91167,Western Australia,Raaf Boab Quarry,camp_site,,,,,,
118.50139,-31.38972,Western Australia,Rabbit Proof Fence Parking Bay,camp_site,,,,,,
152.96028,-31.24917,New South Wales,Racecourse Headland Campground,camp_site,paid,,,,,
146.42353,-41.34422,Tasmania,Railton Motorhome Stop,caravan_site,,,,,,
133.63245,-24.3301,Northern Territory,Rainbow Valley Campground,camp_site,paid,,,,,
143.28694,-12.71361,Queensland,Rainforest Campground,camp_site,,,,,,
139.93056,-34.16472,South Australia,Ramco Point,camp_site,,,,,,
151.61472,-27.02889,Queensland,Rangemore Estate Winery,camp_site,,,,,,
146.26239,-33.84188,New South Wales,Rankins Springs Caravan Park,camp_site,,1,,1,1,
138.19167,-35.52472,,Rapid Bay Camping Area,camp_site,,,,,,
152.17639,-27.35778,Queensland,Ravensbourne Rest Area,camp_site,,,,,,
120.10372,-33.56991,Western Australia,Ravensthorpe East Rest Area,camp_site,,0,,,,
120.04505,-33.58211,Western Australia,Ravensthorpe Rest Area s/c,camp_site,,0,0,0,0,
139.10118,-33.67032,South Australia,Redbanks Conservation Park Mallee campground,camp_site,,,,,,
115.70472,-30.98889,Western Australia,Regans Ford,camp_site,,,,,,
146.83394,-19.75667,Queensland,Reid River Rest Area,camp_site,free,1,0,,0,
130.8493,-21.27773,Northern Territory,Renahans Bore Rest Area,camp_site,,,,,,
133.79617,-18.31928,Northern Territory,Renner Springs Desert Inn,camp_site,,,,,,
134.80389,-29.03556,South Australia,Riba's Underground Camping & Caravan Park,camp_site,,,,,,
139.95056,-34.16361,South Australia,Ricciuto Creek,camp_site,,,,,,
143.14861,-20.73889,Queensland,Richmond Rest Area,camp_site,,1,,,1,
143.14333,-20.72889,Queensland,Richmond Shire RV Park Stopover,camp_site,paid,0,,,,
115.54639,-28.94639,Western Australia,River Bend,camp_site,,,,,,
115.76917,-33.97556,Western Australia,Riverbend Camp At Nannup,camp_site,paid,1,,,1,
146.80028,-42.94722,Tasmania,Rivers Edge Wilderness Camping,camp_site,,,,,,
146.95037,-41.64999,Tasmania,Riverside Park,camp_site,free,,,,,
138.74611,-34.17083,South Australia,Riverton South,camp_site,,,,,,
151.13306,-32.52389,New South Wales,Rix's Creek Rest Area,camp_site,,,,,,
137.04778,-16.46944,Northern Territory,Robinson River Crossing,camp_site,,,,,,
152.07507,-31.7689,New South Wales,Rocks Crossing Reserve,camp_site,,,,,,
138.51889,-34.16778,South Australia,Rocks Reserve,camp_site,,,,,,
150.31725,-30.0349,New South Wales,Rocky Creek Glacial Area,camp_site,free,1,,,0,
117.01173,-34.50902,Western Australia,Rocky Gully Lions Park,camp_site,,,,,,
138.94056,-34.71694,South Australia,Rocky Paddock Campground,camp_site,,,,,,
148.54175,-35.89168,New South Wales,Rocky Plain campground,camp_site,paid,1,,,0,
136.73528,-35.95306,South Australia,Rocky River Camping Area,camp_site,,,,,,
122.59535,-18.0142,Western Australia,Roebuck Plains Rest Area,camp_site,,,,,,
148.78561,-26.55353,Queensland,Roma Bassett Park Showgrounds,camp_site,paid,1,,1,1,
144.93025,-17.34128,Queensland,Rooky's Retreat - For Sale.,camp_site,,,,,,
134.18944,-14.76139,Northern Territory,Roper Valley East Rest Area,camp_site,,,,,,
151.91639,-24.62889,Queensland,Rosedale Royal Hotel & Caravan Park,camp_site,,,,,,
152.779,-30.4259,New South Wales,Thora - Roses Park Rest Area,camp_site,free,1,0,0,0,
152.47639,-27.86194,Queensland,Rosevale Retreat Hotel,camp_site,,,,,,
115.93889,-29.01722,Western Australia,Ross Road Parking Bay,camp_site,,,,,,
140.61056,-37.74806,South Australia,Rotoract Club Parking Area,camp_site,,,,,,
141.51819,-31.93751,New South Wales,Round Hill Rest Area,camp_site,free,1,,,0,
150.66689,-26.72294,Queensland,Round Water Hole Rest Area,camp_site,free,0,,,,
143.77678,-18.31196,Queensland,Routh Creek Rest Area,camp_site,,1,,,0,
120.86378,-30.42625,Western Australia,Rowles Lagoon Conservation Park,camp_site,,,,,,
136.94,-30.54722,South Australia,Roxby Downs,camp_site,,,,,,
119.95028,-22.66944,Western Australia,Roy Hill Rest Area,camp_site,,,,,,
145.87902,-32.8401,New South Wales,Royal Hotel,camp_site,,,,,,
144.76222,-34.93167,New South Wales,Royal Mail Hotel,camp_site,,,,,,
145.44139,-34.46722,New South Wales,Rudds Point Reserve,camp_site,,,,,,
126.70111,-16.04806,Western Australia,Russ Creek,camp_site,,,,,,
133.38281,-22.71938,Northern Territory,Ryan Well Historical Reserve,camp_site,,,,,,
140.64779,-34.25362,South Australia,S.S. Ellen Park,camp_site,,,,,,
129.56181,-15.9571,Northern Territory,Saddle Creek,camp_site,,,,,,
138.79806,-34.04722,South Australia,Saddleworth Park,camp_site,,,,,,
138.77438,-34.09814,South Australia,Saddleworth Rest Area,camp_site,,,,,,
152.525,-32.27333,New South Wales,Sailing Club Picnic Area,camp_site,,,,,,
149.99944,-37.16889,New South Wales,Saltwater Creek,camp_site,,,,,,
152.81784,-27.37005,Queensland,Samford Showground,camp_site,paid,1,,1,1,
146.46306,-34.72111,New South Wales,Sandy Beach Camp,camp_site,,,,,,
147.73948,-35.06838,New South Wales,Sandy Beach Reserve,camp_site,free,1,0,,0,
132.77361,-12.90056,Northern Territory,Sandy Billabong Camping Area,camp_site,,,,,,
114.99786,-30.18439,,Sandy Cape Recreational Park,camp_site,,,,,,
147.33736,-19.57093,Queensland,Sandy Corner Rest Area,camp_site,free,1,,,0,
147.7833,-31.74876,New South Wales,Sandy Creek,camp_site,,0,,,,
144.83559,-34.51468,New South Wales,Sandy Point Reserve,camp_site,free,1,,,0,
131.2312,-25.22183,Northern Territory,Sandy Way Rest Area,camp_site,,,,,,
127.82056,-18.425,Western Australia,Sawtooth Gorge,camp_site,,,,,,
121.7233,-33.44183,Western Australia,Scaddan Pioneer Park,camp_site,,1,,,0,
148.22694,-41.43722,Tasmania,Trout Creek Camping Area,camp_site,,,,,,
134.19691,-33.016,South Australia,Sceale Bay Bush Camping,camp_site,,,,,,
129.13092,-31.6595,South Australia,13k Peg Rest Area,camp_site,,0,,,,
128.30569,-16.25771,Western Australia,Scenic Lookout Parking Area,camp_site,,,,,,
145.61083,-17.14833,Queensland,School Point Campground,camp_site,,,,,,
149.31531,-30.60355,New South Wales,Schwagers Bore Picnic Area,camp_site,,,,,,
140.38417,-27.66056,South Australia,Scrubby Camp,camp_site,,,,,,
123.33439,-33.91431,Western Australia,Seal Creek Campground,camp_site,,,,,,
142.36806,-10.8475,Queensland,Seisia Holiday Park,camp_site,,,,,,
132.91556,-23.75028,Northern Territory,Serpentine Chalet Bush Camping,camp_site,,,,,,
152.24279,-24.88369,Queensland,Sharon Nature Park,camp_site,,,,,,
151.1962,-31.49887,New South Wales,Sheba Dams Reserve,camp_site,,1,,,0,
117.62944,-35.10889,Western Australia,Shelley Beach Camping Area,camp_site,paid,1,,,0,
148.27336,-41.43418,,Shelley Point,camp_site,,,,,,
137.70222,-35.13861,South Australia,Wattle Point Camp Ground,camp_site,,,,,,
135.26408,-33.91127,South Australia,Sheringa South Rest Area,camp_site,,,,,,
117.6128,-20.9446,Western Australia,Sherlock River,camp_site,,,,,,
146.97972,-43.15861,,Shipwrights Point Regatta Ground,camp_site,,,,,,
125.24826,-17.06682,Western Australia,Silent Grove Camping Area,camp_site,,1,0,0,1,
147.10911,-42.09479,Tasmania,Silver Plains Campground,camp_site,,,,,,
152.35982,-26.97608,Queensland,Simeon Lord Park,camp_site,,,,,,
139.47148,-24.35635,Queensland,Simpson Desert Oasis Roadhouse,camp_site,,1,,1,1,
152.6969,-26.23211,Queensland,Six Mile Creek Rest Area,camp_site,,,,,,
140.685,-27.76444,South Australia,Ski Beach,camp_site,paid,,,,,
145.67444,-35.91667,New South Wales,Ski Beach,camp_site,,,,,,
145.12028,-40.83885,Tasmania,Smithton Esplanade,camp_site,free,1,,,0,
138.21005,-33.74646,South Australia,Snowtown (North) Rest Area,camp_site,,,,,,
138.21624,-33.77833,South Australia,Snowtown Centenary Park Caravan Park -,camp_site,,,,,,
152.55084,-27.12134,Queensland,Somerset Park Campground,camp_site,,,,,,
146.625,-26.41417,Queensland,Sommariva Rest Area,camp_site,free,1,,,0,
151.78992,-26.5866,Queensland,Soren Hansen Bridge,camp_site,,,,,,
136.87721,-20.0738,Northern Territory,Soudan Bore Rest Area,camp_site,,,,,,
147.42806,-43.02944,Tasmania,South Arm Rsl,camp_site,,,,,,
135.45599,-15.80889,Northern Territory,Southern Lost City,camp_site,,,,,,
138.89472,-33.61361,South Australia,Spalding Junction Rest Area,camp_site,,,,,,
134.12917,-32.93083,,Speeds Point,camp_site,,,,,,
146.16333,-41.35139,Tasmania,Spellmans Reserve Campsite,camp_site,,,,,,
151.99111,-27.95,Queensland,Spring Creek Caravan Park,camp_site,,1,,1,1,
150.04549,-32.24266,New South Wales,Spring Gully Camping Area,camp_site,free,,,,,
142.68583,-31.72306,New South Wales,Spring Hills Rest Area,camp_site,free,1,0,,0,
150.49528,-31.29864,New South Wales,Square Bush Rest Area,camp_site,free,0,,,,
148.57028,-28.04417,Queensland,River Gum Tourist Park,camp_site,,,,,,
148.84389,-20.84111,,St Helens Camping Reserve,camp_site,,,,,,
138.53422,-34.74315,South Australia,St Kilda Boat Ramp Car Park,camp_site,paid,1,1,0,0,
149.52022,-22.35075,Queensland,St Lawrence Recreational Reserve,camp_site,paid,1,0,0,1,
148.18432,-41.58477,Tasmania,St Marys Sportsground & Golf Course,camp_site,,,,,,
148.20271,-24.21591,Queensland,Staircase Range Lookout,camp_site,free,0,,,,
150.03313,-22.1359,Queensland,Stanage Bay Camping Area,camp_site,,,,,,
152.78722,-26.03694,Queensland,Standown Park,camp_site,,,,,,
121.66605,-19.04321,Western Australia,Stanley Rest Area,camp_site,,,,,,
137.79667,-34.90389,,Stansbury Boat Ramp,camp_site,,,,,,
147.85361,-43.13722,Tasmania,Stewarts Bay State Reserve,camp_site,,,,,,
151.30831,-32.00329,New South Wales,Stewarts Brook Recreation Reserve,camp_site,,,,,,
115.89472,-27.34444,Western Australia,Stock Well 9,camp_site,,,,,,
116.22861,-33.38472,Western Australia,Stockton Lake Recreation Area,camp_site,,,,,,
145.78948,-19.51301,Queensland,Stockyard Creek,camp_site,,0,,,,
139.81722,-34.26111,South Australia,Stockyard Plain Disposal Basin Reserve,camp_site,,,,,,
139.80583,-34.26528,South Australia,Stockyard Plain Rest Area,camp_site,,,,,,
137.20653,-35.62489,South Australia,Stokes Bay Camp Site,camp_site,,,,,,
143.28671,-24.35493,Queensland,Stonehenge Caravan Park,camp_site,paid,1,,1,1,
147.65388,-33.37197,New South Wales,Straneys Bridge,camp_site,free,0,,,,
136.57345,-29.15446,South Australia,Strangways Siding,camp_site,,,,,,
138.88639,-35.25924,South Australia,Strathalbyn Caravan Park,camp_site,,,,,,
134.45516,-32.93245,South Australia,Streaky Bay South Rest Area,camp_site,,0,,,,
152.08623,-32.29058,New South Wales,Strike A Light Campground,camp_site,,,,,,
148.22194,-40.87111,Tasmania,Stumpys Bay Campground 1,camp_site,paid,1,,,,
117.60127,-34.5348,Western Australia,Sturdee Road Rest Area,camp_site,,,,,,
137.40287,-35.10821,South Australia,Sturt Bay Camping Reserve,camp_site,,,,,,
127.69361,-19.56,Western Australia,Sturt Creek,camp_site,,,,,,
139.28611,-35.12222,South Australia,Sturt Reserve,camp_site,,,,,,
145.95833,-34.55917,New South Wales,Swaggies Beach Camp,camp_site,,,,,,
151.43547,-29.77171,New South Wales,Swan Brook Rest Area,camp_site,,1,,,0,
139.59619,-34.56781,South Australia,Swan Reach Caravan Park,camp_site,paid,1,,1,1,
139.47889,-34.57472,South Australia,Swan Reach Conservation Park,camp_site,,,,,,
143.26895,-24.58583,Queensland,Swan Vale Rest Area,camp_site,free,1,,,0,
152.685,-25.98972,Queensland,Sweet Water Hill Winery,camp_site,,,,,,
136.97056,-34.97083,,Swincers Rocks,camp_site,,,,,,
148.68699,-35.16312,New South Wales,Swinging Bridge Reserve,camp_site,,1,,,0,
140.70228,-34.20633,South Australia,T M Price Rotary Park,camp_site,,,,,,
133.41667,-22.13139,Northern Territory,Ti Tree Roadhouse,camp_site,paid,1,,1,,
146.73135,-43.09504,Tasmania,Tahune Forest Reserve,camp_site,,,,,,
139.43083,-35.30444,South Australia,Tailem Bend South Rest Area,camp_site,,,,,,
134.78583,-33.31667,South Australia,Talia Caves,camp_site,free,0,,,,
139.04278,-34.77611,South Australia,Talunga Park Caravan Park,camp_site,,,,,,
149.46833,-28.48706,Queensland,Talwood Sports Ground,camp_site,paid,1,,1,1,
146.24778,-24.885,Queensland,Tambo Cabin & Caravan Park,camp_site,paid,1,,1,1,
146.1054,-24.75073,Queensland,Tambo North Rest Area,camp_site,,1,,,0,
150.85056,-31.07778,New South Wales,Tamworth Airport Rest Area,camp_site,,1,,,,
147.97935,-32.03664,New South Wales,Tandara Caravan Park,camp_site,,,,,,
140.45561,-37.69627,South Australia,Tantanoola Rest Area,camp_site,,0,0,0,0,
149.82463,-34.40381,New South Wales,Taralga Showgrounds,camp_site,paid,1,,1,1,
133.38089,-26.89654,South Australia,Tarcoonyinna Rest Area,camp_site,,,,,,
138.76444,-34.27083,South Australia,Tarlee Rest Area,camp_site,,0,0,0,0,
149.79028,-25.63833,Queensland,Taroom Caravan & Tourist Park,camp_site,paid,1,,1,1,
140.7966,-37.62673,South Australia,Tarpeena Rest Area,camp_site,,,,,,
147.74669,-43.1083,Tasmania,Tasman Rsl Club Nubeena !!only self contained!!,camp_site,,,,,,
150.88806,-32.16083,New South Wales,Taylor Park,camp_site,,,,,,
152.71611,-30.76778,New South Wales,Taylors Arm Reserve,camp_site,paid,,,,,
135.19583,-32.84722,South Australia,Tcharkuldu Rock - West,camp_site,,0,,,,
140.64689,-34.24235,South Australia,Tea Tree Campground,camp_site,,,,,,
138.55008,-31.33824,South Australia,Teamsters Campground,camp_site,,,,,,
145.46944,-16.53917,Queensland,Teamsters Memorial Park,camp_site,,,,,,
151.05611,-31.55667,New South Wales,Teamsters Rest Campground,camp_site,,,,,,
149.39508,-29.56258,New South Wales,Telleraga Rest Area,camp_site,,,,,,
140.21639,-19.98694,Queensland,Telstra Tower Layby,camp_site,,0,,,,
147.52162,-34.43975,New South Wales,Temora Showgrounds,camp_site,paid,1,1,1,1,0
143.02833,-25.60611,Queensland,Tenham Rest Area,camp_site,free,1,,,0,
115.36139,-28.61139,Western Australia,Tenindewa Pioneer Well,camp_site,,,,,,
152.0208,-29.07125,New South Wales,Tenterfield Rest Area,camp_site,,,,,,
138.92162,-33.15014,South Australia,Terowie Railway Yard,camp_site,free,0,,,,
140.22726,-20.08028,Queensland,Terry Smith Lookout,camp_site,,1,,,0,
141.12781,-32.04575,New South Wales,Thackaringa Rest Area,camp_site,free,1,,,0,
148.86598,-28.63293,Queensland,Thallon Recreation Ground - Free,camp_site,free,1,,0,1,
137.50139,-34.25278,South Australia,The Bamboos Campground,camp_site,,,,,,
143.19389,-13.92417,Queensland,The Bend,camp_site,,,,,,
124.23427,-17.82408,Western Australia,The Boab Rest Area,camp_site,,,,,,
151.735,-24.25306,Queensland,The Bradley Wolf Braeve Heart Retreat -,camp_site,,,,,,
120.26303,-32.27796,Western Australia,The Breakaways,camp_site,,,,,,
144.56833,-22.66083,Queensland,The Broadwater,camp_site,,,,,,
119.53384,-32.41565,Western Australia,The Forrestania Plots,camp_site,,,,,,
137.50167,-34.23417,South Australia,The Gap Campground,camp_site,,,,,,
152.55444,-28.01028,Queensland,The Gorge Campground,camp_site,paid,,,,,
139.85472,-36.65778,South Australia,The Granites,camp_site,,0,0,0,0,
151.94722,-28.54917,Queensland,The Happy Apple Caravan Park,camp_site,paid,,,,,
149.23917,-33.16944,New South Wales,The Junction Campground,camp_site,,,,,,
136.84286,-33.79892,,The Knob Campsite,camp_site,paid,0,,,,
124.78375,-17.93143,Western Australia,The Lake (Ellendale),camp_site,,,,,,
151.09258,-27.35366,Queensland,Lake Broadwater Campground,camp_site,paid,1,,0,1,
148.285,-35.4475,New South Wales,The Pines Campground,camp_site,free,1,,,0,
150.5975,-30.11083,New South Wales,The Ponds Camp,camp_site,,0,,,0,
148.8108,-21.47987,Queensland,The Retreat Hotel Rest Area,camp_site,free,0,,,0,
149.38,-33.43222,New South Wales,Vittoria / The Rocks Rest Area,camp_site,,1,,,0,
147.52083,-35.1125,New South Wales,The Shanty Reserve,camp_site,,,,,,
116.10897,-32.80439,Western Australia,Stringers,camp_site,paid,1,,,,
141.48306,-29.65472,New South Wales,Theldarpa Station,camp_site,,,,,,
115.05877,-30.50913,Western Australia,Thirsty Point Reserve,camp_site,,,,,,
152.37423,-27.79807,Queensland,Thornton Centenary Park,camp_site,,,,,,
148.44889,-35.88833,New South Wales,Three Mile Dam Campground,camp_site,free,1,,,0,
114.95139,-21.76222,Western Australia,Three Mile Pool,camp_site,,,,,,
151.72944,-29.62,New South Wales,Three Waters High Country Holidays,camp_site,,,,,,
152.3875,-30.50056,New South Wales,Thungutti Camping Area,camp_site,paid,1,,,1,
145.65083,-42.14361,Tasmania,Thureau Hills Camping Area,camp_site,,,,,0,
152.58438,-25.72864,Queensland,Tiaro Memorial Park,camp_site,,,,,,
137.73061,-33.75771,South Australia,Tickera North,camp_site,,,,,,
132.59821,-22.80912,Northern Territory,Tilmouth Well Roadhouse,camp_site,,,,,,
144.45806,-30.91944,New South Wales,Tilpa Weir,camp_site,,,,,,
130.48068,-15.661,Northern Territory,Timber Creek Caravan Park,camp_site,,,,,,
140.12417,-35.93806,South Australia,Tintinara South Rest Area,camp_site,,,,,,
137.49889,-34.28611,South Australia,Tiparra Rocks,camp_site,,,,,,
151.99538,-26.68043,Queensland,Tipperary Flat Park,camp_site,,1,1,0,0,
139.01694,-26.995,South Australia,Tippipila Creek Bush Camp,camp_site,,,,,,
124.57388,-27.15466,Western Australia,Tjukayirla Roadhouse,camp_site,paid,1,,,1,
149.08278,-27.03444,Queensland,Toalki Rest Area,camp_site,,1,,,,
151.08741,-25.37657,Queensland,Tolderodden Campground,camp_site,paid,1,0,,0,
139.14861,-35.37528,South Australia,Tolderol Game Reserve,camp_site,,,,,,
148.27849,-32.52189,New South Wales,North of Tomingly Creek Rest Area,camp_site,,0,,,,
148.22034,-32.59424,New South Wales,Tomingley South Rest Area,camp_site,free,1,,,,
145.61575,-35.57328,New South Wales,Tongaboo Rest Area - Southbound,camp_site,free,0,,,,
145.61001,-35.57682,New South Wales,Tongaboo Rest Area - Northbound,camp_site,free,0,,,,
145.63861,-34.47139,New South Wales,Tonganmain Reserve,camp_site,,,,,,
149.87144,-28.41678,Queensland,Toobeah Park Rest Area - SC Only 20Hrs,camp_site,,1,,,,
152.37972,-27.09306,Queensland,Toogoolawah Lions Park,camp_site,,,,,,
149.78861,-29.87444,New South Wales,Tookey Creek Rest Area,camp_site,,1,,,0,
152.52669,-28.51246,New South Wales,Tooloom Falls Campground,camp_site,paid,1,0,0,0,
148.93834,-27.96853,Queensland,Toorumbee Rest Area,camp_site,,1,1,,0,
148.20333,-40.84278,Tasmania,Top Camp Campground,camp_site,paid,1,,,0,
131.79694,-16.54333,Northern Territory,Top Springs Roadhouse Caravan Park,camp_site,,,,,,
151.69667,-29.31083,New South Wales,Torrington Caravan Park,camp_site,,,,,,
140.09667,-18.1525,Queensland,Tower Layby,camp_site,,,,,,
145.55955,-35.81819,New South Wales,Tocumwal Town Beach Primitive Camping Area,camp_site,,,,,,
135.21944,-15.03611,Northern Territory,Towns River,camp_site,paid,1,,,,
147.99758,-36.12358,,Towong Reserve,camp_site,free,,,,,
134.11306,-32.87028,,Tractor Beach,camp_site,,,,,,
117.79361,-31.11136,Western Australia,Trayning Caravan Park,camp_site,paid,1,,1,1,
138.62373,-31.33242,South Australia,Trezona Campground,camp_site,,,,,,
153.07111,-30.87806,New South Wales,Trial Bay Campground,camp_site,paid,,,,,
138.215,-35.64972,South Australia,Trig Campground,camp_site,,,,,,
116.59833,-33.67417,Western Australia,Trigwell Bridge,camp_site,,,,,,
144.94278,-30.63889,New South Wales,Trilby Station,camp_site,,,,,,
133.83263,-23.4418,Northern Territory,Tropic of Capricorn Rest Area,camp_site,free,1,,,0,
137.64462,-35.16608,South Australia,Troubridge Hill Camping Reserve,camp_site,,,,,,
147.70038,-32.92484,New South Wales,Trundle Showgrounds,camp_site,paid,1,,1,1,
149.32509,-33.81737,New South Wales,Trunkey Creek Showground,camp_site,paid,1,,1,1,
139.13583,-34.40833,South Australia,Truro Rest Area,camp_site,,0,,,,
149.32692,-34.01489,New South Wales,Tuena Recreation Camping Reserve,camp_site,paid,1,,1,1,
145.61694,-41.73722,Tasmania,Tullah Lakeside Park,camp_site,,,,,,
147.56979,-32.62748,New South Wales,Tullamore Showgrounds,camp_site,paid,1,,1,1,
146.7268,-33.42083,New South Wales,Tullibigeal Pioneer Park,camp_site,free,1,,1,1,
143.05278,-33.94556,New South Wales,Turlee Station Stay,camp_site,,,,,,
149.81028,-29.59972,New South Wales,Tycannah Rest Area,camp_site,,0,,,,
149.76472,-32.04528,New South Wales,Uarbry Hall,camp_site,,,,,,
139.71806,-22.59833,Queensland,Upper Limestone Creek,camp_site,,,,,,
152.54889,-28.46833,New South Wales,Urbenville Forest Park,camp_site,free,1,,,0,
116.24206,-31.58747,Western Australia,Valley Campground,camp_site,,,,,,
134.67278,-33.23194,,Venus Bay Wharf,camp_site,,,,,,
131.12809,-15.61689,Northern Territory,Victoria River Roadhouse,camp_site,,,,,,
152.32694,-32.47111,New South Wales,Violet Hill Campground,camp_site,,,,,,
148.09649,-24.09366,Queensland,Virgin Rock / Lions Park Rest Area,camp_site,free,1,,,0,
115.50194,-30.49944,Western Australia,Waddi Farm Resort,camp_site,,,,,,
117.33472,-33.31083,Western Australia,Wagin Caravan Park,camp_site,paid,1,,1,1,
138.50074,-35.62813,South Australia,Waitpinga Campground,camp_site,,,,,,
143.47806,-34.94639,New South Wales,Wakool River,camp_site,,0,,,,
140.49639,-20.71611,Queensland,Wal's Camp,camp_site,,,,,,
128.30061,-17.52232,Western Australia,Walardi Campground - Sites 1-26,camp_site,,1,0,0,0,
141.28977,-21.27261,Queensland,Walkabout Hotel,camp_site,paid,,,,,
139.56186,-34.75215,South Australia,Walker Flat Boat Ramp Reserve,camp_site,,,,,,
134.85649,-33.5607,,Walkers Rocks Campground,camp_site,paid,1,,,1,
150.832,-31.53626,New South Wales,Wallabadah Freedom Camp,camp_site,paid,1,,0,1,
147.44868,-34.95941,New South Wales,Wallacetown Rest Area,camp_site,,,,,,
147.10317,-33.20905,New South Wales,Wallaroi Creek Rest Area,camp_site,,,,,,
137.62167,-33.93444,South Australia,Wallaroo Truck Marshalling Area,camp_site,,,,,,
151.19583,-24.13806,Queensland,Wallum Reserve,camp_site,,,,,,
152.23048,-25.05895,Queensland,Wallum Reserve,camp_site,,,,,,
149.22389,-26.92083,Queensland,Wallumbilla Creek,camp_site,,,,,,
149.17979,-26.58712,Queensland,Wallumbilla Showgrounds,camp_site,paid,1,,,1,
151.27417,-27.87222,Queensland,Walpole Park,camp_site,,,,,,
116.67472,-32.68417,Western Australia,Wandering Caravan Park,camp_site,,,,,,
115.63139,-27.98611,Western Australia,Wandina Station Stay,camp_site,,,,,,
144.80722,-35.2175,New South Wales,Wanganella Weir,camp_site,,,,,,
135.47094,-34.51156,South Australia,Wangary Rest Area,camp_site,,,,,,
130.68022,-13.16324,Northern Territory,Wangi Falls Campground,camp_site,paid,,,,,
116.05804,-31.16446,Western Australia,Robert Hindmarsh (Wannamal) Rest Area,camp_site,,1,,,0,
128.30247,-25.04357,Western Australia,Warakurna Roadhouse,camp_site,paid,1,,,1,
145.53125,-41.44499,Tasmania,Waratah Camping Ground,camp_site,,1,,,1,
126.56806,-26.13196,Western Australia,Warburton Rest Area,camp_site,paid,1,,,1,
146.09942,-26.49207,Queensland,Ward River,camp_site,free,0,,,,
133.11478,-15.23632,Northern Territory,Warloch Rest Area,camp_site,,,,,,
137.39813,-34.99233,South Australia,Warooka Caravan & Camping Ground,camp_site,,,,,,
137.40132,-34.99139,South Australia,Warooka Rest Area,camp_site,free,,,,,
150.91585,-30.56856,New South Wales,Warrabah Camping Area,camp_site,,,,,,
138.63667,-30.76778,South Australia,Warraweena Conservation Park,camp_site,,,,,,
152.61272,-27.56588,Queensland,Warrego Wines,camp_site,,,,,,
138.00747,-32.18262,South Australia,Warren Gorge,camp_site,,,,,,
147.85783,-31.66712,New South Wales,Warren North Rest Area,camp_site,free,0,,,,
135.82833,-28.19389,South Australia,Warrina Siding,camp_site,,,,,,
148.74111,-27.64278,Queensland,Warroo Bridge,camp_site,,,,,,
135.4224,-34.26595,South Australia,Warrow North Rest Area,camp_site,,,,,,
149.16667,-31.26889,New South Wales,The Warrumbungles Bushland Retreat,camp_site,,,,,,
114.66707,-27.41425,Western Australia,200 Mile Tank Rest Area,camp_site,,,,,,
150.67222,-22.83556,Queensland,Waterpark Creek Campground,camp_site,,,,,,
133.27491,-31.94079,South Australia,Watraba Parking Area,camp_site,,0,,,,
149.70884,-33.17659,New South Wales,Wattle Flat Racecourse,camp_site,paid,1,0,,0,
137.50778,-34.58778,South Australia,Wauraltee Beach,camp_site,,,,,,
149.47564,-22.43925,Queensland,Waverley Creek Rest Area,camp_site,,,,,,
140.09263,-32.39901,South Australia,Wawirra Creek,camp_site,,0,,,,
134.32833,-33.08778,South Australia,Wedina Well Campground,camp_site,,,,,,
149.44923,-30.21722,New South Wales,Wee Waa Showground,camp_site,paid,1,,1,1,
149.05536,-28.35843,Queensland,Weengallon Rest Area,camp_site,,1,,,,
139.25917,-30.49694,South Australia,Weetootla Gorge Campground,camp_site,,,,,,
141.86072,-12.63848,Queensland,Weipa Camping Ground & Fishing Lodge -,camp_site,,,,,,
115.98111,-33.31944,Western Australia,Wellington Dam Road Rest Area,camp_site,,,,,,
151.14333,-29.36222,New South Wales,Wells Crossing,camp_site,free,0,,,0,
152.07667,-30.84389,New South Wales,West Kunderang Wilderness Retreat,camp_site,,,,,,
152.65417,-28.90056,New South Wales,Sandilands Rest Area,camp_site,,1,,,0,
147.21389,-33.93833,New South Wales,West Wyalong Showgrounds,camp_site,,,,,,
150.15629,-23.62189,Queensland,Westwood Rest Area,camp_site,,,,,,
113.6406,-26.12939,Western Australia,Whalebone Bay,camp_site,,,,,,
135.68902,-34.91095,South Australia,Whaling Station,camp_site,,,,,,
151.77778,-32.59083,New South Wales,Wharf Reserve,camp_site,,,,,,
136.16306,-33.93083,South Australia,Wharminda Soaks Picnic Area,camp_site,,,,,,
152.98896,-29.28286,New South Wales,Whiporie General Store,camp_site,paid,1,,0,0,
134.77944,-20.63639,Northern Territory,Whistleduck Creek,camp_site,,,,,,
143.08972,-30.84944,New South Wales,White Cliffs Opal Pioneer Tourist Park,camp_site,paid,1,,1,1,
116.94563,-29.8361,Western Australia,White Wells,camp_site,,,,,,
146.21099,-34.62297,New South Wales,Whitton Beach Camp,camp_site,,,,,,
115.62068,-31.37247,Western Australia,Wilbinga Grove,camp_site,free,0,,,,
145.38889,-17.3675,Queensland,Wild River Caravan Park,camp_site,paid,1,,1,1,
151.09764,-27.33363,Queensland,Wilga Bush Campground,camp_site,paid,1,,0,0,
140.60306,-27.75667,South Australia,Will's Grave,camp_site,,,,,,
140.35043,-36.39157,South Australia,Willalooka Roadhouse Rest Area,camp_site,,,1,,,
145.11806,-33.19333,New South Wales,Willandra Campground,camp_site,,,,,,
138.83139,-32.98444,South Australia,Willangi Bush Escapes,camp_site,,,,,,
123.65417,-17.72639,Western Australia,Willare Bridge Roadhouse Caravan Park,camp_site,,,,,,
134.82222,-29.03417,South Australia,William Creek Road,camp_site,,,,,,
151.7829,-32.58279,New South Wales,Williams River Caravan Park,camp_site,paid,1,,1,1,
122.21111,-17.75917,Western Australia,Willie Creek,camp_site,,,,,,
147.48447,-30.90445,New South Wales,Willie Retreat Macquarie Marshes,camp_site,,,,,,
146.03194,-34.28778,New South Wales,Willow Park,camp_site,,,,,,
138.75889,-31.44889,South Australia,Willow Springs Station,camp_site,,,,,,
138.61049,-31.90052,South Australia,Willow Waters Bush Camping,camp_site,,,,,,
115.64889,-28.63972,Western Australia,Wilroy Nature Reserve,camp_site,,,,,,
147.59429,-19.83469,Queensland,Wilson Creek Rest Area,camp_site,free,0,,,,
142.59056,-27.82111,Queensland,Wilson River Reserve Camp,camp_site,paid,1,,,1,
144.79639,-26.63767,Queensland,Winbin East Rest Area,camp_site,free,1,,,0,
114.89259,-28.90258,Western Australia,Wind Farm Lookout Parking Area,camp_site,,,,,,
118.52474,-28.02764,Western Australia,Windsor Rest Area,camp_site,,,,,,
148.19444,-30.46806,New South Wales,Wingadee Rest Area,camp_site,,1,,,0,
146.04583,-41.26304,Tasmania,Wings Wildlife Park Accommodation,camp_site,paid,1,,1,1,
139.65519,-32.54422,South Australia,Winnininnie Creek,camp_site,,0,,,,
148.69639,-20.96306,Queensland,Wintermoon Way Camping Oasis,camp_site,paid,1,,,1,
140.80139,-37.04278,South Australia,Wirreandi Campground Naracoorte,caravan_site,,,,,,
134.44222,-32.41139,South Australia,Wirrulla West Rest Area,camp_site,,0,,,,
134.59094,-33.09333,South Australia,Witera Rest Area,camp_site,free,0,,,,
133.74453,-32.2011,South Australia,Wittelbee Conservation Park,camp_site,paid,,,,,
117.68222,-28.38361,Western Australia,Wogarno Station,camp_site,,,,,,
152.0443,-30.51182,New South Wales,Wollomombi Rest Area,camp_site,free,1,0,0,0,
150.06702,-34.30615,New South Wales,Wollondilly River Station,camp_site,paid,,,,,
148.03082,-26.77222,Queensland,Womallilla Creek,camp_site,free,0,,,,
136.15639,-19.8425,Northern Territory,Wonarah Bore,camp_site,free,,,,,
151.86606,-26.28798,Queensland,Wondai North Rest Area,camp_site,,,,,,
145.41492,-16.34665,Queensland,Wonga Beach Caravan and Camping Park,camp_site,,,,,,
152.54361,-25.4375,Queensland,Wongi Waterholes Camping Area,camp_site,,,,,,
148.05431,-27.2664,Queensland,Woodlands Rest Area,camp_site,free,0,,,,
118.02932,-34.52551,Western Australia,Woogenilup North Rest Area,camp_site,,0,,,,
151.34722,-30.96528,New South Wales,Woolbrook Rest Area,camp_site,free,1,,,0,
116.16,-27.08722,Western Australia,Wooleen Station,camp_site,,,,,,
137.96861,-32.4625,South Australia,Woolshed Flat Rest Area,camp_site,,,,,,
124.10461,-32.43757,Western Australia,Woorlba Homestead Rest Area,camp_site,,1,,,0,
151.81573,-26.41133,Queensland,Dalton Park / Wooroolin Rest Area,camp_site,free,1,,,1,
116.63103,-30.10692,Western Australia,Wubin Rest Area,camp_site,,1,,,0,
116.67565,-30.06453,Western Australia,Wubin Rocks,camp_site,,0,,,,
135.50094,-33.08485,South Australia,Wudinna East Rest Area,camp_site,,0,,,,
128.37917,-15.95361,Western Australia,Wuggubun Aboriginal Community Campground,camp_site,,,,,,
136.61861,-19.98222,Northern Territory,Wunara Store Rest Area,camp_site,,,,,,
139.26462,-20.37303,Queensland,World War 2 Rest Area,camp_site,,1,,,0,
117.38111,-31.18361,Western Australia,Wyalkatchem Caravan Park,camp_site,,,,,,
148.95499,-33.96307,New South Wales,Reflections Wyangala Waters - Holiday Park,camp_site,paid,,,,,
148.2675,-35.51083,New South Wales,Yachting Point,camp_site,free,1,0,0,0,
148.75446,-31.60744,New South Wales,Bulga Creek Rest Area,camp_site,,0,,,,
146.82898,-33.84495,New South Wales,Yalgogrin Rest Area,camp_site,free,0,,,0,
151.99444,-26.305,Queensland,Yallakool Tourist Park,camp_site,,,,,,
135.88084,-34.34907,South Australia,Yallunda Flat Showgrounds,camp_site,paid,1,,0,0,
152.5664,-26.78473,Queensland,Yandilla Station Camping & Farmstay,camp_site,,,,,,
144.29694,-34.47778,New South Wales,Yang Yang (Maude) Campspot,camp_site,,0,,,0,
135.24003,-32.93194,South Australia,Yaninee Rest Area,camp_site,,,,,,
145.77219,-35.14651,New South Wales,Yanko Creek Rest Area,camp_site,,0,,,,
134.67255,-32.55331,South Australia,Yantanabie South Rest Area,camp_site,,0,,,,
127.22434,-25.61016,Western Australia,Yarla Kutjarra Rest Area,camp_site,,,,,,
116.12469,-32.80496,Western Australia,Yarragil Campground,camp_site,paid,1,,,0,
149.51806,-30.36861,New South Wales,Yarrie Lake,camp_site,,,,,,
147.72004,-42.60661,Tasmania,Ye Olde Buckland Inn,camp_site,,,,,,
150.75681,-28.57596,Queensland,Yelarbon Recreation Ground,camp_site,paid,1,1,,1,
136.54358,-33.69303,South Australia,Yeldnuckie Weir,camp_site,paid,1,,,0,
140.50583,-28.99667,South Australia,Yellow Bus Camp,camp_site,,,,,,
149.81222,-36.85111,New South Wales,Yellow Pinch Dam,camp_site,,,,,,
148.64493,-32.74242,New South Wales,Yeoval Caravan Rest,camp_site,paid,,0,1,,
120.62715,-31.13869,Western Australia,Yerdani Well,camp_site,,0,,,,
150.77822,-28.90134,New South Wales,Yetman Caravan Park,camp_site,paid,1,1,1,1,
148.29528,-35.53833,New South Wales,Yolde Campground,camp_site,free,1,,,0,
137.61039,-35.02031,South Australia,Yorketown Community Caravan Park,camp_site,,,,,,
138.65583,-31.33083,South Australia,Youngoona Campground,camp_site,,,,,,
132.1025,-22.46667,Northern Territory,Yuelamu Roadside Stop,camp_site,,,,,,
115.00444,-28.32667,Western Australia,Yuna Hall,camp_site,,,,,,
139.56876,-32.57841,South Australia,Yunta Recreation Ground,camp_site,,0,,,,
134.84966,-19.32173,Northern Territory,41 Mile Bore,camp_site,,,,,,
116.34731,-20.84045,,40 Mile,camp_site,,,,,,
144.50869,-23.65606,Queensland,12 Mile Dam Rest Area,camp_site,free,1,0,,0,
152.99833,-25.96667,Queensland,,camp_site,,,,,,
135.41085,-26.46066,South Australia,3 O'Clock Creek Campsite,camp_site,,,,,,
151.85611,-29.45444,New South Wales,,camp_site,,,,,,
151.28226,-29.68466,New South Wales,7 Oaks,camp_site,,,,,,
149.99861,-31.06278,New South Wales,150 Meridian Rest Area,camp_site,free,0,,,,
139.60028,-34.56194,South Australia,,camp_site,,,,,,
147.20215,-42.53172,Tasmania,Kempton Roadside Rest Area,caravan_site,free,1,,1,1,
140.73675,-35.09053,South Australia,Karte,camp_site,,,,,,
148.50376,-21.40954,Queensland,Moonlight Dam Camping Area,camp_site,,,,,,
148.6918,-21.68379,Queensland,Via Ampol Nebo,caravan_site,,,,,,
115.01703,-33.85785,Western Australia,Gracetown Caravan Park,caravan_site,,,,,,
152.75773,-30.06993,New South Wales,Junction Camping Grounds,camp_site,,,,,,
139.97888,-20.78363,Queensland,Mary Kathleen Caravan Park,caravan_site,,,,,,
118.40559,-34.88402,Western Australia,,caravan_site,,,,,,
152.9769,-25.52062,Queensland,Buff Creek,camp_site,,0,,,,
153.03003,-25.78607,,Cooloolio Creek,camp_site,,0,,,,
152.98739,-25.51324,Queensland,Deep Creek,camp_site,,0,,,,
153.28278,-25.16526,Queensland,Dundubara Camping Area,camp_site,,,,,,
152.97497,-25.63115,Queensland,Garry's Anchorage,camp_site,,0,,,,
153.08475,-25.74884,Queensland,Garulim Camping Area,camp_site,,0,,,,
153.06468,-25.68014,Queensland,Hiker's Camp,camp_site,,,,,,
152.99009,-25.71425,,Snout Point,camp_site,,0,,,,
153.2565,-25.21864,Queensland,Cathedral Beach,camp_site,,,,,,
153.24568,-25.24578,Queensland,,camp_site,,,,,,
152.97855,-25.65795,Queensland,,camp_site,,0,,,,
146.9319,-37.33886,Victoria,,camp_site,,,,,,
147.15584,-37.34389,Victoria,Grant Township Camping Area,camp_site,,,,,,
146.42588,-37.30506,Victoria,,camp_site,,,,,,
146.95375,-37.50172,Victoria,,camp_site,,,,,,
147.04409,-37.61264,Victoria,,camp_site,,,,,,
147.03031,-37.6166,Victoria,,camp_site,,,,,,
147.1683,-37.40619,Victoria,,camp_site,,,,,,
146.99155,-37.06549,Victoria,Mt Murray Campsite,camp_site,,,,,,1
146.60338,-36.89222,Victoria,,camp_site,,,,,,
146.79806,-36.98626,Victoria,,camp_site,,,,,,
146.98296,-37.18907,Victoria,,camp_site,,,,,,
145.85951,-41.57839,Tasmania,Fourways,camp_site,,,,,,1
145.86996,-41.59146,Tasmania,Pandani Grove,camp_site,,,,,,1
146.67367,-37.20687,Victoria,,camp_site,,,,,,
146.08133,-41.89179,Tasmania,Kia Ora Hut Group Camping Platform,camp_site,,1,,,0,1
118.69044,-22.3768,Western Australia,Auski Tourist Village,caravan_site,paid,1,1,1,,
151.1352,-33.59388,New South Wales,Ridge Top Campground,camp_site,free,,,,0,1
151.27454,-33.49612,New South Wales,Mt Wondabyne Campsite,camp_site,,,,,0,1
146.47167,-37.99903,Victoria,,camp_site,,,,,,
146.47292,-37.99952,Victoria,,camp_site,,,,,,
146.75744,-36.3721,Victoria,,camp_site,,,,,,
146.44825,-37.25733,Victoria,Upper Jamieson Hut Campsite,camp_site,,,,,,
144.52955,-36.89351,Victoria,Knowsley Rest Area,camp_site,,,,,,
144.49845,-36.94996,Victoria,Knowsley Rest Area,camp_site,,,,,,
143.81937,-27.9973,Queensland,Explorers Caravan Park,camp_site,paid,,,,,
146.84946,-37.47469,Victoria,McFarlane Saddle,camp_site,,,,,,
117.36169,-34.94486,Western Australia,Riverbend Caravan Park and Chalets,caravan_site,paid,1,1,1,,
151.25541,-28.46587,Queensland,Apex Camp Greenup,camp_site,,,,,,
133.62963,-24.3299,Northern Territory,Rainbow Valley Bush Campground,camp_site,paid,,,,,
150.89038,-33.5673,New South Wales,,caravan_site,,,,,,
148.23863,-25.05993,Queensland,Carnarvon National Park Camp Ground,camp_site,,,,,,
152.42955,-29.26863,New South Wales,,camp_site,,,,,,
141.00062,-28.99589,Queensland,,camp_site,,,,,,
151.38731,-31.92668,New South Wales,Horse Swamp Campground,camp_site,,,,,,
151.45888,-31.98153,New South Wales,Little Murray Campground,camp_site,,,,,,
113.49044,-25.546,Western Australia,Bottle Bay,camp_site,paid,,0,,,
151.33473,-33.05827,New South Wales,Casuarina Camping Area,camp_site,free,1,0,0,0,
146.62404,-37.62747,Victoria,Licola Caravan Park,caravan_site,,,,,,
146.62165,-37.62849,Victoria,Licola Wilderness Village,caravan_site,,,,,,
130.21784,-25.12029,Northern Territory,Armstrong Creek Camping Area,camp_site,,,,,,
130.36727,-25.16073,Northern Territory,Mulga Bush Camp Site,camp_site,,,,,,
119.7443,-23.34067,Western Australia,,camp_site,,,,,,
124.18446,-25.74108,Western Australia,Forrest's Camp 59,camp_site,,,,,,
125.81488,-28.30343,Western Australia,Neale Junction Camping Area,camp_site,,,,,,
127.0487,-28.32597,Western Australia,Camping Area,camp_site,,,,,,
128.02603,-28.40818,Western Australia,Camping Area,camp_site,,,,,,
127.51737,-28.3491,Western Australia,Ilkurlka Camping Facility,camp_site,,,,,,
130.68632,-28.56427,South Australia,,camp_site,,,,,,
133.28639,-29.02778,South Australia,Tallaringa Native Well Camping Area,camp_site,,,,,,
125.35324,-28.36981,Western Australia,,camp_site,,,,,,
144.24221,-23.44581,Queensland,Longreach Caravan Park,caravan_site,,,,1,,
124.08239,-28.12383,Western Australia,Point Sunday Camping Area,camp_site,,,,,,
124.31806,-28.07667,Western Australia,Yeo Camping Area,camp_site,,,,,,
130.83418,-17.44704,Northern Territory,Kalkaringi Caravan Park,caravan_site,,,,,,
123.61848,-32.35258,Western Australia,Balladonia Roadhouse Caravan Park,caravan_site,,,,,,
115.66634,-32.58161,Western Australia,Miami Holiday Park,camp_site,,,,,,
129.00422,-31.6396,South Australia,Border Village Caravan Park,caravan_site,,,,,,
132.2259,-31.79279,South Australia,Nundroo Hotel Motel Caravan Park,caravan_site,,,,1,,
137.56253,-34.06361,South Australia,Moonta Bay Cabins,caravan_site,,,,,,
137.35988,-34.98461,South Australia,,caravan_site,,,,,,
143.66726,-38.76395,Victoria,Apollo Bay Recreational Reserve,camp_site,,,,,,
144.50059,-38.27837,Victoria,Ocean Grove,camp_site,,,,,,
146.56471,-41.15366,,,camp_site,,,,,,
148.31273,-41.31195,Tasmania,,camp_site,,,,,,
145.12174,-38.39246,Victoria,Balnarring Beach Camping Reserve,camp_site,,,,,,
145.36451,-38.52207,,Beach Haven Caravan Park,caravan_site,,,,,,
144.76452,-38.35529,Victoria,Foreshore Reserve,camp_site,,,,,,
144.8074,-38.36689,Victoria,Whitecliffs Foreshore Reserve,camp_site,,,,,,
144.85768,-38.36773,Victoria,Foreshore Reserve,camp_site,,,,,,
144.81465,-38.36877,Victoria,Rye West Foreshore Camping,camp_site,,,,,,
148.01885,-37.86756,Victoria,Lakes Entrance Tourist Park,caravan_site,,,,,,
145.07155,-38.40348,Victoria,Merricks Camp and Conference Centre,camp_site,,,,,,
149.87135,-36.88686,New South Wales,Merimbula Rv Motor Home Park,caravan_site,,,,,,
152.1794,-32.63995,New South Wales,Myall River Camp,caravan_site,,,,,,
151.48288,-33.35835,New South Wales,Paradise Park,caravan_site,,,,,,
152.32242,-32.52781,New South Wales,White Tree Bay Camping Area,camp_site,,,,,,
153.10134,-30.35383,New South Wales,Boambee Waters Caravan Park,caravan_site,,,,,,
153.01419,-27.18722,Queensland,Four Star Caravan Village,caravan_site,,,,,,
152.9577,-26.94102,Queensland,Glasshouse Moutains Tourist Park,caravan_site,,,,,,
153.10244,-26.79087,Queensland,Little Mountain Home Park,caravan_site,,,,,,
153.11845,-26.83343,Queensland,Military Jetty Caravan Park,caravan_site,,,,,,
153.03644,-26.71232,Queensland,Tanawha Van Village,caravan_site,,,,,,
134.75513,-29.00496,South Australia,Oasis Caravan Park,caravan_site,paid,,0,1,,
134.75344,-29.01512,South Australia,Opal Inn Caravan Park,caravan_site,,,,,,
140.73076,-27.75033,South Australia,Innamincka Town Common - West,camp_site,paid,1,,,1,
140.72717,-27.75282,South Australia,Innamincka Town Common,camp_site,,,,,,
149.97887,-32.00957,New South Wales,Cassillis Bowling Club Camping Area,camp_site,paid,,,1,,
146.38464,-37.9248,Victoria,Eastern Tyers Camping Area,camp_site,free,,,,,
146.42001,-37.95727,Victoria,Thompson Bridge Campground,camp_site,,,,,,
153.24586,-25.24599,Queensland,K'Gari Camping Area,camp_site,,,,,,
153.2535,-24.69867,Queensland,Caree Camping Ground,camp_site,,,,,,
153.26058,-24.78529,Queensland,Diray Camping Ground,camp_site,,,,,,
153.27805,-24.91244,Queensland,Duling Camping Ground,camp_site,,,,,,
153.29964,-24.94664,Queensland,Marloo Campground,camp_site,,,,,,
153.2839,-24.9245,Queensland,Ocean Lake Campground,camp_site,,,,,,
152.98959,-25.49905,Queensland,Ungowa,camp_site,,,,,,
153.15004,-25.45657,Queensland,Cornwells Campground,camp_site,,,,,,
153.22008,-25.30191,Queensland,Eli Campground,camp_site,,,,,,
153.16034,-25.43359,Queensland,Gabala Campground,camp_site,,,,,,
153.20812,-25.32708,Queensland,Guluri Campground,camp_site,,,,,,
153.22768,-25.28612,Queensland,Maheno Campground,camp_site,,,,,,
153.13584,-25.48994,Queensland,One Tree Rocks Campground,camp_site,,,,,,
153.17002,-25.41118,Queensland,Poyungan Campground,camp_site,,,,,,
153.18061,-25.38701,Queensland,Winnam Campground,camp_site,,,,,,
153.31903,-25.0923,Queensland,Burad Campground,camp_site,,,,,,
153.27648,-25.18414,,Guruman Campground,camp_site,,,,,,
153.24106,-25.25914,,Wahba Campground,camp_site,,,,,,
153.3062,-25.12007,Queensland,Wyuna Campground,camp_site,,,,,,
153.26346,-25.21272,,Yurru Campground,camp_site,,,,,,
150.19167,-35.32126,New South Wales,Long Gully 1,camp_site,,,,,,
147.61622,-36.73183,Victoria,Quart Pot Flat Camping Area,camp_site,,,,,,
122.58838,-16.97683,Western Australia,Banana Well Getaway,camp_site,paid,,1,,1,1
151.52549,-31.89402,New South Wales,Dilgry River Camping Area,camp_site,,,,,,
151.34643,-31.92998,New South Wales,Gologolies Camping Area,camp_site,,,,,,
144.45724,-36.70449,Victoria,.,camp_site,,,,,,
146.34426,-39.07202,Victoria,Oberon Beach Campsite,camp_site,paid,,,,,
146.38406,-39.08529,Victoria,Halfway Hut Campsite,camp_site,paid,,,,,
148.9824,-31.33122,New South Wales,Dows Camp,camp_site,paid,0,,0,0,
148.97527,-31.31949,New South Wales,Ogma Camp,camp_site,paid,0,,0,0,
148.13297,-36.53781,New South Wales,Dogmans Hut camping area,camp_site,,,,,,
148.12967,-36.57184,Victoria,,camp_site,,,,,0,1
150.13071,-36.08222,New South Wales,Beachcomber Holiday Park,caravan_site,,,,,,
148.12575,-36.65112,Victoria,,camp_site,,,,,0,1
147.92237,-36.69757,Victoria,Buenba Flat #2,camp_site,,,,,,
147.92458,-36.69336,Victoria,Buenba Flat #3,camp_site,,,,,,
145.38309,-16.54581,Queensland,Julatten Tableland Van Park,caravan_site,,,,,,
152.30443,-32.48465,New South Wales,Freshwater,camp_site,,,,,,
152.23217,-32.60812,New South Wales,Stewart & Lloyds Camping Area,camp_site,,,,,,
141.59077,-35.19876,Victoria,Rest Area,camp_site,,,,,,
149.65861,-34.0956,New South Wales,Alternate Sink Camping Area,camp_site,,,,,,
145.4153,-16.19117,Queensland,Rainforest Village,caravan_site,,,,,,
150.06886,-36.37414,New South Wales,Ocean Lake Caravan Park,caravan_site,,,,,,
143.33552,-36.99148,Victoria,,camp_site,,,,,,
131.02883,-12.51753,Northern Territory,Darwin Boomerand Motel and Caravan Park,caravan_site,,,,,,
150.30554,-33.56405,New South Wales,Burra Korain Camping Area,camp_site,,0,,,0,1
148.62027,-35.87674,New South Wales,Wares Yards campsite,camp_site,free,1,,,0,
146.47168,-37.999,Victoria,,camp_site,,,,,,
146.30767,-37.94366,Victoria,Western Tyers,camp_site,,,,,,
120.16941,-33.66277,Western Australia,Desmond Rest Area,camp_site,,,,,,
120.10655,-33.57058,Western Australia,Ravensthorpe East Rest Area,camp_site,,0,,,,
115.97786,-32.84487,Western Australia,Navarino Lakeside Camping,camp_site,,,,,,
143.51447,-38.84969,Victoria,GOW Cape Otway Hikers Camp,camp_site,,,,,,1
138.39389,-33.59136,South Australia,White Cliffs Reserve,camp_site,,,,,,
150.93196,-30.56384,New South Wales,Gum Hole Camping Area,camp_site,,,,,,
150.96951,-29.91502,New South Wales,,camp_site,,,,,,
150.96002,-29.92484,New South Wales,,caravan_site,,,,,,
151.92902,-28.37488,Queensland,Valley Camp,camp_site,,,,,,
151.93692,-28.37511,Queensland,The Springs Main Campsite,camp_site,,,,,,
147.92367,-37.22766,Victoria,Bentley Plain Camping Area,camp_site,,,,,,
142.15065,-11.13446,Queensland,Vrilya Point North Campground,camp_site,,,,,,
142.25238,-10.91225,,Mutee Head Campground,camp_site,,,,,,
142.22213,-10.92401,,Mutee Head South Campground,camp_site,,,,,,
142.13493,-11.21549,Queensland,Vrilya Point North Campground,camp_site,,,,,,
142.12598,-11.2405,Queensland,Vrilya Point South Campground,camp_site,,,,,,
142.35043,-10.8909,Queensland,,caravan_site,,,,,,
142.5852,-10.78073,Queensland,Nanthau Beach Campground,camp_site,,,,,,
142.53001,-10.69732,Queensland,,camp_site,,,,,,
142.60061,-10.75402,Queensland,,camp_site,,,,,,
142.85587,-11.63165,Queensland,Captain Billy Landing Campground,camp_site,,,,,,
142.79705,-11.15693,,Ussher Point North Campground,camp_site,,,,,,
142.79499,-11.17216,,Ussher Point South Campground,camp_site,,,,,,
116.84639,-34.99537,Western Australia,Tree Top Eco Caravan Park,caravan_site,,,,,,
152.47103,-28.19574,Queensland,Lizard Point Campsite,camp_site,,,,,,
118.89748,-32.44141,Western Australia,Wave Rock Caravan Park,caravan_site,,,,,,
142.45458,-36.98731,Victoria,Mud Creek bush campsite,camp_site,,,,,,
135.00198,-33.70119,South Australia,Elliston Bush Camping,camp_site,,,,,,
146.71088,-41.62656,Tasmania,Quamby Corner,caravan_site,,,,,,
135.32538,-32.56235,South Australia,Yandinga Campground,camp_site,,,,,,
137.98938,-32.57018,South Australia,Spear Creek Caravan Park,caravan_site,,,,,,
135.51784,-32.67982,South Australia,Waganny Campground,camp_site,,,,,,
148.12899,-36.54248,,Tom Groggin Campsite,camp_site,,,,,,1
148.13375,-36.53511,New South Wales,,camp_site,,,,,,
148.13298,-36.53895,New South Wales,Dogmans Hut camping area,camp_site,,,,,,
148.13386,-36.53482,New South Wales,,camp_site,,,,,,
148.16762,-36.3647,New South Wales,,camp_site,,,,,,
148.12556,-36.46335,New South Wales,Murray Gates campsite,camp_site,,,,,,
151.44326,-32.03078,New South Wales,Junction Pools Campground,camp_site,,,,,,
151.45304,-32.32606,New South Wales,Lostock Dam Caravan Park,caravan_site,,,,,,
139.47028,-34.86887,South Australia,Younghusband Caravan Park,caravan_site,,,,,,
151.46872,-31.90293,New South Wales,Gummi Falls Camping Area,camp_site,,,,,,
150.57656,-33.73768,New South Wales,,camp_site,,0,,,0,1
145.76688,-38.36664,Victoria,Bass Valley Camping Ground,camp_site,,,,,,
146.05394,-38.40144,Victoria,Mossvale Park,camp_site,,,,,,
142.36951,-35.72553,Victoria,Lake Lascelles,camp_site,,,,,,
139.69799,-35.47166,South Australia,Coomandook Rest Area,camp_site,,,,,,
140.21148,-28.13252,South Australia,Moomba Lookout,camp_site,,,,,,
132.04547,-31.6138,South Australia,Colona Rest Area,camp_site,,,,,,
116.46299,-34.91497,Western Australia,Camfield,camp_site,,,,,,
146.17099,-43.10792,Tasmania,Crossing River Campground (West side),camp_site,,,,,,1
116.62237,-34.91003,Western Australia,,camp_site,,,,,,
150.56562,-33.69137,New South Wales,,camp_site,,,,,,
152.30821,-26.54725,Queensland,Cowan Falls Camping,camp_site,,,,,,
152.30272,-26.54118,Queensland,Trakka Terrace,camp_site,,,,,,
152.3316,-26.57776,Queensland,Fig Tree Camp Site,camp_site,,,,,,
146.70103,-36.90891,Victoria,Abbeyard Camping Area,camp_site,,,,,,
146.2001,-41.31545,Tasmania,Osbert Campsite - State Forest,camp_site,,,,,,
135.53639,-32.70378,South Australia,Gawleer Ranges Nat park- campsite,camp_site,,,,,,
133.97006,-31.5677,South Australia,Googs Lake Campsites,camp_site,,,,,,
152.55859,-29.71112,New South Wales,Nymboida River Campsite,camp_site,,,,,,
148.68589,-21.22776,Queensland,Captains Crossing,camp_site,,,,,,
148.52312,-21.32936,Queensland,Denham Range,camp_site,,,,,,
148.4796,-21.17374,Queensland,The Diggings,camp_site,,,,,,
150.64001,-33.86322,New South Wales,Blaxland Crossing Recreation and Rest Grounds,caravan_site,,,,,,
145.62666,-33.81371,New South Wales,The Old School Caravan and Camping Area,camp_site,paid,1,,1,1,
153.06413,-30.89101,New South Wales,NRMA South West Rocks Holiday Park,caravan_site,,1,,,,
147.74723,-36.70668,Victoria,,camp_site,,,,,,
142.62948,-36.62653,Victoria,,caravan_site,,,,,,
144.72723,-36.08782,New South Wales,,camp_site,,,,,,
150.23222,-34.54614,New South Wales,,camp_site,,,,,,
151.69243,-28.77942,Queensland,Nundubbermere Falls Camping Area,camp_site,,,,,,
151.65938,-28.84478,Queensland,Reedy Waterhole Campground,camp_site,,,,,,
116.18888,-31.6515,Western Australia,Scout Camp,camp_site,,,,,,
150.24615,-33.17536,New South Wales,,camp_site,,,,,,
150.23627,-33.44455,New South Wales,,camp_site,,,,,,
141.42277,-34.10563,New South Wales,Scaddings Bridge Campground,camp_site,,,,,,
141.08862,-34.05182,New South Wales,Big Bend Camping Ground,camp_site,,,,,,
145.80689,-38.00873,Victoria,Forest Road Trail Bike Unloading Area,camp_site,,,,,,
146.08176,-41.89179,Tasmania,Kia Ora Hut Public Camping Platform,camp_site,,1,,,0,1
146.08169,-41.89185,Tasmania,Kia Ora Hut Public Camping Platform,camp_site,,1,,,0,1
146.08184,-41.89186,Tasmania,Kia Ora Hut Public Camping Platform,camp_site,,1,,,0,1
146.08177,-41.89196,Tasmania,Kia Ora Hut Public Camping Platform,camp_site,,1,,,0,1
146.0819,-41.892,Tasmania,Kia Ora Hut Public Camping Platform,camp_site,,1,,,0,1
146.08177,-41.89203,Tasmania,Kia Ora Hut Public Camping Platform,camp_site,,1,,,0,1
146.08156,-41.89203,Tasmania,Kia Ora Hut Public Camping Platform,camp_site,,1,,,0,1
146.08191,-41.89204,Tasmania,Kia Ora Hut Public Camping Platform,camp_site,,1,,,0,1
146.08193,-41.8922,Tasmania,Kia Ora Hut Public Camping Platform,camp_site,,1,,,0,1
146.08168,-41.89224,Tasmania,Kia Ora Hut Public Camping Platform,camp_site,,1,,,0,1
146.04678,-41.83029,Tasmania,New Pelion Hut Group Campsite,camp_site,,1,,,0,1
146.08874,-41.93188,Tasmania,,camp_site,,1,,,0,1
146.08942,-41.93095,Tasmania,Windy Ridge Group Campsite,camp_site,,1,,,0,1
146.08945,-41.93098,Tasmania,Windy Ridge Group Campsite,camp_site,,1,,,0,1
146.08893,-41.93137,Tasmania,Windy Ridge Group Campsite,camp_site,,1,,,0,1
147.52583,-38.05517,Victoria,Red Bluff campsite,camp_site,,,,,,
145.95802,-41.77166,Tasmania,,camp_site,,1,,,0,1
145.95817,-41.77175,Tasmania,,camp_site,,1,,,0,1
145.9578,-41.77171,Tasmania,,camp_site,,1,,,0,1
145.9577,-41.77172,Tasmania,,camp_site,,1,,,0,1
145.95734,-41.77179,Tasmania,,camp_site,,1,,,0,1
145.95743,-41.77187,Tasmania,,camp_site,,1,,,0,1
145.95653,-41.77141,Tasmania,,camp_site,,1,,,0,1
145.95668,-41.77142,Tasmania,,camp_site,,1,,,0,1
145.95664,-41.77144,Tasmania,,camp_site,,1,,,0,1
145.95665,-41.77151,Tasmania,,camp_site,,1,,,0,1
145.95661,-41.77151,Tasmania,,camp_site,,1,,,0,1
139.06473,-33.06608,South Australia,,camp_site,,,,,,
133.82131,-24.86517,Northern Territory,Bush Campground,camp_site,,,,,,
133.93454,-24.38425,Northern Territory,Oak Valley Campgrounds,camp_site,,,,,,
144.2253,-37.14187,Victoria,Chokem Flats - Castlemaine Diggings National Heritage Park,camp_site,,,,,,
143.22831,-37.26548,Victoria,,camp_site,,,,,,
132.72529,-23.63276,Northern Territory,Coach Camping,camp_site,,,,,,
133.49314,-23.69371,Northern Territory,Millers Flat,camp_site,,,,,0,1
149.41779,-33.05431,New South Wales,,camp_site,,,,,,
148.63156,-21.13899,Queensland,Finch Hatton Showgrounds,camp_site,,,,,,
132.67058,-23.66689,Northern Territory,Finke River Two Mile,camp_site,,,,,,
133.47019,-23.72194,Northern Territory,Standley Chasm,camp_site,,1,,,,
151.05645,-34.17697,New South Wales,North Era Beach Campground,camp_site,paid,1,,,0,1
145.98039,-27.24629,Queensland,Wyandra Store Caravan Park,caravan_site,,,,1,,
146.01032,-37.52218,Victoria,Miners Flat,camp_site,,,,,,
145.99664,-37.52676,Victoria,Fishbone Flat,camp_site,free,,,,,
146.01167,-37.51815,Victoria,Dairy Flat,camp_site,,,,,,
146.01161,-37.51997,Victoria,Dairy Flat Upper,camp_site,,,,,,
146.02259,-37.51538,Victoria,McClelland Lower,camp_site,,,,,,
146.02304,-37.51593,Victoria,McClelland Lower,camp_site,,,,,,
146.02208,-37.51735,Victoria,McClelland Upper,camp_site,,,,,,
146.04645,-37.51974,Victoria,Specimen Creek: Upper,camp_site,,,,,,
146.04784,-37.51782,Victoria,Specimen Creek: Lower,camp_site,,,,,,
146.03235,-37.51671,Victoria,Gang Gang Gully,camp_site,,,,,,
146.03714,-37.5126,Victoria,Bobuck Ridge: Small,camp_site,,,,,,
146.03753,-37.5125,Victoria,Bobuck Ridge: Medium,camp_site,,,,,,
146.06055,-37.51652,Victoria,Peppermint Ridge,camp_site,,,,,,
146.07699,-37.52047,Victoria,Vennels: Upper,camp_site,,,,,,
146.09427,-37.5139,Victoria,Big Bend,camp_site,,,,,,
146.09071,-37.49946,Victoria,,camp_site,,,,,,
146.0941,-37.48575,Victoria,25 Mile: Upper,camp_site,,,,,,
146.09464,-37.4839,Victoria,25 Mile: Lower,camp_site,,,,,,
146.23956,-37.38192,Victoria,,camp_site,,,,,,
140.11252,-20.78222,Queensland,Burke & Wills Memorial Rest Area (Corella River),camp_site,,0,,,,
146.61801,-37.51722,Victoria,10 Breakfast Creek Camp,camp_site,free,1,,,,
146.61538,-37.51699,Victoria,Melbourne Grammar School Camp,camp_site,,,,,,
130.97469,-13.02711,Northern Territory,Banyan Caravan Park,caravan_site,,,,,,
151.03815,-34.10849,New South Wales,Uloola Falls Bush Campground,camp_site,paid,,,0,,1
146.13585,-37.30395,Victoria,Jamieson Caravan Park,caravan_site,,,,,,
150.35577,-33.61415,New South Wales,Acacia Flat Campground,camp_site,paid,1,,,0,1
144.19592,-38.40234,Victoria,YMCA Anglesea Recreation Camp,camp_site,,,,,,
130.69965,-13.0871,Northern Territory,Campsite 4 - Shady Bend,camp_site,paid,,,,,
130.70202,-13.09008,Northern Territory,Campsite 6 - Shared Rock Pool,camp_site,paid,,,,,
130.69867,-13.08435,Northern Territory,Campsite 2 - Sandy Banks,camp_site,paid,,,,,
130.70337,-13.09043,Northern Territory,Campsite 8,camp_site,,,,,,
130.7032,-13.09034,Northern Territory,Campsite 7 - Plunge Pool,camp_site,paid,,,,,
141.28939,-21.2724,Queensland,,caravan_site,,,,,,
146.13343,-37.79798,Victoria,,camp_site,,,,,,
146.14121,-37.89268,Victoria,,camp_site,,,,,,
143.21844,-37.27957,Victoria,Bush Camp,camp_site,,,,,,
153.28246,-28.80824,New South Wales,Lismore Tourist Caravan Park,caravan_site,,,,,,
146.00881,-36.79968,Victoria,Midland Holiday Park,caravan_site,,,,,,
146.78924,-43.46439,Tasmania,,camp_site,,,,,,1
148.31049,-42.1761,Tasmania,Wineglass Bay Overnight Walker Campsite,camp_site,free,,,,0,1
145.6873,-28.10298,Queensland,,camp_site,,,,,,
145.68724,-28.10314,Queensland,Warrego Riverside Tourist Park,caravan_site,,,,,,
146.09462,-37.41241,Victoria,Railway Creek,camp_site,,,,,,
144.25293,-37.45099,Victoria,,camp_site,,,,,,
144.26309,-37.45304,Victoria,,camp_site,,,,,,
144.52762,-17.14879,Queensland,Eco Park and Observatory,caravan_site,,,,,,
144.52464,-17.15586,Queensland,Chillagoe Tourist Village,caravan_site,,,,,,
146.56966,-37.55991,Victoria,Barkly Bridge,camp_site,free,,,,,
146.05156,-41.23484,Tasmania,Adit Creek Campsite,camp_site,,,,,0,1
146.05095,-41.2039,Tasmania,Hardstaff Creek Campsite,camp_site,,,,,0,1
141.07946,-38.09336,Victoria,White Sands,camp_site,,,,,,
146.04299,-17.7134,Queensland,Liverpool Creek Rest Area,camp_site,,,,,,
150.40739,-34.70242,New South Wales,Griffins Farm,camp_site,,1,,,0,1
146.74981,-37.91614,Victoria,,caravan_site,,,,,,
146.75562,-37.92004,Victoria,,caravan_site,,,,,,
133.53781,-23.66344,Northern Territory,Jay Creek,camp_site,,,,,0,1
146.62717,-37.7366,Victoria,,camp_site,,,,,,
144.1954,-37.85299,Victoria,Old Mill Camp Ground (hike-in),camp_site,,,,,,
138.17178,-32.86352,South Australia,Bartagunyah Estate Camping,camp_site,,,,,,
146.23181,-26.46633,Queensland,Red Lizard Campground,caravan_site,,,,,,
151.20735,-33.55451,New South Wales,Brooklyn Dam campsite,camp_site,free,,,,0,1
153.12313,-26.00406,Queensland,Kauri Walkers' camp,camp_site,,,,,,
130.70049,-13.08778,Northern Territory,Campsite 5 - Cycad Hill,camp_site,paid,,,,,
130.6993,-13.08636,Northern Territory,Campsite 3 - Big Hole,camp_site,paid,,,,,
147.89939,-25.02524,Queensland,Dragonelly Rock Hole Camping area,camp_site,,,,,,
148.05266,-25.06694,Queensland,Top Moffatt Camping Area,camp_site,paid,1,,,,
148.01174,-24.97341,Queensland,West Branch Camping Area,camp_site,paid,,,,,
116.24853,-31.98182,Western Australia,Helena Campsite,camp_site,free,1,,,0,1
150.32357,-33.48118,New South Wales,,camp_site,,,,,,1
150.32124,-33.48214,New South Wales,,camp_site,,,,,,1
148.26337,-37.51778,Victoria,Bally Hooley Campsite,camp_site,,,,,,
141.60225,-38.34938,Victoria,Portland Holiday Village,caravan_site,,,,,,
151.44091,-26.02661,Queensland,Main Camp Site,camp_site,,,,,,
151.41724,-26.01802,Queensland,Middle Camp Site,camp_site,,,,,,
143.89143,-37.41869,Victoria,Creswick Caravan Park and Camping Ground,camp_site,,,,,,
147.44182,-24.86225,Queensland,Bunbuncundoo Springs camp ground,camp_site,,,,,,
153.13396,-26.89184,Queensland,Ocean Beach Camping Area (Site M),camp_site,,,,,,
153.13429,-26.89315,Queensland,Ocean Beach Camping Area (Site L),camp_site,,,,,,
153.13749,-26.90611,Queensland,Ocean Beach Camping Area (Site B),camp_site,,,,,,
153.13675,-26.90328,Queensland,Ocean Beach Camping Area (Site E),camp_site,,,,,,
153.13777,-26.90717,Queensland,Ocean Beach Camping Area (Site A),camp_site,,,,,,
153.13337,-26.88951,Queensland,Ocean Beach Camping Area (Site O),camp_site,,,,,,
153.13583,-26.89948,Queensland,Ocean Beach Camping Area (Site H),camp_site,,,,,,
153.13518,-26.89727,Queensland,Ocean Beach Camping Area (Site J),camp_site,,,,,,
153.13706,-26.9045,Queensland,Ocean Beach Camping Area (Site D),camp_site,,,,,,
153.13615,-26.90072,Queensland,Ocean Beach Camping Area (Site G),camp_site,,,,,,
153.13644,-26.90162,Queensland,Ocean Beach Camping Area (Site F),camp_site,,,,,,
153.13724,-26.90516,Queensland,Ocean Beach Camping Area (Site C),camp_site,,,,,,
153.13553,-26.89841,Queensland,Ocean Beach Camping Area (Site I),camp_site,,,,,,
153.13464,-26.89461,Queensland,Ocean Beach Camping Area (Site K),camp_site,,,,,,
153.13373,-26.89103,Queensland,Ocean Beach Camping Area (Site N),camp_site,,,,,,
153.13164,-26.88226,Queensland,Ocean Beach Camping Area (Site U),camp_site,,,,,,
153.13254,-26.88632,Queensland,Ocean Beach Camping Area (Site Q),camp_site,,,,,,
153.13168,-26.8838,Queensland,Ocean Beach Camping Area (Site S),camp_site,,,,,,
153.13184,-26.88312,Queensland,Ocean Beach Camping Area (Site T),camp_site,,,,,,
153.13226,-26.88511,Queensland,Ocean Beach Camping Area (Site R),camp_site,,,,,,
153.13122,-26.88102,Queensland,Ocean Beach Camping Area (Site V),camp_site,,,,,,
147.35072,-43.24042,,,camp_site,,,,,,
146.56388,-37.25718,Victoria,,camp_site,,,,,,
146.60604,-37.21573,Victoria,,camp_site,,,,,,
116.17656,-31.95423,Western Australia,Perth Hills Centre,camp_site,paid,1,,,1,
146.60586,-37.06545,Victoria,,camp_site,,,,,,
150.84504,-34.4059,New South Wales,Kum Ba Yah Girl Guides Camp,camp_site,,,,,,
146.0633,-36.82469,Victoria,Samaria Wells Camp Site,camp_site,,,,,,
148.10772,-36.77666,Victoria,,camp_site,,,,,,
116.01242,-32.28692,Western Australia,Frank Lupino Memorial Park,camp_site,,,,,,
139.00205,-34.46884,South Australia,Barossa Valley Tourist Park,camp_site,,,,,,
148.24149,-35.49488,New South Wales,Windy Point,camp_site,free,,,,0,
115.3978,-31.17302,Western Australia,Breton Bay,camp_site,,,,,,
148.17123,-36.79494,New South Wales,,camp_site,,0,,,,1
145.54051,-37.6753,Victoria,Healesville Tourist Park,caravan_site,,,,,,
145.94041,-42.24153,Tasmania,Loddon River West Bank,camp_site,,,,,0,1
145.94101,-42.24173,Tasmania,Loddon River East Bank,camp_site,,,,,0,1
145.97942,-42.21075,Tasmania,,camp_site,,,,,0,1
145.81747,-42.2316,Tasmania,,camp_site,,,,,0,1
147.3687,-37.66724,Victoria,Billy Goat Bend Camp Site,camp_site,,,,,,
146.84124,-36.3148,Victoria,Yackandandah Holiday Park,caravan_site,,,,,,
145.88383,-42.27071,Tasmania,Lakeside Campsite,camp_site,,,,,0,1
148.23007,-40.87854,Tasmania,Stumpys Bay Campground 3,camp_site,paid,1,,,,
148.2379,-40.88799,Tasmania,Stumpys Bay Campground 4,camp_site,paid,1,,,,
145.88461,-38.78651,Victoria,,camp_site,,,,,,
151.46683,-32.04294,New South Wales,Black Swamp Camping Area,camp_site,,,,,,
147.25259,-36.76217,Victoria,,camp_site,,,,,,
148.05539,-36.85489,Victoria,Limestone Creek Campsite,camp_site,,,,,,
142.33687,-37.29583,Victoria,Mount Thackeray Hiker Camp,camp_site,,,,,,
143.39711,-31.56926,New South Wales,Warrawong on the Darling,caravan_site,,,,,,
146.42839,-42.95066,Tasmania,Shelf Camp,camp_site,,,,,0,1
146.56443,-41.16061,,Koybaa Campground - Narawntapu NP,camp_site,,,,,,
118.72786,-34.4065,Western Australia,Pallinup River Rest Area,camp_site,,,,,,
147.68383,-40.83667,Tasmania,Casuarina Hill - Waterhouse Cons Area,camp_site,,,,,,
147.6507,-40.83495,Tasmania,Herbies Landing,camp_site,,,,,,
147.67257,-40.83123,Tasmania,Waterhouse Point Campground - Waterhouse Cons Area,camp_site,free,1,,,0,
148.22676,-40.87694,Tasmania,Stumpys Bay Campground 2,camp_site,paid,1,,,,
153.41041,-27.57405,,Blakesleys Anchorage,camp_site,,,,,,
144.1375,-37.35159,Victoria,Ambleside on the Lake,camp_site,,,,,,
144.5462,-36.93631,Victoria,Metcalf Pool Holiday Park,caravan_site,,,,,,
153.03168,-26.16724,Queensland,Campsite 1,camp_site,,,,,,
153.05038,-26.15485,Queensland,Campsite 3 Upper Noosa River,camp_site,paid,,,,,
146.47325,-38.91608,Victoria,Five Mile Beach Camping Area,camp_site,,,,,,1
146.48164,-38.89183,Victoria,Johnny Souey Cove Camping Area,camp_site,,,,,,1
146.42433,-38.80791,,Tin Mine Cove Camping Area,camp_site,,,,,,
142.24153,-38.37893,Victoria,Port Fairy Gardens Caravan Park,caravan_site,paid,,,1,,
149.4848,-21.55912,,Windmill Bay,camp_site,,,,,,
149.47627,-21.53727,Queensland,Clarke Bay,camp_site,,,,,,
149.46358,-21.55132,Queensland,Cape Creak,camp_site,,,,,,
150.23305,-33.53563,New South Wales,Lockyers Track Head,camp_site,,,,,,
150.30262,-33.76895,New South Wales,,camp_site,,,,,0,1
150.30297,-33.77133,New South Wales,,camp_site,,,,,0,1
150.30671,-33.7789,New South Wales,,camp_site,,,,,,1
150.30733,-33.77943,New South Wales,,camp_site,,,,,,1
150.30777,-33.77982,New South Wales,,camp_site,,,,,,1
138.90663,-34.75998,South Australia,Scotts Shelter Campsite,camp_site,,,,,,
144.15582,-35.1349,New South Wales,Woorooma Confest Site,camp_site,,,,,,
151.27344,-33.02913,New South Wales,Mt Warrawolong Campsite,camp_site,,,,,,
151.25543,-33.1278,New South Wales,Walkers Rest Campsite,camp_site,,,1,,0,
151.29926,-33.32299,New South Wales,Palm Grove camping area,camp_site,,,,,0,1
151.24387,-33.41373,New South Wales,Mooney Mooney (Upper),camp_site,,,0,,,1
151.24979,-33.42824,New South Wales,,camp_site,free,0,,,0,1
151.10811,-33.63599,New South Wales,Crosslands Reserve,camp_site,paid,,,,0,
151.10333,-33.63903,New South Wales,Berowra Creek camp,camp_site,,,,,0,
151.30845,-32.96601,New South Wales,Barraba Campsite,camp_site,free,,,,0,
148.49846,-33.42017,New South Wales,Terarra Creek Camping and Picnic Area,camp_site,,1,,,0,
148.76413,-36.1804,New South Wales,,caravan_site,,,,,,
148.76406,-36.18044,New South Wales,,caravan_site,,,,,,
153.17301,-28.26466,,Mount Bithongabel Bush Campsite,camp_site,,,,,,
146.08564,-41.25023,Tasmania,,camp_site,,,,,,
152.30642,-28.4066,New South Wales,Legume Community Hall Campsite,camp_site,,1,,,0,
152.33144,-30.51914,New South Wales,Hyatts Flat,camp_site,,0,,,,
143.77101,-38.50958,Victoria,Goat Track Camping,camp_site,,,,,,
148.23967,-36.84006,Victoria,,camp_site,,,,,,
144.24556,-15.77389,Queensland,Jowalbinna Rock Art Safari Camp,camp_site,,,,,,
147.94193,-37.82652,Victoria,Log Crossing Camping Area,camp_site,,,,,,
146.95675,-36.98646,Victoria,Beveridge Station Camping Area,camp_site,,,,,,
152.98889,-25.31432,,Jeffries Beach,camp_site,,,,,,
150.37704,-34.29528,New South Wales,Emmetts Flat,camp_site,,,,,0,1
150.34804,-34.28915,New South Wales,Cathedral Forest Campsite,camp_site,,,,,0,1
150.37637,-34.29709,New South Wales,McArthurs Flat,camp_site,,,,,0,1
148.13543,-37.82385,Victoria,Trident Arm Camp,camp_site,,,,,,
148.13715,-37.79648,Victoria,Reedy Arm No.2 Camp,camp_site,,,,,,
148.13598,-37.78043,Victoria,Camerons Arm No.1 Camp,camp_site,,,,,,
146.45662,-36.41421,Victoria,Ovens River Reserve,camp_site,,,,,,
150.0393,-34.79498,New South Wales,,camp_site,,,,,,
150.27483,-35.71876,New South Wales,North Head Camping Area,camp_site,,,,,,
138.82248,-34.86675,South Australia,Grandpa's Camp,camp_site,,,,,,1
144.23209,-37.48539,Victoria,,camp_site,,,,,,
138.96595,-34.72465,South Australia,Fromms Farm Campsite,camp_site,,,,,,
144.21063,-38.3964,Victoria,Eumeralla Scout Camp,camp_site,,,,,,
138.96119,-34.70004,South Australia,Centennial Drive Campsite,camp_site,,,,,,
141.92337,-36.4797,Victoria,Mallee Camp,camp_site,,,,,,
141.87299,-36.55455,Victoria,Yellow Gum Camp,camp_site,,,,,,
144.48974,-14.1758,Queensland,Granite Camping Area,camp_site,,,,,,
147.27804,-36.77103,Victoria,Bogong Creek Saddle Helipad,camp_site,,,,,,
144.61714,-14.3622,Queensland,Ninian Bay Camping Area,camp_site,,,,,,
144.43324,-14.26073,Queensland,Crocodile Camping Area,camp_site,,,,,,
144.16608,-37.49867,Victoria,Werribee River Camping Ground,camp_site,,,,,,
144.70322,-15.25155,Queensland,Battle Camp,camp_site,,,,,,
143.9503,-17.68989,Queensland,Brodies Camp,camp_site,,,,,,
138.11111,-17.49918,Queensland,Camp Ridgeway,camp_site,,,,,,
144.43921,-17.80797,Queensland,Four Mile Camp,camp_site,,,,,,
145.15996,-17.43445,Queensland,Eagles Camp,camp_site,,,,,,
145.30365,-16.03899,Queensland,China Camp,camp_site,,,,,,
143.89403,-17.68026,Queensland,Knob Camp,camp_site,,,,,,
144.69631,-17.27368,Queensland,Scardons Top Camp Mine,camp_site,,,,,,
143.6373,-17.45882,Queensland,Wondoo Outcamp,camp_site,,,,,,
144.96868,-17.07397,Queensland,,camp_site,,,,,,
151.08966,-33.32761,New South Wales,Ten Mile Hollow,camp_site,free,1,,,0,
145.12892,-27.30664,Queensland,Aldville Station,camp_site,,,,,,
145.19473,-23.80627,Queensland,Lara Station Wetlands,camp_site,,1,,,1,
144.21585,-37.06856,Victoria,,caravan_site,,,,,,
147.21621,-37.31996,Victoria,Clarks Camp Ground,camp_site,,,,,,
146.19199,-37.97837,Victoria,,camp_site,,,,,,
146.20041,-38.00484,Victoria,,camp_site,,,,,,
143.35437,-24.10157,Queensland,Broadwater Waterhole Camping Area,camp_site,paid,,,,,
138.63755,-31.34547,South Australia,Middlesight Water Hut,camp_site,,,,,,
138.5948,-31.40343,South Australia,Yanyanna Hut Campsite,camp_site,,,,,,
138.09566,-32.06039,South Australia,Buckaringa North Campsite,camp_site,,,,,,
138.50478,-31.68097,South Australia,Red Range Camp,camp_site,,,,,,
139.04108,-33.52215,South Australia,Black Jack's Shelter,camp_site,,,,,,
151.26566,-33.44276,New South Wales,,camp_site,free,0,,,0,1
139.01856,-33.40846,South Australia,Old Mt Bryan East School,camp_site,,,,,,
152.61221,-26.63238,Queensland,Summer Falls Walkers Camp,camp_site,,,,,,
150.21065,-34.98626,New South Wales,,camp_site,,0,,,0,1
150.24366,-34.93464,New South Wales,,camp_site,,0,,,0,1
150.19156,-34.98942,New South Wales,,camp_site,,0,,,0,1
138.33304,-31.90708,South Australia,Mt Elm,camp_site,,,,,,
138.25693,-32.01295,South Australia,Callabrinda Creek Campsite,camp_site,,,,,,
137.97465,-32.16674,South Australia,Mt Arden South Campsite,camp_site,,,,,,
137.93248,-32.23472,South Australia,Eyre Depot,camp_site,,,,,,
137.98275,-32.29638,South Australia,Dutchman's Hut,camp_site,,,,,,
138.39851,-31.73386,South Australia,Mt Little Station,camp_site,,,,,,
138.40784,-31.75478,South Australia,Mayo Hut,camp_site,,,,,,
138.00726,-32.4624,South Australia,Waukarie Creek/Mt Brown North Campsite,camp_site,,,,,,
138.09202,-32.70469,South Australia,Stony Creek Campsite,camp_site,,,,,,
138.10732,-32.79031,South Australia,Sugargum Dam Camp,camp_site,,,,,,
138.13548,-32.77776,South Australia,Goat Rock Campsite,camp_site,,,,,,
138.13771,-32.80059,South Australia,Grays Hut,camp_site,,,,,,
138.14047,-32.80122,South Australia,Racecourse Camp,camp_site,,,,,,
138.14677,-33.05103,South Australia,Go-Cart Track Shelter,camp_site,,,,,,
138.18742,-33.19746,South Australia,Beetaloo Tank Campsite,camp_site,,,,,,
138.23836,-33.3314,South Australia,Bowman Hut Campsite,camp_site,,,,,,
138.36143,-33.35435,South Australia,Hiskeys Hut Campground,camp_site,,,,,,
138.54823,-33.3247,South Australia,Curnows Hut Campsite,camp_site,,,,,,
138.53567,-33.41898,South Australia,Bundaleer Tank Campsite,camp_site,,,,,,
138.71905,-33.45448,South Australia,Whistling Trig Tank Camp,camp_site,,,,,,
138.89215,-33.42091,South Australia,Hallett Railway Station Campsite,camp_site,,,,,,
139.11971,-33.44973,South Australia,Caroona Creek Shelter,camp_site,,,,,,
138.99377,-33.61159,South Australia,,camp_site,,,,,,
139.04638,-33.81895,South Australia,Worlds End Campsite,camp_site,,,,,,
138.96073,-33.97774,South Australia,Webb Gap Campsite,camp_site,,,,,,
138.96062,-34.06734,South Australia,Smith Hill Campsite,camp_site,,,,,,
138.83169,-34.16891,South Australia,,camp_site,,,,,,
138.9958,-34.59114,South Australia,Rossiters Hut Campsite,camp_site,,,,,,
138.93944,-34.65938,South Australia,Freeman Hut Campsite,camp_site,,,,,,
138.96675,-34.6837,South Australia,Old School House Campsite,camp_site,,,,,,
148.95869,-31.36623,New South Wales,Camp Gunneemooroo,camp_site,,,,,,
132.43337,-14.25361,Northern Territory,Biddlecombe Camp,camp_site,,,,,,
132.43147,-14.16804,Northern Territory,Crystal Falls Camp,camp_site,,,,,,
132.28258,-14.14666,Northern Territory,Sandy Camp,camp_site,,,,,,
132.21562,-14.18627,Northern Territory,Sweetwater Camp,camp_site,,,,,,
132.37383,-14.1165,Northern Territory,17 Mile Falls Camp,camp_site,,,,,,
148.96191,-31.31554,New South Wales,Danu Camp,camp_site,paid,0,,0,0,
148.99609,-31.29774,New South Wales,Camp Pincham,camp_site,paid,0,,0,0,1
145.63072,-16.882,Queensland,Speewah Campground,camp_site,,,,,,
149.28946,-31.29088,New South Wales,Getaway Tourist Park,caravan_site,,,,,,
144.32862,-37.43914,Victoria,,camp_site,,,,,,
133.21964,-23.72931,Northern Territory,Ghost Gum Flat,camp_site,,,,,0,1
133.16809,-23.7589,Northern Territory,Rocky Gully Camp Site,camp_site,,,,,,
133.1693,-23.76163,Northern Territory,Rocky Gully Group Camp Site,camp_site,,,,,,
133.6129,-23.66474,Northern Territory,Mulga Camp,camp_site,,,,,0,1
153.1514,-25.32682,Queensland,Lake Garawongera Great Walk Campground,camp_site,,,,,,
132.98028,-23.7544,Northern Territory,,camp_site,,,,,0,1
132.82522,-23.68717,Northern Territory,Waterfall Gorge Camp Site,camp_site,,,,,0,1
132.67884,-23.65819,Northern Territory,Finke River Campground,camp_site,paid,,,,0,1
151.84999,-24.17325,Queensland,,camp_site,,,,,,
150.11119,-30.2333,New South Wales,Camp Palmer,camp_site,,,,,,
149.76885,-30.3377,New South Wales,Narrabri Motel and Caravan Park,caravan_site,,,,,,
132.60275,-23.60865,Northern Territory,Rocky Bar Gap,camp_site,,,,,0,
150.36315,-33.73237,New South Wales,,camp_site,,,,,0,1
148.4777,-36.32067,New South Wales,Island Bend Township Campground,camp_site,paid,1,,,0,
119.26413,-22.13992,Western Australia,Roy Hill Rail Camp 4,camp_site,,,,,,
153.27934,-28.67841,New South Wales,The Channon Village Campground,camp_site,paid,1,,,1,
144.23529,-37.45683,Victoria,,camp_site,,,,,,
139.64074,-34.66808,South Australia,Pilwarren (Nudist),caravan_site,,,,,,
139.88397,-37.33724,South Australia,Lake Saint Clair Nature Retreat (Nudist),caravan_site,,,,,,
139.87741,-37.34242,South Australia,Sunland Holiday Village (Nudist),caravan_site,,,,,,
127.06388,-15.96338,Western Australia,Jackaroos,camp_site,,,,,,
146.46658,-43.27613,Tasmania,Hanging Lake Campsite,camp_site,,,,,0,1
146.50495,-43.26859,Tasmania,Cutting Camp,camp_site,,,,,0,1
123.77135,-17.35013,Western Australia,Birdwood Downs,camp_site,,,,,,
143.9411,-38.46504,Victoria,Big Hill Campground,camp_site,,,,,,
148.8855,-37.78796,Victoria,Binn Beach Campground,camp_site,,,,,,
146.49441,-37.55613,Victoria,Connors Plain Camping Ground,camp_site,free,,,,,
148.88041,-37.78794,Victoria,Pearl Point Campground,camp_site,,,,,,
148.3207,-37.64184,Victoria,Wood Point Campground,camp_site,,,,,,
140.54276,-34.36148,South Australia,Katarapko Campsite 27,camp_site,paid,,,,,
140.53239,-34.41557,South Australia,Katarapko Campsite 46,camp_site,paid,,,,,
145.91277,-37.15026,Victoria,North Maintongoon 2,camp_site,free,,,,,
152.46402,-29.11644,New South Wales,Forestry Camp,camp_site,,,,,,
150.64571,-35.0073,New South Wales,Hidden Creek Camping Site,camp_site,,,,,,
146.00966,-37.18132,Victoria,The Orchard,camp_site,,,,,,
150.26354,-23.03399,Queensland,Canoona Rest Area,camp_site,free,1,,,0,
140.3752,-34.21854,South Australia,,camp_site,,,,,,
152.44182,-24.80312,Queensland,Elouera Girl Guide Campsite,camp_site,,,,,,
144.42793,-37.46012,Victoria,,camp_site,,,,,,
150.22319,-35.20513,New South Wales,Camp Rock,camp_site,,,,,,
148.26928,-41.78124,Tasmania,Douglas River Camping,camp_site,,,,0,0,
151.91371,-27.92555,Queensland,,caravan_site,,,,,,
136.61441,-33.89343,South Australia,Redbanks,camp_site,,,,,,
137.49326,-35.70626,South Australia,Duck Lagoon,camp_site,,,,,,
141.07154,-35.39743,Victoria,Coburns Pines,camp_site,,,,,,
141.10232,-35.41582,Victoria,Red Gums,camp_site,,,,,,
141.16174,-35.45383,Victoria,Cactus Bore,camp_site,,,,,,
141.48909,-35.39526,Victoria,White Springs,camp_site,,,,,,
141.45219,-35.49281,Victoria,Brushcutters Flat,camp_site,,,,,,
141.32043,-35.51564,Victoria,Big Billy,camp_site,,,,,,
141.32303,-35.512,Victoria,,camp_site,,,,,,
152.28193,-32.56558,New South Wales,Brambles Green,camp_site,paid,,,,,
151.94617,-32.60607,New South Wales,Tattersall's Camping Area,camp_site,,,,,,
148.41426,-36.32641,New South Wales,,camp_site,,,,,,
148.41432,-36.35107,New South Wales,,camp_site,,,,,,
142.29306,-34.29149,New South Wales,Stockyard Camp Ground,camp_site,,,,,,
122.07655,-22.50387,Western Australia,Tjingkulatjatjarra Pool,camp_site,,,,,,
122.2611,-22.46358,Western Australia,Desert Queen Bath,camp_site,,,,,,
130.42309,-16.23938,Northern Territory,Fig Tree Yard,camp_site,,,,,,
152.56721,-25.11034,Queensland,,caravan_site,,,,,,
151.91664,-25.35708,Queensland,,camp_site,,,,,,
152.63059,-25.15504,,Burrum Point camping area,camp_site,,,,,,
146.76001,-37.29559,Victoria,Bryce Gorge Camping Area,camp_site,,,,,,
137.97391,-22.27373,Northern Territory,Tobermorey Caravan Park,caravan_site,,,,,,
145.64822,-37.79387,Victoria,Brittania Ridge Caravan Park,caravan_site,,,,,,
140.54377,-34.36204,South Australia,Katarapko Campsite 28,camp_site,paid,,,,,
150.07968,-33.46785,New South Wales,,camp_site,,,,,,
147.46063,-35.08722,New South Wales,Camp Kurrajong Scout Camp,camp_site,,,,,,
140.82375,-37.84124,South Australia,Limestone Coast Tourist Park,caravan_site,,,,,,
153.03505,-26.22515,Queensland,Fig Tree Point Campsite,camp_site,,,,,,
148.16818,-36.34879,New South Wales,,camp_site,,,,,,
147.29424,-37.36456,Victoria,Black Flat Camping Area,camp_site,,,,,,
147.25296,-37.00094,Victoria,,camp_site,,,,,,
146.98888,-36.78006,Victoria,Wandiligong Caravan and Camping Reserve,caravan_site,,,,,,
152.21099,-26.8656,Queensland,MacNamara's Camp,camp_site,free,,0,0,0,
131.66969,-12.73674,Northern Territory,Couzen's Lookout Camping Area,camp_site,,,,,,
152.35836,-29.12704,New South Wales,Rocky River 1,camp_site,,,,,,
141.4291,-35.59517,Victoria,Pigeon Springs Campground,camp_site,,,,,,
141.60812,-35.64893,Victoria,Milmed Swamp Campsite,camp_site,,,,,,
141.71905,-35.71063,Victoria,Round Swamp Campground,camp_site,,,,,,
141.71302,-35.64536,Victoria,Arnold Springs Campground,camp_site,,,,,,
141.24136,-34.08427,Victoria,Mouth of the Mullaroo Campsite,camp_site,,,,,,
141.51408,-34.2078,New South Wales,Camping and Picnic area,camp_site,,,,,,
141.07121,-34.56332,Victoria,Shearers Quarters camp ground,camp_site,,,,,,
150.98895,-34.08996,New South Wales,Mirang Pool Campsite,camp_site,paid,0,,,0,1
150.98001,-34.10143,New South Wales,,camp_site,,,,,,
148.51996,-37.79921,Victoria,Corringle,camp_site,,,,,,
148.51434,-37.74572,Victoria,,camp_site,,,,,,
148.51636,-37.74926,Victoria,,camp_site,,,,,,
148.50252,-37.72891,Victoria,,camp_site,,,,,,
148.50307,-37.73035,Victoria,,camp_site,,,,,,
148.50707,-37.74104,Victoria,,camp_site,,,,,,
148.49783,-37.72527,Victoria,,camp_site,,,,,,
148.52807,-37.75722,Victoria,,camp_site,,,,,,
148.46654,-37.72057,Victoria,,camp_site,,,,,,
148.47611,-37.72205,Victoria,,camp_site,,,,,,
148.49243,-37.7228,Victoria,,camp_site,,,,,,
144.36879,-37.24568,Victoria,Noonameena Scout Camp,camp_site,,,,,,
141.9982,-35.47995,Victoria,Remote Camp,camp_site,,,,,,
141.91164,-35.43174,Victoria,Snow Drift Picnic and Camping Area,camp_site,,,,,,
144.28378,-37.49316,Victoria,,camp_site,,,,,,
144.28065,-37.49179,Victoria,,camp_site,,,,,,
146.80361,-37.18832,Victoria,,camp_site,,,,,,
125.32964,-15.98976,Western Australia,Bachsten Camp,camp_site,,,,,,
146.5789,-38.47487,Victoria,Best Friend Holiday Retreat,caravan_site,,,,,,
137.1194,-35.23626,,Two Trees,camp_site,,,,,,
137.11116,-35.2355,,Breeze Way,camp_site,,,,,,
137.11142,-35.23543,,Fallen Giant,camp_site,,,,,,
137.11168,-35.23539,,Next Door,camp_site,,,,,,
137.11204,-35.23533,,17 Pa-no-ma,camp_site,,,,,,
137.11239,-35.23527,,Retreat,camp_site,,,,,,
137.11287,-35.2352,,Sandy Hollow,camp_site,,,,,,
137.11382,-35.23501,,Golden Orb,camp_site,,,,,,
137.1146,-35.23501,,The Arch,camp_site,,,,,,
137.11486,-35.23502,,,camp_site,,,,,,
151.25443,-33.52522,New South Wales,,camp_site,,,,,0,1
137.1216,-35.23708,,Pool Side,camp_site,,,,,,
137.12246,-35.23726,,,camp_site,,,,,,
137.12064,-35.23659,,The Nook,camp_site,,,,,,
137.1182,-35.23643,,The Rest,camp_site,,,,,,
137.11712,-35.23645,,Butlers Camp,camp_site,,,,,,
137.11639,-35.23663,,Salmon Sleepout,camp_site,,,,,,
137.11727,-35.23591,,Butlers North,camp_site,,,,,,
137.11509,-35.23501,,Salmon Corner,camp_site,,,,,,
137.11532,-35.23501,,Owls Perch,camp_site,,,,,,
137.11556,-35.23507,,Ocean Point,camp_site,,,,,,
137.12751,-35.23922,,Flat Rock,camp_site,,,,,,
137.13063,-35.24078,,The Crevice,camp_site,,,,,,
137.13587,-35.23996,,Coffin Beach,camp_site,,,,,,
137.13819,-35.23908,,Saw Tooth Rocks Camp,camp_site,,,,,,
137.1396,-35.24,,W,camp_site,,,,,,
137.14001,-35.24127,,Annie's Camp,camp_site,,,,,,
137.14131,-35.23986,,The Loop,camp_site,,,,,,
137.1369,-35.23788,,Out Bush,camp_site,,,,,,
137.13847,-35.24023,,The Dunes,camp_site,,,,,,
137.13978,-35.23999,,E,camp_site,,,,,,
137.14038,-35.24214,,Annie's Nursery,camp_site,,,,,,
137.14438,-35.24068,,TC's Blowout,camp_site,,,,,,
137.14587,-35.24013,,TC's,camp_site,,,,,,
137.15084,-35.23817,,B1,camp_site,,,,,,
137.15172,-35.23817,,B2,camp_site,,,,,,
137.15645,-35.2386,,B4,camp_site,,,,,,
137.15867,-35.23629,,Meteor Bay Camp,camp_site,,,,,,
144.17427,-37.38955,Victoria,,camp_site,,,,,,
135.31446,-34.56598,South Australia,Black Springs Camping Ground,camp_site,,,,,,
148.30375,-36.49992,New South Wales,Birralee Bush Camp,camp_site,,0,,,0,1
145.23799,-17.66557,Queensland,Innot Hot Springs,camp_site,,,,,,
145.85775,-37.14002,Victoria,Mountaineer Creek Campground,camp_site,,,,,,
152.24922,-29.53728,New South Wales,Camping Area for Horses,camp_site,,,,,,
122.69244,-16.77933,,Bell Point,camp_site,,,,,,
122.66348,-16.79637,Western Australia,Goombaragin Eco Retreat,caravan_site,,,,,,
122.59148,-16.76606,,Mercedes Cove Retreat,camp_site,,,,,,
122.57812,-16.77464,Western Australia,Middle Lagoon,camp_site,,,,,,
122.62218,-16.79958,Western Australia,Whalesong Campground,camp_site,,,,,,
122.87305,-16.53498,Western Australia,Chile Creek Campground,camp_site,,,,,,
146.03761,-37.29507,Victoria,Taylors Creek,camp_site,,,,,,
152.58368,-27.46269,Queensland,Lowood Showground,camp_site,paid,1,1,1,1,
145.96929,-37.27286,Victoria,Jerusalem Creek Campground,camp_site,,,,,,
144.21751,-38.39534,Victoria,Barwon District Camp Site,camp_site,,,,,,
144.21679,-38.39442,Victoria,Geelong Rivers Camp Site,camp_site,,,,,,
144.21333,-38.39559,Victoria,Rotunda,camp_site,,,,,,
144.21357,-38.39505,Victoria,Geelong Peninsula Campsite,camp_site,,,,,,
145.84029,-37.17304,Victoria,Devils Cove Campground,camp_site,,,,,,
144.21453,-38.3986,Victoria,Camp Fire Circle,camp_site,,,,,,
144.21385,-38.397,Victoria,BBQ,camp_site,,,,,,
133.9389,-32.15543,South Australia,,camp_site,,,,,,
152.31933,-32.50926,New South Wales,Boomeri Camping Area,camp_site,,,,,,
153.29435,-29.76033,New South Wales,Rocky Point campground,camp_site,paid,,,,,1
152.41008,-28.09556,Queensland,,camp_site,,,,,,
145.81607,-37.94929,Victoria,Gentle Annie Camp,camp_site,,,,,,
153.38034,-28.01306,Queensland,River Gardens Caravan Park,caravan_site,,,,,,
141.26871,-38.05442,Victoria,Moleside Canoe Camp,camp_site,paid,,,,,
153.00007,-26.1215,Queensland,Wandi Waterhole,camp_site,,,,,,
153.02084,-30.439,New South Wales,Bellinger River Tourist Park,caravan_site,,,,,,
152.71531,-30.35032,New South Wales,Dorrigo Mountain Holiday Park,caravan_site,paid,,,,,
146.74291,-37.43367,Victoria,,camp_site,,,,,,
145.90777,-41.52937,Tasmania,Lake Lea Camping Area,camp_site,,,,,,
153.07745,-26.07309,Queensland,Litoria Walkers Camp,camp_site,paid,,,,,
149.52133,-37.73882,Victoria,Easby Creek Camp,camp_site,,,,,,
149.56444,-37.72233,Victoria,Red River Camp,camp_site,,,,,,
149.41136,-37.77208,Victoria,Petrel Point Camp Site,camp_site,,,,,,
149.68192,-37.66417,Victoria,Seal Creek Camp,camp_site,,,,,,
149.62089,-37.69844,Victoria,Benedore River Camp,camp_site,,,,,,
130.33955,-16.08602,Northern Territory,Spring Creek Yard Camp,camp_site,,,,,,
130.46126,-16.44036,Northern Territory,Top Humbert Yard,camp_site,,,,,,
130.19922,-17.16554,Northern Territory,Depot Creek,camp_site,,,,,,
130.10041,-16.45255,Northern Territory,East Baines Camp,camp_site,,,,,,
139.15859,-30.48009,South Australia,,camp_site,,,,,,1
145.94042,-35.96693,,Zanettis,camp_site,,,,,,
145.83648,-35.97789,New South Wales,Bourkes Bend No 1,camp_site,,,,,,
142.02848,-36.53309,Victoria,Wail Campsite 2,camp_site,free,,,,,
142.01962,-36.53643,Victoria,Wail Campsite 3,camp_site,free,,,,,
152.86567,-28.21151,Queensland,Rathdowney Memorial Grounds Caravan Park,caravan_site,paid,,,1,,
150.25149,-33.81424,New South Wales,,camp_site,,,,,,
144.20688,-14.8859,Queensland,Midway Waterhole Camping Area,camp_site,,,,,,
144.60965,-15.2837,Queensland,Horseshoe Lagoon Camping Area,camp_site,,,,,,
144.44742,-15.28046,Queensland,Six Mile Waterhole Camping Area,camp_site,,,,,,
144.43385,-15.20038,Queensland,Twelve Mile Lagoon Camping Area,camp_site,,,,,,
144.59305,-15.25516,Queensland,Welcome Waterhole Camping Area,camp_site,,,,,,
143.83787,-14.66218,Queensland,Sweetwater Lake Camping Area,camp_site,,,,,,
143.89851,-14.62235,Queensland,Saltwater Creek Camping Area (2),camp_site,,,,,,
143.90457,-14.60906,Queensland,Saltwater Creek Camping Area (4),camp_site,,,,,,
145.86293,-41.25215,Tasmania,,camp_site,,,,,,
115.62926,-31.5386,Western Australia,Club,caravan_site,,,,,,
153.2535,-28.1587,Queensland,Woonoongoora Walkers Camp,camp_site,,,,,,
152.90779,-25.29459,Queensland,,camp_site,paid,,,,,
114.62978,-28.29811,Western Australia,Northbrook Farm Stay,camp_site,,,,,,
131.10738,-13.23883,Northern Territory,Adelaide River Inn,caravan_site,paid,,,,,
131.50004,-12.76294,Northern Territory,Corroboree Park Tavern,caravan_site,paid,1,,,,
117.83658,-22.80502,Western Australia,Pascoes Possie,camp_site,,,,,,
153.44414,-27.09293,Queensland,Blue Lagoon camping area,camp_site,,,,,,
115.81567,-31.80162,Western Australia,Cherokee Village,caravan_site,,,,,,
131.65129,-12.90756,Northern Territory,Mary River Wilderness Retreat,camp_site,,,,,,
138.64808,-34.87878,South Australia,Windsor Gardens Caravan Park,caravan_site,,,,,,
141.62698,-34.89103,Victoria,Underbool Track Camping Area,camp_site,,,,,,
141.75958,-34.81159,Victoria,Mopoke Hut Camping Area,camp_site,,,,,,
116.19685,-34.83723,Western Australia,,camp_site,free,,,,,
141.96696,-30.61081,New South Wales,Packsaddle Roadhouse,camp_site,paid,1,,,1,
132.5759,-13.49846,Northern Territory,Jarrangbarnmi Camping Area,camp_site,,,,,,
142.35518,-37.61467,Victoria,Grampians Retreat,camp_site,,,,,,
144.14915,-29.70228,New South Wales,Wanaaring Store and Caravan Park,camp_site,paid,1,,1,1,
118.3381,-34.35111,Western Australia,,camp_site,,,,,,1
118.30435,-34.35644,Western Australia,She-Oak col,camp_site,,,,,,1
118.31265,-34.35754,Western Australia,Camping cave,camp_site,,,,,,1
117.23779,-35.0165,Western Australia,William Bay Campsite,camp_site,free,1,,,0,1
116.90344,-34.97385,Western Australia,Giants (Bibbulmun campsite),camp_site,free,1,,,0,1
149.44592,-35.59066,New South Wales,Wilkins Memorial Park,camp_site,paid,1,1,0,1,
136.65747,-35.95174,South Australia,Snakelagoon Campsite,camp_site,,,,,,
136.6557,-35.95244,South Australia,Snakelagoon Campsite,camp_site,,,,,,
138.06524,-32.80053,South Australia,Hidden Camp,camp_site,,,,,,
133.85949,-18.45138,Northern Territory,Gravel Pit Camp,camp_site,,,,,,
146.6586,-43.58441,Tasmania,Surprise Bay Campsite,camp_site,,,,,0,1
146.59018,-43.53642,,New River Lagoon Boat Crossing Campsite,camp_site,,,,,0,1
146.51271,-43.52331,Tasmania,Turua Beach West Campsite,camp_site,,,,,0,1
148.18492,-37.82915,Victoria,Pettmans Beach Camping Area,camp_site,,,,,,
116.2122,-30.9733,Western Australia,New Norcia Roadhouse,camp_site,paid,1,,1,1,
146.06308,-37.35338,Victoria,Bulldog Flat campsite,camp_site,,,,,,
146.05975,-37.34602,Victoria,Burnt Bridge campsite,camp_site,,,,,,
114.95813,-30.04194,Western Australia,Billygoat Bay Carpark,camp_site,free,1,0,,,
115.94155,-31.92891,Western Australia,Central Caravan Park,caravan_site,,,,,,
150.21919,-33.55423,New South Wales,Mt York Campground,camp_site,,,,,,
114.97489,-29.60447,,Freshwater Point Rest Area,camp_site,,,,,,
114.96603,-29.65264,Western Australia,Kobby Head North Rest Area,camp_site,,,,,,
146.72835,-37.5663,Victoria,Chromite Mine Campsite,camp_site,free,,,,,
146.36473,-38.91058,Victoria,Barry Creek Campsite,camp_site,,,,,,1
146.36458,-38.8776,Victoria,Lower Barry Creek Campsite,camp_site,,,,,,1
153.23018,-27.60504,Queensland,Logan Hill,camp_site,,,,,,
151.85346,-24.87593,Queensland,Lake Monduran Holiday Park,camp_site,paid,,,,,
150.80794,-34.23257,New South Wales,Sandy Plateau,camp_site,,,,,,
150.80737,-34.23353,New South Wales,,camp_site,,,,,,
149.36102,-37.27757,Victoria,,camp_site,free,0,,,,
148.77865,-37.39381,Victoria,Mount Ellery (Barumpa),camp_site,,,,,,1
151.33186,-33.06235,New South Wales,Olney HQ Campsite,camp_site,free,1,1,0,0,
152.94805,-26.06324,Queensland,Neebs Waterhole Campsite,camp_site,,,,,,
114.18749,-27.68942,Western Australia,Big River Ranch,caravan_site,paid,,,1,,
146.99852,-42.98138,Tasmania,Campervan West at Huon Bush Retreats,caravan_site,,,,,,
146.99962,-42.98142,Tasmania,Tentsite East at Huon Bush Retreats,camp_site,,,,,,
146.99866,-42.98269,Tasmania,Car Camp South at Huon Bush Retreats,camp_site,,,,,,
146.9997,-42.98182,Tasmania,Campervan East at Huon Bush Retreats,caravan_site,,,,,,
146.99903,-42.98206,Tasmania,Camp Kitchen at Huon Bush Retreats,camp_site,,,,,,
139.08517,-30.60223,South Australia,,camp_site,,,,,,
148.74047,-35.2806,New South Wales,Lowells Flat Campground,camp_site,free,1,,,0,
148.7384,-35.26637,New South Wales,McIntyres Campground,camp_site,free,0,,,0,
148.80716,-35.29734,New South Wales,Coree Campground,camp_site,paid,1,,,0,
152.27922,-28.86271,New South Wales,Rover Park main Camp Ground,caravan_site,,,,,,
152.27414,-28.86921,New South Wales,Camp 2 River Flats-No Caravans,camp_site,,,,,,
151.84766,-29.43685,New South Wales,Deepwater Longhorn Bar Grill,camp_site,free,1,,1,1,
116.64429,-35.01141,Western Australia,,camp_site,,0,,,0,1
116.65296,-35.04434,Western Australia,Peppermints (second area),camp_site,free,,,,,1
116.64618,-34.9983,Western Australia,Mount Clare campsite,camp_site,free,1,,,0,1
150.09235,-33.24391,New South Wales,,camp_site,,0,,,0,1
148.29286,-42.19169,Tasmania,Promise Bay Overnight Walker Campsite,camp_site,free,,,,0,1
148.26585,-42.22933,Tasmania,,camp_site,free,,,,0,1
150.52173,-34.72836,New South Wales,Holiday Haven - Kangaroo Valley,caravan_site,,1,,,,
150.26831,-33.67571,New South Wales,Blackheath Glen Reserve,camp_site,free,1,,,0,
145.98986,-37.34131,Victoria,O'Tooles Flat,camp_site,,,,,,
151.71018,-31.69915,New South Wales,,camp_site,,,,,,
151.57083,-31.85804,New South Wales,Cascade Falls Campground,camp_site,,,,,,
146.53747,-36.96383,Victoria,Bennies,camp_site,,,,,,
115.03218,-33.64634,Western Australia,Caves Caravan Park,camp_site,,,,,,
146.53508,-36.96642,Victoria,Bennies,camp_site,,,,,,
146.57348,-37.10328,Victoria,,camp_site,,,,,,
146.61525,-37.0782,Victoria,Mustering Flat,camp_site,,,,,,
146.64899,-37.11962,Victoria,Camp Creek,camp_site,,,,,,1
146.53348,-37.00948,Victoria,,camp_site,,,,,,
146.74041,-37.45666,Victoria,Thomastown Campsite,camp_site,,,,,,
146.63585,-37.51607,Victoria,13 Greenhood Camp,camp_site,free,0,,,,
146.6217,-37.5194,Victoria,11 Red Bluff Camp,camp_site,free,0,,,,
146.61409,-37.52292,Victoria,9 Cockatoo Camp,camp_site,free,1,,,,
146.6121,-37.53977,Victoria,5 Pardalote Camp,camp_site,free,1,,,,
146.61263,-37.53487,Victoria,6 Treefrog Camp,camp_site,free,0,,,,
146.61782,-37.55122,Victoria,2 Boobook camp,camp_site,free,1,,,,
146.61975,-37.55359,Victoria,1 Wild Cherry Camp,camp_site,,,,,,
146.61442,-37.54936,Victoria,3 Blackfish Camp,camp_site,free,0,,,,
150.08348,-33.47199,New South Wales,,camp_site,,,,,,
150.07376,-33.47665,New South Wales,,camp_site,,,,,,
145.22031,-35.83674,Victoria,Corner Bend Beach Camp,camp_site,,,,,,
145.23991,-35.83423,,The Wattles (Hope Amongst The Reeds) Camping Area 1,camp_site,,,,,,
127.99934,-17.4383,Western Australia,Bungle Bungle Caravan Park,caravan_site,paid,,,,,
150.89664,-33.27084,New South Wales,Heartbreak Hill Camping Area,camp_site,paid,,,,0,1
146.67073,-37.17215,Victoria,Macalister Springs,camp_site,free,,,,,
146.71053,-37.11536,Victoria,Viking Saddle,camp_site,,,,,,1
146.66036,-37.11413,Victoria,Catherine Saddle,camp_site,,,,,,1
146.74361,-37.15551,Victoria,,camp_site,,,,,,
146.64942,-37.12401,Victoria,,camp_site,,,,,,1
148.59314,-36.43027,New South Wales,Adventist Alpine Village,caravan_site,,,,,,
151.93825,-30.00695,New South Wales,,camp_site,,,,,,
150.20968,-35.73879,,Caseys Beach Holiday Park,caravan_site,paid,,,,,
150.12926,-35.64336,New South Wales,Nelligen Holiday Park,caravan_site,,,,,,
150.21157,-35.74514,,Pleasurelea,caravan_site,paid,,,,,
131.54185,-23.86876,Northern Territory,Harolds Camp,camp_site,,,,,,
133.9386,-21.42383,Northern Territory,Gravel Pit Camping,camp_site,,,,,,
153.39237,-28.3233,New South Wales,Murwillumbah Showgrounds,camp_site,paid,,,,,
152.42225,-28.7191,New South Wales,Bush camping,camp_site,free,,,,,
151.099,-28.95982,New South Wales,Goat Rock Camping Ground and Tourist Park,camp_site,paid,1,,0,1,
152.5574,-29.36145,New South Wales,,camp_site,paid,,,,,
143.20468,-38.74443,Victoria,Devil's Kitchen Campsite,camp_site,,,,,,
151.54466,-33.0962,,Lake Macquarie Outdoor Recreation Centre,camp_site,,,,,,
148.54308,-20.7977,Queensland,Jaxut camping area,camp_site,paid,,,,,
150.89246,-26.449,Queensland,Concordia Outdoor Education camp,camp_site,,,,,,
118.14713,-33.54489,Western Australia,Nyabing Caravan Park,camp_site,paid,1,,1,1,
146.54994,-41.1643,,Moomba camping & caravan site,caravan_site,,,,,,
144.92925,-38.44296,Victoria,Lightwood Camp Area,camp_site,free,1,,,,
152.77432,-29.58969,New South Wales,Copmanhurst Showground,camp_site,paid,1,,1,0,
152.783,-29.59118,New South Wales,Copmanhurst Freecamp,camp_site,free,1,,,0,
152.57223,-29.38984,New South Wales,The Gorge,camp_site,paid,,,,,
152.2827,-28.86689,New South Wales,Campsite 1,caravan_site,,,,,,
149.9829,-33.83107,New South Wales,Forest Lodge Camp Ground,camp_site,paid,,,,,
153.56628,-28.32166,New South Wales,Wollumbin Scout Camp,camp_site,,,,,,
150.09128,-34.34077,New South Wales,,camp_site,,,,,,
130.6068,-16.86553,Northern Territory,Paperbark Yard Campground,camp_site,,,,,,
130.27622,-16.628,Northern Territory,,camp_site,,,,,,
116.14351,-34.50714,Western Australia,Moons Crossing camp site,camp_site,free,0,,,0,
152.68475,-28.25941,Queensland,Barney Gorge Junction,camp_site,paid,,,,,
152.66911,-28.21841,Queensland,Mt May Saddle,camp_site,paid,,,,,1
145.76434,-40.999,,Leisure Ville Caravan and Campsite,caravan_site,paid,1,,,1,
150.60572,-34.24098,New South Wales,Warrabunda Scouts Campsite,camp_site,,,,,,
148.28132,-41.21178,,Sloop Reef,camp_site,,,,,,
150.40813,-32.38207,New South Wales,Travelling Stock Route,camp_site,,,,,0,
148.06337,-42.58169,Tasmania,Darlington Campsite,camp_site,,,,,,1
147.43289,-36.66372,Victoria,Lightning Creek Campground / Rest / Picnic Area (South),camp_site,free,1,,,0,
151.75448,-31.64517,New South Wales,,camp_site,,,,,,
139.56058,-34.75177,South Australia,,camp_site,,,,,,
139.56152,-34.75204,South Australia,,camp_site,,,,,,
139.56226,-34.75227,South Australia,,camp_site,,,,,,
150.20985,-32.65955,New South Wales,,camp_site,,,,,0,
151.69781,-31.93052,New South Wales,Camp Cobark Camping Ground,camp_site,,,,,,
151.70967,-31.93708,New South Wales,Camp Cobark,camp_site,,,,,,
152.12706,-31.24756,New South Wales,Puppy Camp,camp_site,,,,,,
151.89739,-31.45658,New South Wales,,camp_site,,,,,,
151.71869,-31.52181,New South Wales,,camp_site,,,,,,
146.47916,-43.26984,Tasmania,Bechervaise Plateau Campsite,camp_site,,,,,0,1
146.4451,-43.2362,Tasmania,Goon Moor Campsite,camp_site,,,,,0,1
146.36235,-43.16686,Tasmania,Promontory Lake Campsite,camp_site,,,,,0,1
146.45156,-43.22872,Tasmania,Stuart Saddle Campsite,camp_site,,,,,0,1
146.4319,-43.18198,Tasmania,Lake Rosanne Camp Site,camp_site,,,,,0,1
146.46236,-43.20248,Tasmania,Pass Creek Campsite,camp_site,,,,,0,1
147.29368,-36.90737,Victoria,,camp_site,paid,,,,,
150.21568,-34.47998,New South Wales,,camp_site,,,,,,
150.22166,-34.47486,New South Wales,,camp_site,,,,,,
150.22356,-34.4798,New South Wales,,camp_site,,,,,,
150.22334,-34.48084,New South Wales,,camp_site,,,,,,
148.74414,-33.28422,New South Wales,Cudal Caravan Park,caravan_site,,,,1,,
130.72577,-13.79865,Northern Territory,Mount Nancar Wilderness Retreat,camp_site,,,,,,
130.13432,-13.17422,Northern Territory,Channel Point Coastal Reserve,camp_site,,,,,,
147.83962,-31.69483,New South Wales,Macquarie Caravan Park,caravan_site,,,,,,
147.82991,-31.69837,New South Wales,Warren Caravan Park,caravan_site,,,,,,
141.87231,-22.92456,Queensland,,camp_site,,,,,,1
146.86047,-29.96705,New South Wales,Brewarrina Caravan Park,caravan_site,,,,,,
149.46759,-34.4547,New South Wales,Crookwell Caravan Park,camp_site,paid,1,,1,1,
150.2142,-33.85619,New South Wales,,camp_site,,,,,,1
150.56434,-33.83528,New South Wales,Camp fire site,camp_site,,0,,,0,1
150.31062,-33.20074,New South Wales,,camp_site,,0,,,0,1
150.31775,-33.17765,New South Wales,Twilight Canyon Creek campsite,camp_site,,0,,,0,1
141.86325,-37.14941,Victoria,Fulham Streamside reserve,camp_site,,,,,,
152.28221,-28.86739,New South Wales,Log Camp,camp_site,,,,,,
152.28122,-28.86768,New South Wales,Main Camp,camp_site,,,,,,
150.24204,-33.44574,New South Wales,,camp_site,,,,,,
150.16844,-33.42643,New South Wales,INACCESSIBLE - Gated,camp_site,,,,,,
144.08124,-23.21035,Queensland,Darr Waterhole,camp_site,,,,,,1
147.85765,-37.87803,Victoria,Chinamans - Creek,camp_site,,,,,,
146.3788,-38.22946,Victoria,Morwell Resterea,camp_site,,,,,,
145.71922,-38.09999,Victoria,Bunyip Recreation Area,camp_site,,,,,,
150.07472,-33.47765,New South Wales,,camp_site,,,,,,
150.06682,-33.4894,New South Wales,,camp_site,,,,,,
150.06199,-33.49488,New South Wales,,camp_site,,,,,,
150.08019,-33.49539,New South Wales,,camp_site,,,,,,
150.07825,-33.49763,New South Wales,,camp_site,,,,,,
150.07286,-33.49875,New South Wales,,camp_site,,,,,,
115.93092,-34.28046,Western Australia,Boarding House Campsite,camp_site,free,1,,,0,1
151.93487,-28.37529,Queensland,,camp_site,,,,,,
117.65952,-34.61668,Western Australia,Mount Barker Caravan Park,caravan_site,,,,,,
115.84086,-34.3118,Western Australia,Beavis Campsite,camp_site,,1,,,0,1
152.40596,-25.91583,Queensland,Fernhill Park - Camping and Fishing,camp_site,,,,,,
152.41363,-25.90687,Queensland,Glen Echo Dirt Bike and Camping Park,camp_site,,,,,,
152.54402,-25.94599,Queensland,Theebine Pub Camp,camp_site,,,,,,
115.91292,-34.16457,Western Australia,Tom Road Campsite,camp_site,free,1,,,0,1
148.62351,-31.94904,New South Wales,Eumungerie Recreation Reserve Camp Site,camp_site,paid,1,1,1,1,
148.11836,-35.06712,New South Wales,,camp_site,,,,,,
151.15277,-33.46609,,Gentlemans Halt,camp_site,free,,,,,
149.39638,-26.63666,Queensland,Judds Lagoon Campground,camp_site,free,1,,,0,
150.28664,-33.75113,New South Wales,,camp_site,,,,,0,1
150.29457,-33.76137,New South Wales,Ruined Castle campsite,camp_site,,,,,0,1
152.69643,-27.05921,Queensland,Neurum Creek Campground,camp_site,paid,,,,,
153.33677,-24.9673,Queensland,Waddy Point Top Campground,camp_site,,,,,,
128.73759,-15.77719,Western Australia,Town Caravanpark,caravan_site,,,,,,
138.02706,-32.70553,South Australia,Hancocks Lookout,camp_site,,0,,,,
152.70876,-30.33961,New South Wales,Dorrigo Rest Area,camp_site,,0,0,0,0,
151.74226,-29.74181,New South Wales,Glen Innes Showground,camp_site,paid,1,,,,
153.55234,-28.45691,New South Wales,Wooyung Beach Holiday Park,camp_site,,1,1,1,1,
115.99722,-31.99185,Western Australia,Discovery Holiday Park (BIG4),caravan_site,paid,1,1,1,,
152.18679,-31.48662,New South Wales,Maxwells Flat Camp Cround,camp_site,,,,,,
130.23527,-16.84864,Northern Territory,Wilingarri,camp_site,,,,,,
139.23502,-29.9497,South Australia,Mt Freeling Station,camp_site,paid,,,,,
145.2278,-37.45825,Victoria,Kinglake Ranges Wilderness Camp,camp_site,,,,,,
127.22165,-15.93159,Western Australia,Durack River Crossing,caravan_site,,,,,,
145.60496,-16.84169,Queensland,The Billabong Kuranda,camp_site,,,,,,
133.23869,-24.5516,Northern Territory,Finke River Rest Area,camp_site,,,,,,
128.29289,-17.53168,Western Australia,Bungle Bungles﻿ Savannah Lodge,camp_site,,,,,,
122.92839,-16.39441,Western Australia,Kooljaman Safari Tents,caravan_site,,,,,,
126.11141,-17.51479,Western Australia,Mornington Wilderness Camp,camp_site,,,,,,
125.84272,-14.81435,Western Australia,Ngauwudu Safari Camp,camp_site,,,,,,
116.14388,-32.11288,Western Australia,Free camp off layby,camp_site,,,,,,
116.14399,-32.11309,Western Australia,camper van camping,camp_site,,,,,,
119.16312,-32.53531,Western Australia,camper van campsite,camp_site,,,,,,
121.09918,-33.77355,Western Australia,Free campervan bush camping spot,camp_site,,,,,,
123.66505,-32.37729,Western Australia,Free Bush Van Camping,camp_site,,0,,,,
136.39788,-34.0244,South Australia,Bush camp,camp_site,,,,,,
121.09918,-33.77377,Western Australia,Bush camp,camp_site,,,,,,
138.29544,-32.09892,South Australia,Creek camp,camp_site,,,,,,
138.55522,-33.27614,South Australia,start of forest walk,camp_site,,,,,,
149.02918,-33.94615,New South Wales,Banyande Bay,camp_site,,,,,,
148.85647,-32.65562,New South Wales,Camping Hill,camp_site,,,,,,
149.03181,-33.94222,New South Wales,Decca,camp_site,,0,,,0,
149.01132,-33.9112,New South Wales,,camp_site,,,,,,
149.05208,-33.98737,New South Wales,,camp_site,,,,,,
150.25293,-35.13969,New South Wales,Sassafras,camp_site,,,,,0,
148.25253,-20.12188,Queensland,,camp_site,,,,,,
148.59668,-20.70632,Queensland,,camp_site,free,,,,,
140.72501,-33.48396,South Australia,Camp 5,camp_site,paid,,,,,
140.70282,-33.48789,South Australia,Camp 1,camp_site,paid,,,,,
140.71554,-33.49276,South Australia,Camp 4,camp_site,paid,,,,,
140.71243,-33.49531,South Australia,Camp 3,camp_site,,,,,,
144.31184,-15.1123,Queensland,Kennedy Bend Campsite,camp_site,,,,,,
144.33368,-15.06595,Queensland,Old Faithful Waterhole,camp_site,,,,,,
113.76693,-23.51033,Western Australia,#30,camp_site,,,,,,
153.36805,-27.14882,Queensland,Ben Ewa Moreton Bay Escapes Campsite,camp_site,,,,,,
153.4437,-27.09342,Queensland,Blue Lagoon Sunrover Campsite,camp_site,,,,,,
153.09226,-25.59904,Queensland,Sunrover Dilli Village Campsite,camp_site,,,,,,
153.28371,-25.16663,Queensland,Sunrover Dundubara Campsite,camp_site,,,,,,
145.15788,-16.56475,Queensland,Leichhardt Creek Organic Farm,camp_site,,,,,,
133.79517,-23.66828,Northern Territory,Wallaby Gap,camp_site,,,,,0,1
145.10762,-37.3533,Victoria,Andersons Garden,camp_site,,,,,,
135.168,-29.96699,South Australia,Off the Road Banana Loop Bush Camp,camp_site,free,,,,,
148.5181,-35.77726,New South Wales,Bullocks Hill Horse Camp / Campground,camp_site,paid,1,,,0,
150.32368,-33.12323,New South Wales,Coorongooba Camping Area,camp_site,,1,,,0,
149.95316,-33.18387,New South Wales,Diggings Camping Area,camp_site,free,,,,,
148.59186,-35.69269,New South Wales,Ghost Gully Camping Ground,camp_site,free,,,,0,
149.90641,-32.98319,New South Wales,Mt Vincent Camp Centre,camp_site,,,,,,
148.72837,-35.69967,New South Wales,Old Snowy Camp,camp_site,paid,,,,,
150.2819,-32.53861,New South Wales,,camp_site,,,,,0,
149.89329,-33.13594,New South Wales,,camp_site,,,,,,
149.89674,-33.93741,New South Wales,,camp_site,,,,,,
150.61778,-33.80017,New South Wales,Apple Tree Flat Campsite,camp_site,paid,1,,,,
150.61862,-33.80081,New South Wales,Bennetts Ridge Campsite,camp_site,paid,1,,,,
150.33184,-34.48302,New South Wales,Berrima Scout Camp,camp_site,,,,,,
150.72834,-35.13789,,Bristol Point Camping Ground,camp_site,,,,,,
150.98635,-33.78699,New South Wales,Bundilla Scout Camp,camp_site,paid,1,,,1,
151.75571,-32.5252,New South Wales,Callemondah Guide Camp,camp_site,,,,,,
151.15318,-33.52243,New South Wales,Camp Knox,camp_site,,,,,0,
151.54859,-33.2795,New South Wales,Camp Toukley,camp_site,,,,,,
151.04124,-34.03763,New South Wales,Camp Wanawong,camp_site,,,,,,
151.10784,-33.62839,New South Wales,Crosslands Youth Camp,camp_site,,1,,,1,
151.15229,-33.7089,New South Wales,Glengarry State Training Centre,camp_site,,,,,,
151.73189,-32.96206,New South Wales,Glenrock Scout Training Camp,camp_site,paid,1,,,1,
151.26101,-33.67406,New South Wales,Ingleside Scout Camp,camp_site,paid,1,,,1,
150.85223,-34.06803,New South Wales,Kentlyn Campsite,camp_site,,,,,,
150.97753,-30.94737,New South Wales,Lynchwood Boy Scout Camp,camp_site,,,,,,
151.19646,-33.29681,New South Wales,Mangrove Mountain Retreat,camp_site,,,,,,
150.88403,-34.03114,New South Wales,Minto Bush Camp,camp_site,,,,,,
150.6155,-33.79978,New South Wales,Nioka Campsite,camp_site,paid,1,,,,
150.61604,-33.79914,New South Wales,Redgum Campsite,camp_site,paid,1,,,,
150.66444,-33.65375,New South Wales,River Park Christian Youth Camp,camp_site,,,,,,
150.61969,-33.92748,New South Wales,Tara Girl Guides,camp_site,,,,,,
150.96523,-29.94039,New South Wales,Kamilaroi Scout Camp,camp_site,,,,,,
150.4937,-30.887,New South Wales,,camp_site,,,,,,
151.8107,-31.50206,New South Wales,,camp_site,,,,,,
151.29163,-31.94377,New South Wales,,camp_site,,,,,,
151.4237,-32.31794,New South Wales,,camp_site,,,,,,
150.78508,-33.60792,New South Wales,Hawkesbury Showground,camp_site,,1,,,1,
152.22434,-29.17238,New South Wales,Billyrimba Creek Campsite,camp_site,,,,,,
152.38506,-30.25096,New South Wales,Blicks Campsite,camp_site,,,,,,
152.40018,-31.19795,New South Wales,Camerons Camp,camp_site,,,,,,
153.16024,-28.73072,New South Wales,Camp Marsh,camp_site,,,,,,
152.22646,-28.80847,New South Wales,Gilgurry Campsite,camp_site,,,,,,
152.24345,-29.30801,New South Wales,Grasstree Campsite,camp_site,,,,,,
152.03321,-29.63763,New South Wales,Gwydir Highway Campsite,camp_site,,,,,,
153.0419,-31.07948,New South Wales,Hungry Gate Camping Area,camp_site,,,,,,
152.74832,-28.52077,New South Wales,Iron Pot Creek Campground,camp_site,,,,,,
152.3984,-30.34511,New South Wales,Jocks Water Campsite,camp_site,,,,,,
152.45258,-32.40874,New South Wales,Neranie Head Campground,camp_site,paid,,,,,
152.71478,-31.00832,New South Wales,Woorabinda Youth Camp,camp_site,,,,,,
152.14466,-28.44902,New South Wales,,camp_site,,,,,,
153.36618,-28.62081,New South Wales,,camp_site,,,,,,
152.17917,-28.75609,New South Wales,,camp_site,,,,,,
152.26349,-28.85042,New South Wales,,camp_site,,,,,,
152.13316,-29.5528,New South Wales,,camp_site,,,,,,
152.06288,-29.67204,New South Wales,,camp_site,,,,,,
152.08831,-29.67798,New South Wales,,camp_site,,,,,,
152.09679,-29.68544,New South Wales,,camp_site,,,,,,
152.19267,-29.75396,New South Wales,,camp_site,,,,,,
152.28994,-29.8338,New South Wales,,camp_site,,,,,,
152.29287,-29.97574,New South Wales,,camp_site,,,,,,
152.29308,-30.11359,New South Wales,,camp_site,,,,,,
152.82646,-30.34227,New South Wales,,camp_site,,,,,,
152.19067,-30.75238,New South Wales,George Creek TSR,camp_site,free,1,,,0,
152.17968,-30.91364,New South Wales,,camp_site,,,,,,
152.20922,-30.99951,New South Wales,,camp_site,,,,,,
152.25492,-31.07346,New South Wales,Youdales Hut Campground,camp_site,,,,,,
152.24585,-31.37578,New South Wales,,camp_site,,,,,,
151.85771,-31.49391,New South Wales,,camp_site,,,,,,
152.67517,-31.66138,New South Wales,,camp_site,,,,,,
152.28586,-32.4548,New South Wales,,camp_site,,,,,,
152.37816,-32.45559,New South Wales,Shelly Point,camp_site,,,,,,
152.32797,-32.4851,New South Wales,,camp_site,,,,,,
152.32197,-32.51852,New South Wales,,camp_site,,,,,,
150.81017,-33.42453,New South Wales,Bielany,camp_site,,,,,,
150.6802,-33.61684,New South Wales,Camp Yarramundi,camp_site,,,,,,
150.12702,-36.16391,New South Wales,Dalmeny Caravan And Camping Ground,camp_site,,,,,,
149.9667,-33.97178,New South Wales,Dingo Dell Campground,camp_site,free,,,,,
151.15232,-33.70916,New South Wales,Guides Of NSW Glengarry Camp,camp_site,paid,1,,,1,
150.43675,-35.40749,New South Wales,Lagoon Point Conference And Camping Area,camp_site,,,,,,
152.56251,-32.0084,New South Wales,Saltwater Reserve,camp_site,,,,,,
150.56741,-34.87187,New South Wales,Shoalhaven Zoo Camping Reserve,camp_site,,,,,,
150.59825,-30.38573,New South Wales,Barraba Showground,camp_site,,,,,,
150.84534,-30.93184,New South Wales,Temporary Camping Only - Country Music Festival,camp_site,,1,,,1,
148.03998,-34.64219,New South Wales,,camp_site,,,,,,
146.97064,-36.04831,New South Wales,,camp_site,,,,,,
149.59007,-33.41754,New South Wales,Bathurst Showgrounds Camping Area,camp_site,,,,,,
148.68151,-35.13879,New South Wales,Billy Grace Reserve,camp_site,paid,1,,,1,
151.1344,-31.35885,New South Wales,Chaffey Dam Camping Reserve,camp_site,paid,1,,,,
149.68666,-33.13621,New South Wales,Wattle Flat Heritage Lands Northern Section Camping Area,camp_site,paid,1,,,0,
152.4305,-28.76891,New South Wales,Lanikai Camping Ground,camp_site,,,,,,
153.41134,-28.49488,New South Wales,Maca s Camping Ground,camp_site,,,,,,
151.08651,-31.51905,New South Wales,Teamsters Rest Campsite,camp_site,,,,,,
150.94207,-33.36104,New South Wales,The Grove,camp_site,,,,,,
147.11209,-35.26477,New South Wales,The Rock Recreational Grounds,camp_site,,1,1,0,1,
149.22978,-35.35599,New South Wales,,camp_site,,,,,,
146.80215,-35.4624,New South Wales,Pleasant Hills Campground,camp_site,,,,,,
144.9639,-35.523,New South Wales,,camp_site,,,,,,
146.97044,-36.05199,New South Wales,,camp_site,,,,,,
150.96035,-31.11418,New South Wales,Austin Caravan Park,caravan_site,,,,,,
152.09723,-28.6185,New South Wales,Aloomba Lavender,camp_site,paid,1,,1,1,
153.22128,-28.48618,New South Wales,Burrellea Caravan Park - Closed,caravan_site,,,,,,
152.97797,-28.38009,New South Wales,Hidden Valley Tea Gardens Camping,camp_site,paid,,,,,
151.9994,-28.71191,Queensland,Sommerville Valley Tourist Park,caravan_site,,,,,,
150.983,-31.12381,New South Wales,Tamworth North Holiday Park,caravan_site,,,,,,
150.38196,-34.67089,New South Wales,Sandy Creek Camp,camp_site,,,,,,
133.87294,-23.79235,Northern Territory,,camp_site,free,,,,,
153.07312,-25.82722,Queensland,The Oaks,camp_site,,,,,,
151.88167,-24.20464,Queensland,Horizons Kangaroo Sanctuary,camp_site,,,,,,
122.61075,-16.77548,,Pender Bay Escape,camp_site,,,,,,
152.53437,-32.33152,New South Wales,Pacific Palms Caravan Park,caravan_site,,,,,,
122.62777,-16.80015,Western Australia,Embalgun - Smithy's Seaside Adventures,camp_site,,,,,,
143.03344,-22.41796,Queensland,long river,camp_site,,,,,,
148.92255,-37.78008,Victoria,,camp_site,,,,,,
143.6604,-35.44066,Victoria,Lake Boga Campsite,camp_site,paid,,,,,
118.15833,-32.667,Western Australia,Kulin Caravan Park,caravan_site,,,,,,
147.57622,-34.85965,New South Wales,Junee Tourist Park,caravan_site,,,,,,
120.16207,-30.81648,Western Australia,Jaurdi Homestead,camp_site,,,,,,
153.62449,-28.6427,New South Wales,Reflections Byron Bay - Holiday Park,camp_site,paid,,,,,
142.31871,-37.58596,Victoria,Freshwater Lake Campground,camp_site,free,,,,,
123.05094,-16.45716,Western Australia,,camp_site,,,,,,
147.55281,-22.97029,Queensland,Theresa Creek Dam Campground,camp_site,paid,,,,,
146.41899,-20.98716,Queensland,Cape River Rest Area,camp_site,,1,,,0,
148.16638,-23.53061,Queensland,Botanic Gardens Free Campsite,camp_site,,0,,,,
149.67251,-23.72123,Queensland,Mackenzie Park / Duaringa Rest Area,camp_site,paid,1,,,1,
151.30331,-24.07127,Queensland,Lake Awoonga Caravan Park,camp_site,,,,,,
148.63628,-21.08427,Queensland,Platypus Bushcamp,camp_site,paid,,,,,
150.57644,-29.86105,New South Wales,Bingara Riverside Camp,camp_site,,,,,,
145.46338,-16.4946,Queensland,Pandanus Camp Site,camp_site,,,,,,
145.46351,-16.49471,Queensland,Pandanus Tourist Park,caravan_site,paid,,,,,
151.12679,-25.37353,Queensland,Eidsvold Showground,camp_site,paid,1,,1,0,
148.77997,-20.90435,Queensland,Camping St Helen,camp_site,,,,,,
146.49223,-37.50775,Victoria,Rumpff Flat Camp Site,camp_site,,,,,,
144.14358,-37.74084,Victoria,,camp_site,,,,,,
152.28254,-28.86842,New South Wales,Rover Park Kiosk,camp_site,,,,,,
152.27921,-28.86271,New South Wales,Rover Park Camp Area,camp_site,,,,,,
133.13296,-14.92235,Northern Territory,,caravan_site,,,,,,
151.37631,-23.95549,Queensland,,camp_site,,,,,,
145.11841,-33.19408,New South Wales,Willandra Campground,camp_site,paid,,,,,
117.64327,-35.06719,Western Australia,Cosy Corner,camp_site,,,,,,
113.79076,-23.27972,,14 Mile Campsite,camp_site,,,,,,
113.79396,-23.28801,Western Australia,Warroora Station-Ridge Campsite,camp_site,,,,,,
116.48548,-24.11889,Western Australia,Edithana Pool,camp_site,,,,,,
117.19683,-20.63128,,Samson Beach Caravan Park,caravan_site,paid,,,1,,
137.11573,-35.23693,,Hillocks Ocean Pods,camp_site,,,,,,
118.71163,-32.49558,Western Australia,Tressie's Museum & Caravan Park,caravan_site,,,,,,
115.36933,-30.94277,Western Australia,Gravel Storage Campground,camp_site,,,,,,
115.68978,-33.14593,Western Australia,Binningup Caravan Park,camp_site,,,,,,
96.86302,-12.19882,,Scout Park,camp_site,,,,,,
147.14281,-37.28938,Victoria,,camp_site,,,,,,1
132.38675,-32.00511,South Australia,Scotts Bay Campsite,camp_site,paid,,,,,
96.88621,-12.09197,,Direction Island Camp Site,camp_site,,,,,,
105.65212,-10.48142,,Grants Well Camp Site,camp_site,,,,,,
96.88657,-12.20213,,South Island Camp Site,camp_site,,,,,,
114.99503,-29.52051,,Cliff Head Campsite,camp_site,paid,1,,,0,
114.99028,-29.52917,,Cliff Head South s/c,camp_site,paid,1,,,0,
114.60311,-28.77608,Western Australia,Geraldton Self Contained Free Camp 24hr Limit,caravan_site,free,0,1,0,0,
142.87728,-34.52069,New South Wales,Lake Benanee Rest Area,camp_site,paid,1,,,1,
147.8837,-34.49432,New South Wales,free caravan park,caravan_site,free,,,1,,
117.88644,-35.07837,Western Australia,Panorama Camping,camp_site,,,,,,
142.48062,-37.17865,Victoria,Stony Creek #2,camp_site,free,,,,,
142.4848,-37.18002,Victoria,Stony Creek Group Campground,camp_site,paid,,,,,
146.26719,-37.57804,Victoria,Comet Flat Reserve,camp_site,,,,,,
152.52651,-31.24182,New South Wales,The Bluff,camp_site,,,,,,
143.00269,-38.61757,Victoria,Camping Port Campbell Recreation Reserve,camp_site,,,,,,
144.05619,-37.11781,Victoria,Newstead Racecourse Reserve,caravan_site,paid,,,,,
144.08996,-37.15954,Victoria,Larni Barramal Yaluk Camp,camp_site,,,,,,
115.23564,-34.09,Western Australia,,camp_site,,,,,,
115.26166,-34.08344,Western Australia,,camp_site,,,,,,
146.49392,-42.13456,Tasmania,Bronte Park Village Caravan Park,caravan_site,,,,,,
146.96822,-37.34718,Victoria,,camp_site,,,,,,
146.96667,-37.34465,Victoria,,camp_site,,,,,,
146.96859,-37.34979,Victoria,,camp_site,,,,,,
115.87685,-34.41166,Western Australia,Beedelup Campsite,camp_site,,1,,,0,1
116.29638,-32.06187,Western Australia,Beraking Campsite,camp_site,free,1,,,0,1
115.96546,-33.87688,Western Australia,Blackwood Campsite,camp_site,free,1,,,0,1
116.29878,-32.18651,Western Australia,Brookton Campsite,camp_site,free,1,,,0,1
116.25486,-32.24173,Western Australia,Canning Campsite,camp_site,free,1,,,0,1
116.2384,-32.75883,Western Australia,Chadoora Campsite,camp_site,free,1,,,0,1
116.37613,-34.76357,Western Australia,Dog Pool Campsite,camp_site,free,1,,,0,1
116.21521,-32.95757,Western Australia,Dookanelly Campsite,camp_site,free,1,,,0,1
116.81156,-34.94994,Western Australia,Frankland River Campsite,camp_site,free,1,,,0,1
116.17987,-34.72035,Western Australia,Gardner Campsite,camp_site,free,1,,,0,1
116.44431,-32.56844,Western Australia,Ginger Creek Campsite,camp_site,free,1,,,0,1
115.93844,-33.98222,Western Australia,Gregory Brook Campsite,camp_site,free,1,,,0,1
116.02565,-33.65674,Western Australia,Grimwade Campsite,camp_site,free,1,,,0,1
116.16102,-33.24403,Western Australia,Harris Dam Campsite,camp_site,free,1,,,0,1
116.12896,-31.95844,Western Australia,Hewett's Hill Campsite,camp_site,free,1,,,0,1
117.81886,-35.0739,Western Australia,Sandpatch Campsite,camp_site,free,1,,,0,1
116.19216,-34.82988,Western Australia,Lake Maringup Campsite,camp_site,free,1,,,0,1
116.57925,-35.02161,Western Australia,Long Point Campsite,camp_site,free,1,,,0,1
116.23892,-32.32943,Western Australia,Monadnocks Campsite,camp_site,free,1,,,0,1
116.51372,-34.83283,Western Australia,Mount Chance Campsite,camp_site,free,1,,,0,1
116.29473,-32.40246,Western Australia,Mount Cooke Campsite,camp_site,free,1,,,0,1
116.29923,-32.13489,Western Australia,Mount Dale Campsite,camp_site,free,1,,,0,1
116.33625,-32.699,Western Australia,Mount Wells Campsite,camp_site,free,1,,,0,1
116.13865,-32.868,Western Australia,Murray Campsite,camp_site,free,1,,,0,1
116.37699,-32.46173,Western Australia,Nerang Campsite,camp_site,free,1,,,0,1
116.09871,-33.56495,Western Australia,Noggerup Campsite,camp_site,free,1,,,0,1
117.45502,-35.03916,Western Australia,Nullaki Campsite,camp_site,free,1,,,0,1
116.29524,-33.06203,Western Australia,Possum Springs Campsite,camp_site,free,1,,,0,1
116.86071,-35.04568,,Rame Head Campsite,camp_site,free,1,,,0,1
116.17592,-34.55479,Western Australia,Schafer Campsite,camp_site,free,1,,,0,1
116.11764,-32.78127,Western Australia,Swamp Oak Campsite,camp_site,free,1,,,0,1
117.6468,-35.07912,,Torbay Campsite,camp_site,free,1,,,0,1
116.25685,-32.01419,Western Australia,Waalegh Campsite,camp_site,free,1,,,0,1
116.09763,-34.50893,Western Australia,Warren Campsite,camp_site,,1,,,0,1
117.55762,-35.08262,Western Australia,West Cape Howe Campsite,camp_site,free,1,,,0,1
116.33596,-32.60907,Western Australia,White Horse Campsite,camp_site,free,1,,,0,1
116.56589,-34.94434,Western Australia,Woolbales Campsite,camp_site,free,1,,,0,1
116.07769,-33.46366,Western Australia,Yabberup Campsite,camp_site,free,1,,,0,1
116.26635,-33.18817,Western Australia,Yourdamung Campsite,camp_site,free,1,,,0,1
149.91625,-35.74856,New South Wales,Deua River Camping Area,camp_site,,,,,,
149.92409,-35.75932,New South Wales,Dry Creek Camping Area,camp_site,,,,,,
145.64555,-37.79216,Victoria,Britannia Ridge Caravan Park,caravan_site,,,,,,
116.22902,-31.60577,Western Australia,Drummonds Campground,camp_site,,,,,,
144.87449,-16.85562,Queensland,Mount Mulligan Station,camp_site,,,,,,
148.2811,-35.58407,New South Wales,Ben Smith Campsite,camp_site,,,,,0,
137.65581,-32.55708,South Australia,Free Camp,camp_site,,,,,,
116.71505,-30.88849,Western Australia,Wongan Hills Caravan Park,camp_site,,,,,,
117.75919,-31.93146,Western Australia,Kwolyin Camp,camp_site,free,0,,,,
148.24156,-35.45125,New South Wales,Browns Creek Campsite,camp_site,,,,,0,1
139.04992,-33.83352,South Australia,Burra Creek Gorge - Worlds End Reserve (Mid),camp_site,free,1,,,0,
149.36824,-37.28618,Victoria,,camp_site,free,0,,,,
117.36078,-31.97975,Western Australia,Toapin Weir Rest Stop,camp_site,,,,,,
133.67782,-27.38815,South Australia,Free camp,camp_site,,,,,,
151.35754,-33.31245,New South Wales,,camp_site,,0,,,0,
153.57498,-28.36092,,Hastings Point Holiday Park,caravan_site,,,,,,
116.03864,-22.46467,Western Australia,House Creek Bridge 24hr Stopping,camp_site,,,,,,
147.64779,-35.81157,New South Wales,Lankeys Creek Campsite,camp_site,,,,,,
147.47708,-35.85953,New South Wales,Tin Mines Campsite,camp_site,paid,1,,,,
147.94116,-35.77847,New South Wales,Mannus Campsite,camp_site,,,,,,
147.84804,-35.81869,New South Wales,Mundaroo Campsite,camp_site,,,,,,
148.09459,-35.78745,New South Wales,Junction Campsite,camp_site,,,,,,
150.13741,-33.29526,New South Wales,,camp_site,,0,,,0,1
150.19234,-33.32808,New South Wales,,camp_site,,0,,,0,1
144.07755,-38.33035,Victoria,Tanner's Road,camp_site,free,1,,,,
142.32125,-38.10425,Victoria,Hawkesdale Campsite,camp_site,,,,,,
115.69346,-33.94396,Western Australia,Barrabup Camp site,camp_site,,,,,,
146.17186,-38.81892,Victoria,Shallow Inlet Caravan Park,caravan_site,,,,,,
150.9781,-33.20767,New South Wales,Touch the Earth,camp_site,,,,,,
151.56354,-28.20418,Queensland,Karara Recreation Grounds,camp_site,paid,,,,,
146.82838,-37.20365,Victoria,,camp_site,,,,,,
121.81641,-18.52014,Western Australia,Port Smith,camp_site,,,,,,
130.75467,-31.60618,,Nullarbor - Great Australian Bight,camp_site,,,,,,
135.4671,-33.05589,South Australia,Wudinna Gawler Ranges Motel & Caravan Park,camp_site,,1,,1,1,
123.59249,-32.45409,Western Australia,,camp_site,,,,,,
121.81352,-33.65122,Western Australia,Gibson Soak,camp_site,,,,,,
115.69269,-34.42067,Western Australia,Lake Jasper,camp_site,paid,1,,,0,
126.68045,-14.10339,Western Australia,Honeymoon Bay,camp_site,,,,,,
126.64914,-14.14521,Western Australia,McGowan Island,camp_site,,,,,,
147.36981,-37.63248,Victoria,Jurgensons Point Campsite,camp_site,free,0,0,0,0,1
147.33887,-37.60231,Victoria,Slalom Rapids Campsite,camp_site,,,,,,
115.79801,-34.43445,Western Australia,Snottygobble Loop,camp_site,paid,,,,,
153.02448,-26.32493,Queensland,Gagaju,camp_site,,,,,,
113.68806,-22.66687,Western Australia,Barry's Spot,camp_site,,,,,,
150.6942,-23.6954,Queensland,Alkoomi Adventure Farm,camp_site,,,,,,
146.64316,-37.51246,Victoria,14 Platypus Camp,camp_site,free,1,,,,
152.87708,-25.2869,Queensland,The Palms,camp_site,,,,,,
114.4859,-28.26586,Western Australia,Elbenjo,camp_site,,,,,,
117.84226,-22.73266,Western Australia,,camp_site,,,,,,
148.16377,-37.49481,Victoria,,camp_site,,,,,,
148.16351,-37.49405,Victoria,,camp_site,,,,,,
148.1633,-37.49352,Victoria,,camp_site,,,,,,
153.20939,-27.71743,Queensland,Hugh Muntz Campground,camp_site,,1,1,0,0,
150.29771,-33.76377,New South Wales,,camp_site,,,,,0,1
150.29074,-33.75989,New South Wales,,camp_site,,,,,0,1
150.29146,-33.75831,New South Wales,,camp_site,,,,,0,1
150.29,-33.75582,New South Wales,Miners Campsite,camp_site,,,,,0,1
146.19847,-37.9719,Victoria,,camp_site,,,,,,
146.19641,-38.00691,Victoria,,camp_site,,,,,,
150.60596,-35.01826,New South Wales,,camp_site,,,,,,
149.92711,-34.07973,New South Wales,Mount Werong Campground,camp_site,free,1,0,,,
137.97053,-32.42185,South Australia,Devil’s Peak B&B Bush Camp,camp_site,,,,,,
135.89113,-34.74555,South Australia,,caravan_site,free,,,,,
152.78668,-29.90792,New South Wales,,camp_site,free,0,,,,
145.85498,-37.82558,Victoria,Federal Mill camping area (walk-in camping),camp_site,free,,,,,
115.22275,-30.57518,Western Australia,Nambung Station Stay,camp_site,,,,0,,
146.93091,-36.94713,Victoria,Headrace Flat Camping Ground,camp_site,,,,,,
145.70341,-34.52421,New South Wales,Birdcage Rest Area,camp_site,free,1,,,0,
124.47185,-32.39428,Western Australia,Woorlba East Rest Area,camp_site,,0,,,,
124.94562,-32.34099,Western Australia,,camp_site,,0,,,,
117.31322,-25.80343,Western Australia,Mt Gould,caravan_site,,,,,,
132.25199,-14.47214,Northern Territory,North Bank,camp_site,,,,,,
150.83188,-34.63537,New South Wales,Rest area,camp_site,,,,,,
148.08373,-37.85728,Victoria,Camping Free,camp_site,free,,,,,
134.58948,-23.37029,Northern Territory,Bush Camping,camp_site,,,,,,
138.07165,-32.75565,South Australia,Longhill Camp,camp_site,,,,,,
114.16567,-28.05052,Western Australia,Lucky Bay,camp_site,,,,,,
121.94248,-26.2502,Western Australia,Wongawol Creek,camp_site,,,,,,
122.35774,-25.90992,Western Australia,Mingol Camp,camp_site,,,,,,
146.07142,-36.86427,Victoria,Wild Dog Creek Falls Camp,camp_site,free,,,,,
149.92748,-35.7476,New South Wales,Bakers Flat Camping Area,camp_site,,,,,,
146.024,-30.03966,New South Wales,May's Bend,camp_site,free,,,,,
150.46835,-23.57142,Queensland,Bouldercombe Lions Freecamp,camp_site,paid,1,,,0,
153.00917,-27.78325,Queensland,,camp_site,free,,,,,
150.13629,-29.47718,New South Wales,Pallamallawa Fishing Club Memorial Park,camp_site,free,1,,,0,
141.98544,-34.1116,New South Wales,,camp_site,,,,,,
138.68076,-34.3537,South Australia,Hamley Bridge Sport and Community Grounds RV Friendly,camp_site,,,,,,
139.57298,-34.70132,South Australia,Wongulla Campground,camp_site,,,,,,
138.06631,-32.77818,South Australia,Kingfisher Flat Dam,camp_site,,,,,,
146.41475,-20.00721,Queensland,Burdekin Duck Roadhouse,camp_site,paid,,,,,
146.7529,-37.39948,Victoria,,camp_site,,,,,,
145.55668,-37.93204,Victoria,Stringbark Lodge,camp_site,,,,,,
142.7644,-37.06704,Victoria,stawell grampians gate caravan park,caravan_site,,,,,,
150.34711,-33.78984,New South Wales,,camp_site,,,,,,1
151.8383,-32.03235,New South Wales,The Steps Barrington Campground,camp_site,paid,1,,,1,
141.45987,-37.94461,Victoria,,camp_site,,,,,,
140.97794,-37.8764,Victoria,,camp_site,,,,,,
150.18091,-33.38258,New South Wales,Clarence Camp,camp_site,,0,,,0,1
150.19121,-32.43914,New South Wales,tunnel track,camp_site,,,,,0,
115.00089,-33.91321,Western Australia,,camp_site,,,,,,
141.71541,-35.03911,Victoria,Lake Becking Camping Area,camp_site,,,,,,
141.83319,-34.9589,Victoria,,camp_site,,,,,,
141.7049,-34.90975,Victoria,,camp_site,,,,,,
145.53823,-18.20691,Queensland,Blencoe Falls camping area,camp_site,,,,,,
146.23313,-36.45132,Victoria,Glenrowan Caravan and Tourist Park,caravan_site,,,,,,
145.59621,-17.84043,Queensland,Koombooloomba Bush Camping Area,camp_site,paid,,,,,
145.59633,-17.83776,Queensland,Koombooloomba Campground,camp_site,paid,,,,,
147.8145,-42.88694,,Dunalley Campsite,camp_site,,,,,,
145.77364,-17.23637,Queensland,Goldsborough Valley Camping Area,camp_site,paid,,,,,
152.96823,-31.26215,New South Wales,,camp_site,,,,,,
148.74322,-21.15835,Queensland,free camping,camp_site,,,,,,
145.42071,-16.92465,Queensland,Birds on Barron,camp_site,,,,,,
152.35882,-27.51565,Queensland,Lake Clarendon Picnic Area,camp_site,,,,,,
145.61294,-17.20118,Queensland,Genazzano Retreat and Conference Centre,caravan_site,,,,,,
145.4609,-16.09473,Queensland,,camp_site,paid,,,,,
126.04357,-18.72727,Western Australia,Jarlarloo Riwi Campsite,camp_site,,,,,,
141.60707,-38.35476,Victoria,,camp_site,,,,,,
120.13152,-33.94658,Western Australia,Hopetoun RV Parking s/c,camp_site,,0,,,,
140.05772,-35.88766,South Australia,,camp_site,free,,,,,
114.93865,-24.77328,Western Australia,Chaffcutters Spring,camp_site,,,,,,
145.545,-42.08895,Tasmania,Queenstown Cabin & Tourist Park,camp_site,,1,,,1,
149.36221,-21.71099,Queensland,,camp_site,,,,,,
152.70752,-25.49434,Queensland,Cheery Nomad RV Park & Farmstay,caravan_site,,,,,,
153.52657,-28.50354,New South Wales,Billinudgel Hotel,camp_site,,,,,,
139.76043,-34.02647,South Australia,Graeme Claxton Reserve,camp_site,paid,1,,,0,
152.5055,-31.89307,New South Wales,Dawson River Tourist Park,camp_site,,,,,,
120.79739,-33.86302,Western Australia,Munglinup Beach Holiday Park,caravan_site,,,,1,,
151.98138,-27.00808,Queensland,Mt Binga Outdoord Centre,camp_site,,,,,,
139.16214,-34.85448,South Australia,Palmer Cricket Ground Camping,camp_site,paid,,,,,
137.90588,-34.03973,South Australia,,camp_site,,,,,,
138.67772,-35.52506,South Australia,,camp_site,,,,,,
137.48885,-34.49405,South Australia,,camp_site,,,,,,
148.73875,-37.54422,Victoria,Kwark Gap,camp_site,free,,,,,
153.05017,-25.51566,Queensland,Lake Benaroon,camp_site,,,,,,
136.78789,-36.02534,South Australia,Banksia Campsite,camp_site,,,,,,
145.60612,-17.51722,Queensland,Millaa Millaa Caravan Park,caravan_site,,,,,,
131.19686,-15.59769,Northern Territory,Gravel Pit,camp_site,,,,,,
116.25438,-31.85082,Western Australia,Lake Lechenaultia,camp_site,,,,,,
150.51908,-23.35813,Queensland,Kershaw Gardens Free Campground,camp_site,free,,,,0,
149.05618,-20.29575,,Whitehaven Beach,camp_site,,,,,,
149.04177,-20.30258,,Chance Bay,camp_site,paid,1,,0,0,
146.13742,-17.93607,,Dunk Island Camping,camp_site,,,,,,
143.70531,-35.38925,Victoria,Riverside camping,camp_site,free,,,,,
145.343,-36.27855,Victoria,Sandbar,camp_site,,,,,,
150.30552,-33.77761,New South Wales,,camp_site,,,,,,1
118.06843,-22.60277,Western Australia,Free camping,camp_site,,,,,,
150.06236,-33.48925,New South Wales,,camp_site,,,,,,
150.18845,-33.93359,New South Wales,Dex Creek Bush Camping Area,camp_site,,,,,,
150.29506,-33.93169,New South Wales,Catholic Bushwalkers Campsite at New Yards,camp_site,,1,,,,
141.39803,-37.58142,Victoria,,camp_site,,,,,,
146.56273,-37.17363,Victoria,Upper Howqua Camping Area,camp_site,free,,,,,
146.63594,-37.16266,Victoria,,camp_site,free,,,,,1
146.81109,-37.18718,Victoria,Dry River Camping Area,camp_site,,,,,,
144.73434,-36.14655,Victoria,,camp_site,,,,,,
146.20241,-36.06702,Victoria,Parolas Bend Campground,camp_site,,,,,,
147.17006,-36.91132,Victoria,Diamantina Horse Yards,camp_site,free,,,,,
147.22081,-37.02296,Victoria,JB Plain Camp,camp_site,,,,,,
144.17652,-38.40811,Victoria,Camp Wilkin School Groups,camp_site,,,,,,
146.5382,-38.73044,Victoria,Gulf Campsite,camp_site,,,,,,
146.50395,-38.72255,,Swashway Campsite,camp_site,,,,,,
119.20246,-34.34335,Western Australia,Tozer's Bush Camp,camp_site,,,,,,
148.06796,-42.12097,Tasmania,Swansea Backpackers Lodge Camping,camp_site,paid,1,,,1,
115.54581,-34.41676,,Seal Cove,camp_site,,,,,,
115.5493,-34.41573,,Humpback Hollow,camp_site,,,,,,
115.00396,-30.17112,Western Australia,Dengas Beach Camping,camp_site,,,,,,
115.00123,-30.17485,Western Australia,,camp_site,,,,,,
115.00572,-30.16029,,,camp_site,,,,,,
148.18796,-41.86329,Tasmania,Apsley Waterhole Campground,camp_site,free,,,,0,1
148.00214,-41.29383,Tasmania,Pyengana rec ground campsite,camp_site,,,,,,
150.41505,-34.61432,New South Wales,Paton's Clearing Camp Area,camp_site,,,,,,
148.63008,-36.42657,New South Wales,Copper Tom Camp,camp_site,free,,,,,
150.4498,-33.69723,New South Wales,,camp_site,,,,,,
152.20494,-32.41407,New South Wales,,camp_site,,,,,,
146.81717,-43.60566,Tasmania,South Cape Bay Campsite,camp_site,,,,,,1
116.65585,-30.9523,Western Australia,Lake Ninan,camp_site,,,,,,
152.53592,-25.05441,,Kinkuna Beach Camping Area- Southern Boundary,camp_site,,,,,,
152.93959,-29.66542,New South Wales,,caravan_site,,,,,,
147.13879,-37.24928,Victoria,Twenty Five Mile Creek Camp Site,camp_site,,,,,,1
116.10563,-32.78147,Western Australia,Charlie's Flat Campground,camp_site,paid,1,,,,
116.10656,-32.79483,Western Australia,Tony's Bend Campground,camp_site,paid,1,,,,
116.10538,-32.80127,Western Australia,Nanga Mill Campground,camp_site,paid,1,,,1,
142.53194,-37.11629,Victoria,,camp_site,free,0,,,0,
147.52466,-36.2392,Victoria,Avondale Gardens Campsite,camp_site,,,,,,
147.02395,-36.75769,Victoria,,camp_site,,,,,,
118.50083,-32.956,Western Australia,The Jam Patch - North Lake Grace,camp_site,,,,,,
149.19897,-37.77702,Victoria,Clinton Rocks,camp_site,,,,,,
147.65522,-42.85576,Tasmania,Eldee Campspot,camp_site,,,,,,
147.9382,-43.00225,Tasmania,Eaglehawk Dive Center,camp_site,,,,,,
116.60578,-34.98385,Western Australia,Crystal Spring Campground,camp_site,,,,,,
140.91276,-21.83514,Queensland,,camp_site,,,,,,
140.91359,-21.83515,Queensland,,camp_site,,,,,,
153.22534,-27.60588,Queensland,Archer Campsite,camp_site,,,,,,
141.54582,-37.71098,Victoria,Merino Showgrounds,camp_site,,,,,,
147.61389,-41.50233,Tasmania,Ben Lomond Campground,camp_site,,1,,,0,
146.76869,-37.27753,Victoria,,camp_site,,,,,,1
153.37028,-27.16245,Queensland,The Wrecks camping area,camp_site,,,,,,
153.3682,-27.15283,Queensland,Ben Ewa camping area,camp_site,,,,,,
153.36589,-27.071,Queensland,Comboyoro Point camping area,camp_site,,,,,,
153.45073,-27.02685,,North Point camping area,camp_site,,,,,,
145.55376,-17.15947,Queensland,Camp Barrabadeen,camp_site,,,,,,
148.67017,-33.55317,New South Wales,Canowindra Showground,camp_site,paid,1,1,1,1,
140.66217,-38.05903,South Australia,,camp_site,,,,,,
142.00715,-38.03702,Victoria,Macarthur Recreation Reserve,camp_site,paid,1,,,0,
147.0885,-34.30757,New South Wales,Mirrool Sunshine Park,camp_site,,1,,1,1,
141.0075,-38.04929,Victoria,,camp_site,,,,,,
149.98426,-26.114,Queensland,Wandoan Recreational Reserve,camp_site,paid,1,,1,1,
147.88826,-41.47491,Tasmania,,camp_site,,,,,,
135.62229,-34.91965,South Australia,Red Banks Campground,camp_site,,,,,,
135.45829,-34.46261,South Australia,,camp_site,,,,,,
135.85447,-34.70413,,,camp_site,,1,,,0,
142.66351,-35.68634,Victoria,Cronomby Campground,camp_site,,,,,,
121.62138,-31.20726,Western Australia,48 Hours Stopping - S/C,camp_site,,0,,,,
145.92266,-36.41061,Victoria,,camp_site,,,,,,
152.88875,-25.28998,Queensland,Hervey Bay Caravan Park,camp_site,,,,,,
124.44651,-32.92799,Western Australia,Wattle Camp,camp_site,free,,,,,
119.57663,-34.16459,,St Mary Inlet Campground,camp_site,paid,,,,,
119.62557,-34.09777,Western Australia,Fitzgerald Inlet,camp_site,,,,,,1
153.22502,-28.59581,New South Wales,Nimbin Caravan Park,caravan_site,,,,,,
119.5834,-32.26311,Western Australia,Wattle Rock,camp_site,,,,,,
120.0457,-31.96861,Western Australia,,camp_site,,,,,,
120.18786,-31.87735,Western Australia,,camp_site,,,,,,
120.2126,-31.8651,Western Australia,,camp_site,,,,,,
120.28345,-31.82131,Western Australia,Centenary Rocks,camp_site,,,,,,
120.29798,-31.81171,Western Australia,Explorer Frank Hann's Cat Camp 1901,camp_site,,,,,,
120.30557,-31.80557,Western Australia,,camp_site,,,,,,
120.32384,-31.79706,Western Australia,,camp_site,,,,,,
120.34475,-31.78292,Western Australia,,camp_site,,,,,,
120.34366,-31.781,Western Australia,,camp_site,,,,,,
120.44998,-31.68438,Western Australia,Camping,camp_site,,,,,,
120.53386,-31.62638,Western Australia,Good Campsite,camp_site,,,,,,
116.3593,-34.9275,Western Australia,,camp_site,,,,,,
116.32259,-34.9096,Western Australia,Fish Creek,camp_site,,1,,,0,
145.90185,-36.44969,Victoria,Broken Creek Bush Camp,camp_site,,,,,,
117.50325,-29.39346,Western Australia,Alternate,camp_site,,,,,,
117.50573,-29.38814,Western Australia,Wardagger Hill 4wd only,camp_site,,,,,,
117.48711,-29.41498,Western Australia,Breakaways,camp_site,,,,,,
117.34996,-29.46589,Western Australia,Coonigal Well,camp_site,,,,,,
116.23163,-34.85659,Western Australia,Moores Hut,camp_site,,1,0,,,
116.21672,-34.86571,Western Australia,Coodamurrup Beach,camp_site,,,,,,
115.84856,-34.57169,Western Australia,,camp_site,,,,,,
115.8206,-34.60103,Western Australia,,camp_site,,,,,,
150.15125,-35.66945,New South Wales,Red Gum Campground,camp_site,,,,,,
146.89379,-38.61191,,McLoughlins,camp_site,,,,,,
143.36941,-37.68345,Victoria,Skipton Campground,camp_site,,,,,,1
140.83505,-38.04002,South Australia,District Council of Grant Free Camping Site,camp_site,,1,0,0,0,
146.39083,-36.00752,New South Wales,The Willows Public Recreation Reserve,camp_site,,,,,,
119.49611,-34.38374,Western Australia,Peppermint Grove,camp_site,,,,,,
146.74525,-37.42511,Victoria,,camp_site,,,,,,
121.03843,-33.85881,,Skippy Rock,camp_site,paid,1,0,0,0,
138.02521,-33.1862,South Australia,,caravan_site,,,,,,
134.51027,-14.71419,Northern Territory,,camp_site,,,,,,
137.82203,-33.81713,South Australia,Alford Recreation Park,camp_site,paid,1,,,0,
138.16131,-33.92682,South Australia,,camp_site,,,,,,
138.1114,-33.12923,South Australia,Lawrie Park Camping,camp_site,,,,,,
135.42078,-34.53395,,,camp_site,,,,,,
116.77022,-31.88764,Western Australia,,camp_site,,,,,,
145.41728,-34.44843,New South Wales,Murrumbidgee River Bridge Carrathool,camp_site,,1,,,0,
153.19778,-29.46468,New South Wales,Maclean Showgrounds,camp_site,paid,1,,,0,
152.38128,-31.87109,New South Wales,,camp_site,,,,,,
145.53229,-33.47161,New South Wales,,camp_site,,,,,,
145.87852,-36.16706,Victoria,Tungamah Lions Park,camp_site,free,,,,,
148.13651,-36.53075,New South Wales,,camp_site,,,,,,
148.18168,-36.40586,New South Wales,Geehi Horse Camp,camp_site,,,,,,
135.96153,-34.78441,South Australia,Spalding Cove,camp_site,,,,,,
150.14106,-34.05255,New South Wales,,camp_site,,,,,,1
150.14155,-34.05339,New South Wales,,camp_site,,,,,,1
148.88122,-35.62541,Australian Capital Territory,Pond Creek campsite,camp_site,free,,,,,1
152.67134,-27.69374,Queensland,Albert Theaker Park Rest Area,camp_site,,,,,,
146.27348,-43.49798,Tasmania,Buoy Creek camp site,camp_site,,,,,0,1
151.38361,-26.02742,Queensland,Front Campsite,camp_site,,,,,,
134.89339,-33.65233,South Australia,,camp_site,,,,,,
135.26779,-34.17268,,,camp_site,,,,,,
135.27043,-34.12703,South Australia,,camp_site,,,,,,
151.30022,-32.623,New South Wales,Dashville,camp_site,,1,,,,
138.08374,-33.49573,South Australia,Clements Gap Old School 1892,camp_site,,,,,,
144.18301,-25.55708,Queensland,Hell Hole Gorge campsite,camp_site,free,,,,,
148.2965,-36.11456,New South Wales,,camp_site,,,,,,
144.70471,-24.79346,Queensland,Monks Tank Campground,camp_site,,,,,,
152.32008,-32.21929,New South Wales,,caravan_site,,,,,,
145.60606,-17.51722,Queensland,Millaa,camp_site,,,,,,
152.01359,-24.5171,Queensland,,camp_site,,,,,,
152.00164,-24.50496,Queensland,,camp_site,,,,,,
151.97315,-24.51731,Queensland,,camp_site,,,,,,
151.88725,-32.61487,New South Wales,Free Campsite with fireplace,camp_site,,,,,,
118.8044,-34.51147,Western Australia,Boatharbour Road,camp_site,,,,,,
147.09969,-33.07991,New South Wales,Gum Bend Lake,camp_site,paid,1,,,1,
151.32802,-24.67207,Queensland,Kalpowar Forest Camping,camp_site,,,,,,
153.22708,-28.59973,New South Wales,Nimbn Showground;Nimbin Showgrounds,camp_site,,,,,,
147.59186,-34.87213,New South Wales,,camp_site,,,,,,
136.42002,-33.14221,South Australia,The Gums Rest Area,camp_site,,1,,,0,
136.938,-28.76449,South Australia,Halligan Bay Campground,camp_site,,,,,,
132.51468,-14.31723,Northern Territory,8th Gorge Campsite,camp_site,,,,,,
138.54692,-35.21501,South Australia,,caravan_site,,,,,,
116.13976,-34.66471,Western Australia,Northcliffe Bushcamp (ex Sids Campground),camp_site,paid,1,1,,1,
113.49232,-25.54353,Western Australia,Bottle Bay,camp_site,paid,,0,,,
113.49129,-25.54464,Western Australia,Bottle Bay,camp_site,paid,,0,,,
153.40998,-28.40062,New South Wales,Hosanna Farmstay,camp_site,,,,,,
153.23141,-28.47634,New South Wales,3 Wishes Farm,camp_site,,,,,,
133.71721,-23.68027,Northern Territory,Larapinta Walkers Campsite,camp_site,,,,,,1
133.40925,-23.70801,Northern Territory,,camp_site,,,,,0,1
133.39205,-23.7107,Northern Territory,,camp_site,,,,,0,1
133.39297,-23.71027,Northern Territory,,camp_site,,,,,0,1
133.34826,-23.71801,Northern Territory,Section 4/5 Junction,camp_site,,,,,0,1
133.389,-23.71613,Northern Territory,,camp_site,,,,,,1
133.32257,-23.70057,Northern Territory,,camp_site,,,,,0,1
133.32207,-23.69887,Northern Territory,,camp_site,,,,,0,1
133.32057,-23.69792,Northern Territory,,camp_site,,,,,0,1
133.31204,-23.69756,Northern Territory,,camp_site,,,,,0,1
133.2718,-23.67865,Northern Territory,,camp_site,,,,,0,1
133.30043,-23.69102,Northern Territory,,camp_site,,,,,0,1
133.19183,-23.73904,Northern Territory,,camp_site,,,,,0,1
133.14535,-23.7565,Northern Territory,,camp_site,,,,,,1
133.11726,-23.75403,Northern Territory,,camp_site,,,,,,1
133.10526,-23.75376,Northern Territory,,camp_site,,,,,,1
133.09745,-23.77107,Northern Territory,,camp_site,,,,,,1
133.07351,-23.77962,Northern Territory,,camp_site,,1,,,,1
133.04995,-23.77986,Northern Territory,,camp_site,,,,,,1
133.02398,-23.77777,Northern Territory,,camp_site,,,,,0,1
133.00095,-23.76705,Northern Territory,,camp_site,,,,,0,1
132.97159,-23.74846,Northern Territory,,camp_site,,,,,0,1
132.93329,-23.72513,Northern Territory,,camp_site,,,,,,1
132.93898,-23.73872,Northern Territory,,camp_site,,,,,0,1
132.90471,-23.72692,Northern Territory,,camp_site,,,,,0,1
132.87898,-23.70349,Northern Territory,,camp_site,,,,,0,1
132.82222,-23.67878,Northern Territory,,camp_site,,,,,0,1
132.8125,-23.67372,Northern Territory,Hermits Hideaway,camp_site,,,,,,1
132.80688,-23.67121,Northern Territory,,camp_site,,,,,,1
132.79541,-23.66414,Northern Territory,,camp_site,,,,,0,1
132.78817,-23.66784,Northern Territory,,camp_site,,,,,0,1
132.77837,-23.65908,Northern Territory,,camp_site,,,,,0,1
132.77089,-23.65289,Northern Territory,,camp_site,,,,,0,1
132.72434,-23.63251,Northern Territory,,camp_site,,,,,,
132.71524,-23.6329,Northern Territory,,camp_site,,,,,0,1
132.70343,-23.65108,Northern Territory,,camp_site,,,,,0,1
132.64856,-23.64114,Northern Territory,,camp_site,,,,,0,1
132.64608,-23.62979,Northern Territory,,camp_site,,,,,0,1
132.64266,-23.61639,Northern Territory,,camp_site,,,,,0,1
132.6372,-23.60628,Northern Territory,,camp_site,,,,,0,1
132.60371,-23.60503,Northern Territory,,camp_site,,,,,0,1
132.56934,-23.60063,Northern Territory,,camp_site,,,,,0,1
132.55873,-23.57688,Northern Territory,,camp_site,,,,,,1
133.76564,-23.67572,Northern Territory,,camp_site,,,,,,1
132.10056,-14.30759,Northern Territory,Edith Bush Camp,camp_site,,,,,,
132.77353,-12.89222,Northern Territory,Sandy Billabong,camp_site,,,,,,
150.56867,-33.73164,New South Wales,Perch Ponds,camp_site,,0,,,0,
114.23596,-27.64672,Western Australia,Murchison House Station,camp_site,,1,1,0,1,
113.71765,-22.49804,Western Australia,Windurabundi Beach,camp_site,,,,,,
145.36453,-16.57688,Queensland,Feathers N Friends,camp_site,,,,,,
145.69966,-17.12346,Queensland,Catch A Barra,camp_site,,,,,,
144.96146,-35.80925,New South Wales,Edward River Bridge Campsite 3,camp_site,,,,,,
117.95853,-22.24312,Western Australia,Free Camping,camp_site,,,,,,
132.42919,-13.3042,Northern Territory,Maguk Campground,camp_site,,,,,,
130.31885,-15.5949,Northern Territory,Free Campingground,camp_site,,,,,,
132.49121,-13.53645,Northern Territory,Free camp,camp_site,,,,,,
131.10826,-13.05196,Northern Territory,Gravel Stockpile Site,camp_site,,,,,,
147.00001,-29.17283,New South Wales,Culgoa National Park Campground,camp_site,free,1,,,0,
134.19967,-32.80015,South Australia,,camp_site,,,,,,
146.76762,-19.3063,Queensland,,caravan_site,,,,,,
146.616,-34.80421,New South Wales,,camp_site,,,,,,
146.63704,-34.76275,New South Wales,,camp_site,,,,,,
139.50987,-20.72456,Queensland,Mount Isa Caravan Park,caravan_site,,,,,,
152.60065,-25.34549,Queensland,Torbanlea Racecourse Campground,camp_site,,,,,,
114.99745,-29.5149,Western Australia,Cliff Head North s/c,camp_site,paid,1,,,0,
125.7697,-16.90649,Western Australia,Frog Creek,camp_site,,,,,,
144.91142,-35.66233,New South Wales,Bylands Confest Site,camp_site,,,,,,
127.85173,-15.70508,Western Australia,Home Valley River Camp,camp_site,,,,,,
152.20404,-32.40669,New South Wales,Bulahdelah Bowling Club,camp_site,,,,,,
152.99848,-26.25417,Queensland,habitatnoosa Everglades ecocamp,camp_site,,,,,,
145.62097,-16.87704,Queensland,Etteleah park camping (reservation needed),camp_site,,,,,,
113.16768,-25.9432,,Notch Point Camp,camp_site,paid,,,,,
113.16307,-25.9433,Western Australia,Notch Point West,camp_site,,,,,,
113.08566,-25.78031,Western Australia,Louisa Bay Campsite,camp_site,,,,,,
147.68785,-37.94741,Victoria,Carey Outdoor Education Camp,camp_site,,,,,,
140.39044,-34.23465,South Australia,,camp_site,,,,,,
140.3892,-34.23432,South Australia,,camp_site,,,,,,
140.37325,-34.22844,South Australia,,camp_site,,,,,,
113.40478,-24.3944,Western Australia,Quobba Station,camp_site,free,,,,,
135.99135,-34.74715,South Australia,Richardsons Shack Campground,camp_site,,,,,,
143.26853,-37.37094,Victoria,,caravan_site,,,,,,
132.59384,-31.83705,South Australia,,camp_site,,0,,,,
135.98541,-34.75722,,,camp_site,,,,,,
149.2068,-21.4268,Queensland,Tropicana,camp_site,,,,,,
149.48268,-22.04639,Queensland,Brandy Bottle Camp,camp_site,,,,,,
146.84608,-19.17181,Queensland,Nomads Camping,camp_site,,,,,,
147.35391,-19.55374,Queensland,Camping Hotel Brandon,camp_site,,,,,,
148.26267,-20.13548,Queensland,Camping,camp_site,,,,,,
149.44369,-21.96805,Queensland,Flaggy Rock Community Centre,camp_site,,,,,,
149.48271,-22.04622,Queensland,BrandyBottle Caravan Park & Golf Course,caravan_site,,,,,,
149.8905,-22.82182,Queensland,Marlborough North Puma,camp_site,free,,,,,
150.64365,-23.65127,Queensland,Camping Hotel Bajool,camp_site,,,,,,
146.59638,-37.48871,Victoria,,camp_site,,,,,,
146.59744,-37.47623,Victoria,,camp_site,,,,,,
146.59634,-37.47663,Victoria,,camp_site,,,,,,
146.59467,-37.47245,Victoria,,camp_site,,,,,,
153.11276,-25.125,Queensland,Woralie,camp_site,,,,,,
153.05014,-26.35295,Queensland,North Shore Retreat Caravan Park (Big 4),camp_site,,,,,,
153.23265,-25.27433,Queensland,Maheno Beach,camp_site,,,,,,
153.05003,-25.51562,Queensland,Lake Benaroon Great Walk Campground,camp_site,,,,,,
152.75963,-26.31325,Queensland,Warrigal Ridge,camp_site,,,,,,
153.18021,-25.39004,,Poyungan,camp_site,,,,,,
152.98814,-25.5001,Queensland,Ungowa,camp_site,,,,,,
153.2144,-25.3122,Queensland,Eli Creek,camp_site,,,,,,
153.13156,-25.50078,Queensland,One Tree Rocks,camp_site,,,,,,
153.06669,-25.55753,Queensland,Lake Boomanjin Great Walk Campground,camp_site,,,,,,
153.06253,-25.47833,Queensland,Central Station Campground,camp_site,,,,,,
153.24963,-24.6982,Queensland,Carree Camping Zone,camp_site,,,,,,
152.98154,-25.5156,Queensland,BuffcHead,camp_site,,,,,,
153.17157,-25.40249,Queensland,,camp_site,,,,,,
152.68384,-26.63984,Queensland,Kookaburra Park,camp_site,paid,,,1,,
153.09962,-25.58276,Queensland,Govi,camp_site,,0,0,0,0,
153.24054,-25.26013,,Wahba,camp_site,,,,,,
153.02963,-25.78546,,Coolooloi,camp_site,,,,,,
153.1205,-25.52752,Queensland,Wongai,camp_site,,,,,,
153.15135,-25.45477,Queensland,Cornwells,camp_site,,,,,,
153.15483,-25.44452,Queensland,Gabala,camp_site,,,,,,
153.1707,-25.07161,Queensland,Awinya Creek,camp_site,,,,,,
153.23317,-24.97901,Queensland,Wathumba Creek,camp_site,,,,,,
152.74526,-26.57402,Queensland,,camp_site,,,,,,
144.24791,-38.3638,Victoria,Caravan Storage,caravan_site,,,,,,
146.59748,-37.05147,Victoria,,camp_site,free,,,,,
145.54603,-17.26166,Queensland,Bonadio RV and Nature Park,camp_site,,,,,,
131.11821,-13.01173,Northern Territory,Community Church Campground,camp_site,,,,,,
145.90146,-41.55541,Tasmania,,camp_site,,,,,,
145.41885,-40.86187,,,camp_site,,,,,,
146.31282,-18.35633,Queensland,Banksia Bay campsite,camp_site,,,,,,
150.49118,-23.16771,Queensland,Capricorn Caves Tourist Park,camp_site,,,,,,
148.22219,-20.11861,Queensland,Glen Erin Farm Stay,camp_site,,,,,,
120.02337,-31.26334,Western Australia,,camp_site,,,,,,
136.71601,-36.03989,South Australia,Haikea Campground,camp_site,,,,,,1
125.9969,-16.97519,Western Australia,Moll Gorge Campground (Permission required Call Mt House),camp_site,,,,,,
133.41317,-22.12789,Northern Territory,Free Camping,camp_site,,,,,,
144.52781,-17.14831,Queensland,Chillagoe Observatory & Eco Lodge,camp_site,,,,,,
144.52221,-17.15238,Queensland,,camp_site,,,,,,
145.20722,-37.14037,Victoria,,camp_site,,,,,,
146.03036,-17.54415,,BIG4 Innisfail,caravan_site,,,,,,
149.11017,-36.24,New South Wales,Cooma Snowy Mountains Tourist Park,caravan_site,,,,,,
145.76274,-17.37909,Queensland,Junction Camp,camp_site,paid,,,,,
145.81543,-17.39624,Queensland,Western Summit Camp,camp_site,paid,,,,,
145.82115,-17.40353,Queensland,Eastern Summit Camp,camp_site,paid,,,,,
145.83845,-17.42273,Queensland,Big Rock Camp,camp_site,paid,,,,,
145.80279,-17.29916,Queensland,Mulgrave River Top Causeway Camping Area,camp_site,,,,,,
148.94764,-35.32593,Australian Capital Territory,Cotter Campground,camp_site,,,,,,
139.54635,-17.74244,Queensland,Burketown Caravan Park,camp_site,paid,,,,,
134.68449,-23.46483,Northern Territory,Arltunga Hotel Campground,camp_site,,,,,,
144.31964,-18.14689,Queensland,Planet Earth Adventures,camp_site,paid,1,,1,1,
146.27939,-43.09742,Tasmania,Junction Creek Campsite,camp_site,,,,,0,1
132.03882,-14.18339,Northern Territory,,camp_site,,,,,,
132.02949,-14.18319,Northern Territory,,camp_site,,,,,,
152.88505,-30.86213,New South Wales,Madrigal Farm Camping,camp_site,,,,,,
147.23145,-34.31272,New South Wales,Broken Dam Rest Area,camp_site,free,0,,,0,
147.42827,-43.02678,Tasmania,South Arm Cabin Retreat,camp_site,,,,,,
146.2854,-18.95036,Queensland,Crystal Creek Caravan Park,caravan_site,,,,,,
147.77809,-43.19454,Tasmania,,camp_site,paid,,,,,
149.10864,-32.68666,New South Wales,Lake Burrendong Holiday Park,camp_site,,,,,,
152.20058,-30.58352,New South Wales,Wattle Flat Camp Area,camp_site,,1,,,,
138.76936,-34.27282,South Australia,Tarlee RV Friemdly Camping Site,camp_site,paid,1,,,0,
146.48794,-18.65241,,Yanks Jetty camping area,camp_site,,,,,,
146.49039,-18.59272,,Pioneer Bay camping area,camp_site,,,,,,
146.49739,-18.66116,,South Beach camping area,camp_site,,,,,,
150.39622,-35.4575,New South Wales,Sunburnt Beach Campground,camp_site,,,,,,
150.39387,-35.45948,New South Wales,Termeil Point Dispersed Campground,camp_site,,,,,,
150.38915,-35.47116,New South Wales,Meroo Beach Dispersed Camp Site,camp_site,,,,,,
116.098,-32.8029,Western Australia,Nanga Brook Campground,camp_site,paid,,,,1,
147.95339,-43.19005,Tasmania,Bare Knoll Campground,camp_site,,,1,,,1
151.96484,-32.3986,New South Wales,Stroud Showground Camping Area,camp_site,,,,,,
148.79424,-20.29871,,Tancred Island Camping Area,camp_site,,,,,,
146.13351,-43.38238,Tasmania,Commercial Standing camp,camp_site,,,,,,1
146.17147,-43.10765,Tasmania,Crossing River Campground (East side),camp_site,,0,,,0,1
138.66331,-31.47878,South Australia,Upalinna Station,camp_site,,,,,,
144.74364,-36.852,Victoria,Dargile Camping Area,camp_site,,,,,,
152.3923,-32.28846,New South Wales,Ferny Creek campground,camp_site,,,,,,
115.23437,-33.65688,Western Australia,Camp Grace,camp_site,,,,,,
116.0338,-33.34401,Western Australia,Nyingarn Campsite,camp_site,,,,,,
153.26115,-28.58929,New South Wales,Epic views look out,camp_site,,,,,,
148.83235,-35.64902,Australian Capital Territory,Cotter Flat,camp_site,,,,,,
146.12148,-42.09407,Tasmania,,camp_site,,1,,,0,1
140.33615,-34.16089,South Australia,Heron's Bend Nature Reserve,camp_site,,,,,,
145.16596,-20.64085,Queensland,Canns Camp Creek camping area,camp_site,paid,,,,,
150.87141,-33.56339,New South Wales,Percy's Place,caravan_site,,,,,,
142.84823,-35.59626,Victoria,Pay camp site,camp_site,,1,1,1,1,
143.10701,-35.71686,Victoria,Free Camping,camp_site,,,,,,
150.91712,-34.37853,,Corrimal Beach Tourist Park,camp_site,,,,,,
145.10922,-40.84006,Tasmania,River Breeze Caravan and Cabin Park,camp_site,paid,1,,,1,
145.97604,-41.08326,Tasmania,Blythe Park,camp_site,,,,,,
140.46279,-34.20208,South Australia,Barmera North Lake Caravan Park,caravan_site,,,,,,
124.07565,-33.22819,Western Australia,,camp_site,,,,,,
124.07485,-33.22751,Western Australia,Wattle Camp,camp_site,,,,,,
140.36943,-34.21702,South Australia,,camp_site,,,,,,
140.36783,-34.21643,South Australia,,camp_site,,,,,,
140.36904,-34.21628,South Australia,,camp_site,,,,,,
140.36911,-34.21773,South Australia,,camp_site,,,,,,
140.38032,-34.19274,South Australia,,camp_site,,,,,,
140.38056,-34.19418,South Australia,,camp_site,,,,,,
140.37711,-34.19922,South Australia,,camp_site,,,,,,
140.3802,-34.19569,South Australia,,camp_site,,,,,,
140.37959,-34.19668,South Australia,,camp_site,,,,,,
140.379,-34.22302,South Australia,,camp_site,,,,,,
140.3931,-34.22523,South Australia,,camp_site,,,,,,
140.38798,-34.22258,South Australia,,camp_site,,,,,,
140.38965,-34.22389,South Australia,,camp_site,,,,,,
140.39029,-34.22426,South Australia,,camp_site,,,,,,
140.37556,-34.22848,South Australia,,camp_site,,,,,,
140.37667,-34.22891,South Australia,,camp_site,,,,,,
140.38472,-34.23387,South Australia,,camp_site,,,,,,
140.38546,-34.23461,South Australia,,camp_site,,,,,,
140.39305,-34.2361,South Australia,,camp_site,,,,,,
140.38758,-34.23419,South Australia,,camp_site,,,,,,
151.65786,-30.01817,New South Wales,Ben Lomond Recreation Reserve,camp_site,paid,1,,,0,
146.65332,-37.17241,Victoria,,camp_site,,,,,,1
145.59953,-40.94161,Tasmania,Glamp Sandridge,camp_site,,,,,,
152.88647,-30.24498,New South Wales,East Dorrigo Community Hall and Showground Campground,camp_site,paid,,,,,
115.04146,-33.91752,Western Australia,Fair harvest permaculture farm stay,camp_site,,,,,,
142.45367,-37.01505,Victoria,Longpoint West,camp_site,,,,,,1
115.78165,-34.09692,Western Australia,Nannup lavender farm stay,camp_site,paid,1,,,1,
142.5084,-36.91702,Victoria,Grampians edge caravan park,caravan_site,,,,,,
135.33489,-32.52781,South Australia,Scrubby Peak Camping Ground,camp_site,,,,,,
135.46716,-32.56853,South Australia,Mattera Camping Area,camp_site,,,,,,
146.85945,-36.85396,Victoria,Camp Flat Camping Area,camp_site,,,,,,
147.18547,-36.94726,Victoria,Dibbins Hut,camp_site,paid,,,,,
148.2773,-41.77125,Tasmania,Denison Rivulet campground,camp_site,,,,,,
150.0518,-33.70725,New South Wales,Dispersed Camping Pine Forest,camp_site,,,,,,
150.31217,-33.78346,New South Wales,,camp_site,free,,,,,
140.87937,-35.4235,South Australia,Pine Hut Soak Campsite,camp_site,,,,,,
140.96254,-35.76982,South Australia,Doggers Hut,camp_site,,,,,,
140.91124,-35.44634,South Australia,Cox's Windmill Campsite,camp_site,,,,,,
140.3959,-35.60979,South Australia,Box Flat Campground,camp_site,,,,,,
148.18292,-37.74734,Victoria,Tostaree Cottages Farm Stay,camp_site,,,,,,
148.18381,-37.74816,Victoria,Tostaree Cottages,camp_site,,,,,,
150.19792,-35.36262,New South Wales,Blue Gum Flat Campground,camp_site,,,,,,
149.3337,-37.56668,Victoria,,camp_site,,,,,,
149.17422,-37.56398,Victoria,Dispersed Camping,camp_site,,,,,,
147.10145,-38.44699,Victoria,Mcgaurans Beach Dispersed camping,camp_site,,,,,,
134.48673,-23.59553,Northern Territory,Ross River,camp_site,paid,,,,,
146.56948,-37.14428,Victoria,,camp_site,,,,,,1
145.87912,-36.93233,Victoria,,camp_site,,,,,,
146.18864,-18.9325,Queensland,Shay's Clearing,camp_site,,,,,,
146.19249,-18.95496,Queensland,Johnstone's Clearing,camp_site,,,,,,
153.283,-25.16456,Queensland,,camp_site,,,,,,
145.74095,-37.67703,Victoria,Dispersed Camping,camp_site,free,,,,,
145.70105,-37.60277,Victoria,Dispersed Camping,camp_site,,,,,,
145.702,-37.60157,Victoria,Dispersed Camping,camp_site,,,,,,
145.28335,-23.55527,Queensland,Homestead Caravan Park,caravan_site,,,,,,
146.86016,-36.85506,Victoria,,camp_site,,,,,,
146.34936,-43.48045,Tasmania,Louisa Creek Campground,camp_site,free,,,,0,1
146.46744,-43.50714,Tasmania,Ironbound high campground,camp_site,free,,,,0,1
138.83633,-34.69432,South Australia,Wirra Campground,camp_site,paid,,,,,
139.25348,-18.64722,Queensland,Camping Reserve,camp_site,,0,,,,
137.17211,-23.59921,Northern Territory,Campsite 1,camp_site,,,,,,
147.88062,-19.88232,Queensland,Elliot river campsite,camp_site,,,,,,
138.39993,-31.87782,South Australia,Hawker Overflow,camp_site,,,,,,
146.92063,-37.80774,Victoria,Wombat Crossing Camp Site C,camp_site,free,,,,,
146.92946,-37.80006,Victoria,Wombat Crossing Camp Site A,camp_site,,,,,,
146.97517,-37.71594,Victoria,Paddy Lees Crossing,camp_site,,,,,,
115.19485,-29.09893,Western Australia,Parking,camp_site,,,,,,
130.65456,-13.12739,Northern Territory,Litchfield Safari Camp,caravan_site,,,,,,
152.96686,-31.26322,New South Wales,Waves Campground,camp_site,,,,,,
148.85223,-20.2648,,,camp_site,,,,,,
148.8291,-20.27796,,,camp_site,,,,,,
148.84878,-20.28146,,,camp_site,,,,,,
146.21836,-18.22567,,North Macushla,camp_site,paid,,,,,
146.21969,-18.2274,,South Macushla,camp_site,paid,,,,,
117.66754,-23.20444,Western Australia,Puraburdoo Caravan Park,caravan_site,,,,,,
140.70814,-34.26857,South Australia,Campsite 14,camp_site,,,,,,
140.71005,-34.26649,South Australia,Campsite 15,camp_site,,,,,,
140.7095,-34.264,South Australia,Campsite 16,camp_site,,,,,,
140.70919,-34.26184,South Australia,Campsite 17,camp_site,,,,,,
140.70945,-34.25989,South Australia,Campsite 18,camp_site,,,,,,
140.70982,-34.25684,South Australia,Campsite 19,camp_site,,,,,,
140.71231,-34.25201,South Australia,Campsite 20,camp_site,,,,,,
140.71476,-34.25145,South Australia,Campsite 21,camp_site,,,,,,
140.71533,-34.24895,South Australia,Campsite 22,camp_site,,,,,,
140.71271,-34.24592,South Australia,Campsite 23,camp_site,,,,,,
140.71968,-34.23898,South Australia,Campsite 26,camp_site,,,,,,
140.71929,-34.23706,South Australia,Campsite 27,camp_site,,,,,,
140.71926,-34.23584,South Australia,Campsite 28,camp_site,,,,,,
140.71951,-34.23432,South Australia,Campsite 29,camp_site,,,,,,
140.71341,-34.24411,South Australia,Campsite 24,camp_site,,,,,,
140.72161,-34.23286,South Australia,Campsite 30,camp_site,,,,,,
140.64635,-34.24001,South Australia,Campsite 1,camp_site,,,,,,
140.64319,-34.24701,South Australia,Campsite 2,camp_site,,,,,,
140.64404,-34.25086,South Australia,Campsite 3,camp_site,,,,,,
140.6517,-34.24942,South Australia,Collogans Campground,camp_site,,,,,,
140.65694,-34.24705,South Australia,Campsite 5,camp_site,,,,,,
140.6542,-34.24857,South Australia,Campsite 4,camp_site,,,,,,
140.66124,-34.24602,South Australia,Campsite 6,camp_site,,,,,,
140.66469,-34.24295,South Australia,,camp_site,,,,,,
140.675,-34.24527,South Australia,Campsite 8,camp_site,,,,,,
140.68662,-34.25837,South Australia,Campsite 9,camp_site,,,,,,
140.69307,-34.26092,South Australia,Campsite 11,camp_site,,,,,,
140.68943,-34.26051,South Australia,Campsite 10,camp_site,,,,,,
140.6945,-34.26107,South Australia,Campsite 12,camp_site,,,,,,
140.69662,-34.26132,South Australia,Campsite 13,camp_site,,,,,,
116.31804,-31.55849,Western Australia,Cobbler Pool,camp_site,,,,,,
130.71903,-13.15823,Northern Territory,Southern Campground,camp_site,,,,,,
130.67059,-13.13467,Northern Territory,Tjenya campground,camp_site,,,,,,
145.24788,-15.48359,Queensland,Cooktown Caravan Park,caravan_site,,,,,,
136.91636,-35.15601,South Australia,Gym Beach Campground,camp_site,paid,,,,,
143.23497,-37.29073,Victoria,,camp_site,,,,,,
146.53715,-38.43102,Victoria,Pattison Rest Area,camp_site,,,,,,
152.24274,-26.08378,Queensland,Weier Park,camp_site,,,,,,
145.104,-17.26186,Queensland,,camp_site,paid,,,,,
145.14632,-17.28355,Queensland,,camp_site,paid,,,,,
146.37327,-19.11344,Queensland,camp 4,camp_site,,,,,,
151.0392,-34.03756,New South Wales,"Girl Guides Camp ""Noorumba""",camp_site,,0,0,0,0,
119.52458,-34.36573,Western Australia,House Beach Camping,camp_site,,,,,,
143.27308,-37.31699,Victoria,Ditchfield Camp,camp_site,,,,,,
131.34314,-13.79435,Northern Territory,Arches George,camp_site,,,,,,
142.32897,-37.08641,Victoria,,camp_site,,,,,,
146.08865,-19.80593,Queensland,Burdekin River Camping Area,camp_site,,,,,,
146.05873,-19.81568,Queensland,Fletcher Creek Camping Reserve SE,camp_site,free,1,,,,
146.14345,-19.84422,Queensland,Big Bend Camping Area,camp_site,,,,,,
146.43447,-20.10467,Queensland,Flat Rock Camping Area,camp_site,,,,,,
153.04769,-26.1374,Queensland,Dutgee Walkers Camp,camp_site,,,,,,
153.04411,-26.14991,Queensland,Upper Noosa River Campsite 5,camp_site,paid,,,,,
153.04758,-26.15145,Queensland,Campsite 4 Upper Noosa River,camp_site,,,,,,
153.06569,-26.24451,Queensland,Brahminy Walkers Camp,camp_site,,,,,,
114.63678,-28.69491,Western Australia,Geraldton Caravan Park,caravan_site,,,,,,
118.55054,-22.47195,Western Australia,Campground hosts,caravan_site,,,,,,
146.41855,-19.02742,,Balgal Beach,camp_site,,,,,,
146.1379,-42.0434,Tasmania,Echo Point Campsite,camp_site,free,,,,0,1
129.11321,-16.058,Northern Territory,Alan Kellet Rest Area,camp_site,,1,0,0,0,
134.49091,-33.01671,South Australia,Murphy's Haystack,camp_site,paid,1,,,0,
129.87439,-31.58108,South Australia,85k Peg Rest Area,camp_site,,0,,,,
131.04995,-31.42133,South Australia,Whitewell Tank Free Camping Area,camp_site,free,0,,,,
152.36289,-27.73029,Queensland,Mulgowie Hall,caravan_site,paid,,,1,,
115.65022,-32.88225,Western Australia,Preston Beach,camp_site,,,,,,
113.1951,-26.0013,,Buddy's Camp Kitchen,camp_site,,,,,,
113.19657,-26.00183,,Salty's Camp Kitchen,camp_site,,,,,,
113.1998,-26.00228,,Jed's Camp Kitchen,camp_site,,,,,,
130.94171,-12.82821,Northern Territory,Top End Naturist Recreation Retreat,camp_site,,,,,,
153.03208,-27.01644,Queensland,Pacific Sun Friends,camp_site,,,,,,
116.11932,-31.87369,Western Australia,Sunseekers Nudist Club,camp_site,,,,,,
152.98041,-27.05382,Queensland,Balkaz Retreat,camp_site,,,,,,
146.10253,-18.28512,Queensland,The Haven,camp_site,paid,,,,,
115.49227,-22.09896,Western Australia,Quartz Hill,camp_site,free,,,,,
132.40977,-14.38585,Northern Territory,,camp_site,,,,,,
150.21733,-33.25829,New South Wales,,camp_site,,,,,,
150.21892,-33.25955,New South Wales,,camp_site,,0,,,0,1
114.03858,-22.68152,Western Australia,Bullara Station,camp_site,,1,1,1,1,
151.47567,-32.98576,New South Wales,Rosco Club Incorporated,camp_site,,,,,,
146.13853,-18.91486,Queensland,,camp_site,,,,,,
146.37728,-19.11637,Queensland,,camp_site,,,,,,
146.37287,-19.10423,Queensland,Camp 1,camp_site,,,,,,
146.37563,-19.10673,Queensland,Camp 3,camp_site,,,,,,
146.37423,-19.10551,Queensland,Camp 2,camp_site,,,,,,
145.35902,-16.18554,Queensland,Thorthon Peak Base Camp,camp_site,,,,,,
145.3697,-16.16447,Queensland,High / Summit Camp,camp_site,,,,,,
146.22268,-41.57778,Tasmania,Leven River - Mole Creek Karst National Park Campsite,camp_site,,,,,,
131.11404,-12.54428,Northern Territory,Fishers Rest,camp_site,,,,,,
147.76635,-41.63607,Tasmania,Craggy Peaks,camp_site,,1,,,1,
145.54653,-16.89094,Queensland,,camp_site,,,,,,
116.07657,-32.71499,Western Australia,Dare Adventures,camp_site,paid,,,,,
148.36999,-33.42769,New South Wales,Byrne's Park,camp_site,paid,,,,,
122.59338,-33.90965,,Orleans Bay Caravan Park,caravan_site,,,,,,
150.66174,-35.11085,New South Wales,Bream Beach Holiday Park,camp_site,,,,,,
145.27674,-42.20993,Tasmania,Lakeside Macquire Harbour,camp_site,free,,,,,
143.4762,-38.80153,Victoria,GOW Aire River Campground,camp_site,,,,,,
152.97964,-26.87479,Queensland,Beerwah Caravan Park,caravan_site,paid,,,1,,
146.06336,-41.95851,Tasmania,Pine Valley Hut Tent Platforms,camp_site,,,,,,1
149.29207,-24.57101,Queensland,Bauhinia Roadhouse Campground,camp_site,paid,1,,1,,
146.59721,-37.16901,Victoria,,camp_site,,,,,,
147.73479,-35.2767,New South Wales,Free camping on sportsground,camp_site,,,,,,
152.5162,-25.02613,,Kinkuna Beach Camp,camp_site,,,,,,
150.80726,-33.40448,New South Wales,Hearth Ground Community,camp_site,,,,,,
150.81123,-33.40037,New South Wales,White Gums Community - Rowan Classen,camp_site,,,,,,
148.61966,-33.81161,New South Wales,Farleigh Reserve - Cowra,camp_site,,,,,,
152.90146,-25.28509,Queensland,Pier,camp_site,paid,,,,,
146.3021,-37.83646,Victoria,Rock Shelter,camp_site,,,,,,1
146.30324,-37.83442,Victoria,,camp_site,,,,,,
146.29165,-37.82927,Victoria,Saint Phillack Saddle,camp_site,,,,,,1
148.38598,-36.29975,New South Wales,,camp_site,,,,,,
115.4677,-34.16087,Western Australia,Rest area,camp_site,,,,,,
145.83621,-42.26574,Tasmania,,camp_site,,,,,0,1
147.32776,-42.94852,Tasmania,Top of the Lea,camp_site,,,,,,
140.79947,-38.04514,South Australia,Eight Mile Creek,camp_site,,,,,,
149.71869,-33.09315,New South Wales,Ration Point,camp_site,,,,,,
120.30551,-31.80623,Western Australia,,camp_site,,,,,,
146.46031,-42.27668,Tasmania,Tungatinah Lagoon Campground,camp_site,,1,,,,
119.48698,-31.46829,Western Australia,Marvel Lock Campground,camp_site,free,,,,,
150.24609,-33.70993,New South Wales,Megalong Valley Farm Glamping,camp_site,,,,,,
146.36677,-37.34044,Victoria,,camp_site,,,,,,
146.29394,-37.83063,Victoria,,camp_site,free,,,,,1
146.34553,-37.87146,Victoria,,camp_site,,,,,,1
146.30737,-37.84017,Victoria,,camp_site,,,,,,1
140.95811,-37.54812,South Australia,Topperwein Campground,camp_site,,,,,,
140.95358,-37.5446,South Australia,,camp_site,,,,,,
140.95285,-37.56631,South Australia,,camp_site,,,,,,
150.95141,-33.37877,New South Wales,Outdoor Adventure Company,camp_site,,,,,,
141.44762,-38.30996,Victoria,Tarragal Bushcamp,camp_site,,,,,,
137.75665,-32.94213,South Australia,Fitzgerald bay Bushcamp,camp_site,,,,,,
145.59674,-35.86124,Victoria,Weiss Beach campsite,camp_site,,,,,,
150.96085,-28.73674,New South Wales,Cunningham Weir Campsite,camp_site,,,,,,
146.19137,-19.02929,Queensland,Lagoon Campsite,camp_site,,,,,,
149.76221,-30.33515,New South Wales,Narrabri Showground,camp_site,paid,1,,,1,
150.96095,-28.73665,New South Wales,Cunningham Weir camping area,camp_site,,,,,,
152.73124,-26.58248,Queensland,Kenilworth Homestead,camp_site,paid,,,,,
133.46774,-24.14429,Northern Territory,Redbank Waterhole Campground,camp_site,,,0,,,
153.25627,-25.21865,Queensland,Dingos,camp_site,,,,,,
113.6766,-22.6958,Western Australia,Bruboodjoo Camp,camp_site,,,,,,
150.77574,-34.64441,New South Wales,Jamberoo Reserve,camp_site,,,,,,
149.86998,-28.41698,Queensland,Toobeah Coronation Hotel Campground,camp_site,paid,1,,1,1,
150.10662,-34.09145,New South Wales,,camp_site,,,,,,1
150.11205,-34.08875,New South Wales,,camp_site,,,,,,1
150.60329,-34.65201,New South Wales,,camp_site,,,,,,
144.0142,-18.18998,Queensland,,camp_site,,,,,,
146.20781,-36.05593,Victoria,Williams Camping Area,camp_site,,,,,,
145.71591,-17.34837,Queensland,Old Cairns Track,camp_site,,,,,,
146.82526,-37.08885,Victoria,,camp_site,,,,,,1
146.89599,-37.05078,Victoria,South Selwyn campsite,camp_site,,,,,,1
146.76398,-37.10944,Victoria,Barry Saddle Campsite,camp_site,,,,,,1
150.14607,-33.93072,New South Wales,,camp_site,,,,,,1
123.01721,-23.05856,Western Australia,Georgia Bore Campsite,camp_site,,,,,,
145.716,-35.95055,Victoria,Dicks Bend,camp_site,,,,,,
145.72648,-35.94587,New South Wales,McKays High Bank Camping Area,camp_site,,,,,,
145.71935,-35.93561,New South Wales,Seppelts Beach,camp_site,,,,,,
145.7059,-35.9327,New South Wales,Twin Knobs Beach,camp_site,,,,,,
145.68783,-35.92984,New South Wales,Scotts High Bank Camping Area,camp_site,,,,,,
145.81695,-35.98829,Victoria,Bourkes Lagoon,camp_site,,,,,,
145.81256,-35.98425,New South Wales,Jimmys Island,camp_site,,,,,,
145.79869,-35.98299,New South Wales,Lower Dead River,camp_site,,,,,,
145.7439,-35.96359,Victoria,Cobrawonga Creek,camp_site,,,,,,
145.9124,-35.96926,Victoria,Lagoon,camp_site,,,,,,
145.89991,-35.96409,Victoria,Fig Tree,camp_site,,,,,,
145.87096,-35.95583,New South Wales,Buchanans Beach,camp_site,,,,,,
145.85425,-35.96018,New South Wales,Redbank Beach,camp_site,,,,,,
145.84926,-35.96916,New South Wales,Nevins Beach,camp_site,,,,,,
145.85154,-35.97581,Victoria,Kellys Pump,camp_site,,,,,,
151.4701,-32.03196,New South Wales,Big Hole Camping Area,camp_site,,,,,,
151.49435,-31.87674,New South Wales,Pheasant Creek Camping Area,camp_site,,,,,,
145.61922,-35.87577,New South Wales,Davies High Bank,camp_site,,,,,,
145.63163,-35.88826,New South Wales,Racecourse Road,camp_site,,,,,,
145.63561,-35.88915,New South Wales,Dead End Beach,camp_site,,,,,,
145.655,-35.90034,New South Wales,Toms High Bank,camp_site,,,,,,
145.58447,-35.84888,Victoria,Willow (or Greens) Beach,camp_site,,,,,,
145.59265,-35.8493,New South Wales,Brentnalls Beach,camp_site,,,,,,
145.60171,-35.86895,Victoria,Wilsons Beach,camp_site,,,,,,
145.46957,-35.81725,New South Wales,Doctors Bend,camp_site,,,,,,
145.51825,-35.818,Victoria,Ulupna Creek East Camping Area,camp_site,,,,,,
145.35284,-35.8664,Victoria,Pinnucks Camping Area 1,camp_site,,0,,,,
145.35777,-35.86656,Victoria,Pinnucks Camping Area 2,camp_site,,,,,,
145.3688,-35.85884,New South Wales,Morgans Mill Camping Area,camp_site,,,,,,
145.38693,-35.85053,,Morgans Beach Camping Area,camp_site,,,,,,
145.39328,-35.85109,,Crawfords Boat Ramp Camping Area,camp_site,,,,,,
145.41153,-35.84828,Victoria,The Junction Camping Area 1,camp_site,,,,,,
145.41325,-35.84787,Victoria,Little Ulupna Creek Camping Area,camp_site,,,,,,
145.41164,-35.83561,New South Wales,Dead Dog Lagoon Camping Area 1,camp_site,,,,,,
145.41323,-35.83103,New South Wales,Dead Dog Lagoon Camping Area 2,camp_site,,,,,,
145.41897,-35.82936,New South Wales,Peppertree (or Faraway) Beach,camp_site,,,,,,
145.42486,-35.829,New South Wales,Lagoon Beach,camp_site,,,,,,
145.43463,-35.83032,New South Wales,Lawrences Beach,camp_site,,,,,,
145.44857,-35.82822,New South Wales,Carters Site 4,camp_site,,,,,,
145.4514,-35.82167,New South Wales,Carters Beach Camping Area,camp_site,,,,,,
117.64293,-22.25303,Western Australia,Eliwana Rail Camp 50,camp_site,,,,,,
144.85041,-36.10694,Victoria,McDonald Road,camp_site,,,,,,
144.81335,-36.11328,New South Wales,Simmie Road Camping Area 1,camp_site,,,,,,
144.81259,-36.11258,New South Wales,Simmie Road Camping Area 2,camp_site,,,,,,
144.80758,-36.11327,New South Wales,Betts Bend Camping Area 1,camp_site,,,,,,
144.80699,-36.10842,New South Wales,Betts Bend Camping Area 2,camp_site,,,,,,
144.80667,-36.10733,New South Wales,Betts Bend Beach,camp_site,,,,,,
144.81153,-36.10951,New South Wales,Betts Bend Camping Area 4,camp_site,,,,,,
144.81053,-36.10287,New South Wales,Christies Beach Camping Area 1,camp_site,,,,,,
144.81387,-36.10676,New South Wales,Christies Beach Camping Area 1,camp_site,,,,,,
144.81788,-36.10702,New South Wales,Christies Beach Camping Area 4,camp_site,,,,,,
144.82326,-36.10602,,Looker Road Camping Area 1,camp_site,,,,,,
144.82942,-36.10312,Victoria,Looker Road Camping Area 2,camp_site,,,,,,
144.84039,-36.10295,Victoria,Looker Road Camping Area 4,camp_site,,,,,,
144.83421,-36.10383,Victoria,Looker Road Camping Area 3,camp_site,,,,,,
144.83362,-36.10222,Victoria,Junction Track Camping Area 1,camp_site,,,,,,
144.83853,-36.1004,Victoria,Junction Track Camping Area 2,camp_site,,,,,,
144.84242,-36.10073,Victoria,Junction Track Camping Area 3,camp_site,,,,,,
144.84038,-36.09449,Victoria,Flemings Bend,camp_site,,,,,,
144.84302,-36.0904,Victoria,Stewarts Bridge Camping Area 1,camp_site,,,,,,
144.84248,-36.08675,,Stewarts Bridge Camping Area 2,camp_site,,,,,,
144.86509,-36.05977,Victoria,Kiln Loop Track Camping Area 1,camp_site,,,,,,
144.87884,-36.06011,New South Wales,Kiln Loop Track Camping Area 2,camp_site,,,,,,
144.98055,-36.04743,Victoria,The Ranch Site 7,camp_site,,,,,,
144.96637,-36.03832,New South Wales,The Ranch Site 3,camp_site,,,,,,
144.93345,-36.11001,Victoria,Watson Road,camp_site,,,,,,
144.92365,-36.09963,Victoria,Waites Lane,camp_site,,,,,,
152.44843,-26.63577,Queensland,Peach Trees,camp_site,,,,,,
147.60408,-19.7613,Queensland,Wunjunga south,camp_site,,,,,,
146.2765,-37.71378,Victoria,Thomson River Campsite,camp_site,,,,,,1
146.30997,-37.66503,Victoria,Blue Jacket Campsite,camp_site,,,,,,1
146.28346,-18.23941,Queensland,Sunset Beach,camp_site,paid,,,,,
146.30082,-18.23874,Queensland,Banshee Bay,camp_site,paid,,,,,
146.42468,-41.34597,Tasmania,Railton Hotel Free Campsite,camp_site,,,,,,
150.66581,-33.37418,New South Wales,Bob Turners,camp_site,free,,,,,1
145.32473,-18.21711,Queensland,Kucha Campsite,camp_site,,,,,,
152.94032,-27.23577,Queensland,Campsite 15,camp_site,paid,,,,,
152.00821,-28.88874,Queensland,South Bald Rock remote bush camp,camp_site,,,,,,1
145.22286,-35.84268,Victoria,Tongalong Creek Camping Area,camp_site,,0,,,,
145.21932,-35.84264,Victoria,Rowes Camping Area 2,camp_site,,0,,,,
145.20914,-35.83789,Victoria,Rowes Camping Area 1,camp_site,,0,,,,
145.20021,-35.83722,Victoria,Sandpit Creek Camping Area 4,camp_site,,0,,,,
145.19699,-35.83696,Victoria,Sandpit Creek Camping Area 3,camp_site,,0,,,,
145.19517,-35.83739,Victoria,Sandpit Creek Camping Area 2,camp_site,,0,,,,
145.19215,-35.83799,Victoria,Sandpit Creek Camping Area 1,camp_site,,0,,,,
145.18355,-35.84089,Victoria,Burnt Landing Camping Area 3,camp_site,,0,,,,
145.18164,-35.84202,Victoria,Burnt Landing Camping Area 2,camp_site,,0,,,,
145.17633,-35.84061,Victoria,Burnt Landing Camping Area 1,camp_site,,0,,,,
145.15162,-35.84192,Victoria,The Gulf Camping Area,camp_site,,0,,,,
145.15346,-35.84068,Victoria,The Gulf Camping Area 3,camp_site,,0,,,,
145.15238,-35.84099,Victoria,The Gulf Camping Area 4,camp_site,,0,,,,
145.15475,-35.84029,Victoria,The Gulf Camping Area 2,camp_site,,0,,,,
145.156,-35.83962,Victoria,The Gulf Camping Area 1,camp_site,,0,,,,
145.15686,-35.83564,Victoria,Honeymoon Bend Camping Area,camp_site,,0,,,,
145.14977,-35.83356,New South Wales,Frenchmans Camping Area 3,camp_site,,0,,,,
145.14391,-35.83242,New South Wales,Frenchmans Camping Area 2,camp_site,,0,,,,
145.14118,-35.82983,New South Wales,Frenchmans Camping Area 1,camp_site,,0,,,,
145.13892,-35.83296,New South Wales,Stewart Kitchen Camping Area,camp_site,,0,,,,
145.13437,-35.83281,Victoria,Pinchgut Bend Camping Area 2,camp_site,,0,,,,
145.13395,-35.83209,Victoria,Pinchgut Bend Camping Area 1,camp_site,,0,,,,
145.12939,-35.82805,Victoria,Bull Paddock Camping Area 3,camp_site,,0,,,,
145.12791,-35.8274,Victoria,Bull Paddock Camping Area 2,camp_site,,0,,,,
145.12757,-35.82839,Victoria,Bull Paddock Camping Area 1,camp_site,,0,,,,
145.1217,-35.82599,Victoria,Sixty Mile Bend Camping Area 2,camp_site,,0,,,,
145.11918,-35.8263,Victoria,Sixty Mile Bend Camping Area 1,camp_site,,0,,,,
145.11398,-35.82559,Victoria,Mill Log Landing Camping Area,camp_site,,0,,,,
145.10839,-35.82694,New South Wales,Potts Point Camping Area,camp_site,,0,,,,
145.10306,-35.82981,Victoria,Fish Basket Camping Area,camp_site,,0,,,,
145.0995,-35.82886,New South Wales,Red Tank Lagoon Camping Area 2,camp_site,,0,,,,
145.09596,-35.83319,Victoria,Red Tank Lagoon Camping Area 1,camp_site,,0,,,,
145.09359,-35.83532,Victoria,Sapling Landing Camping Area,camp_site,,0,,,,
145.0888,-35.8317,New South Wales,Punt Paddock Creek Camping Area 2,camp_site,,0,,,,
145.08702,-35.82664,New South Wales,Punt Paddock Creek Camping Area 1,camp_site,,0,,,,
145.07884,-35.82766,New South Wales,Green Engine Camping Area 2,camp_site,,0,,,,
145.07673,-35.83229,New South Wales,Green Engine Camping Area 1,camp_site,,0,,,,
145.06733,-35.84015,New South Wales,Long Landing Camping Area,camp_site,,0,,,,
145.06173,-35.83725,New South Wales,Big Woodcutter Lagoon Camping Area 3,camp_site,,0,,,,
145.05588,-35.83686,New South Wales,Big Woodcutter Lagoon Camping Area 2,camp_site,,0,,,,
145.05373,-35.83872,New South Wales,Big Woodcutter Lagoon Camping Area 1,camp_site,,0,,,,
145.04918,-35.83795,New South Wales,Nine Panel Bend Camping Area 2,camp_site,,0,,,,
145.04401,-35.84002,New South Wales,Nine Panel Bend Camping Area 1,camp_site,,0,,,,
145.04115,-35.84305,New South Wales,Nestrons Bend Camping Area,camp_site,,0,,,,
145.03839,-35.84474,New South Wales,Campbells Landing Camping Area,camp_site,,0,,,,
145.03648,-35.84699,New South Wales,Canalla Landing Camping Area,camp_site,,0,,,,
145.03191,-35.84922,New South Wales,Thistle Bend Camping Area,camp_site,,0,,,,
145.02391,-35.85317,New South Wales,Boals Creek Camping Area 2,camp_site,,0,,,,
145.02324,-35.8536,New South Wales,Boals Creek Camping Area 1,camp_site,,0,,,,
145.02057,-35.8562,Victoria,Thistle Bed Camping Area 3,camp_site,,0,,,,
145.01879,-35.85687,Victoria,Thistle Bed Camping Area 2,camp_site,,0,,,,
145.01745,-35.85712,Victoria,Thistle Bed Camping Area 1,camp_site,,0,,,,
145.00512,-35.85542,Victoria,Budgee Creek Camping Area 1,camp_site,,0,,,,
145.00732,-35.85642,Victoria,Budgee Creek Camping Area 2,camp_site,,0,,,,
144.95613,-35.91453,New South Wales,Cutting Creek Camping Area,camp_site,,0,,,,
144.96098,-35.91233,,War Creek Camping Area,camp_site,,0,,,,
144.96948,-35.86955,New South Wales,Double Holes Camping Area,camp_site,,0,,,,
144.98174,-35.86003,New South Wales,Tarragon Lodge Camping Area,camp_site,,0,,,,
145.34908,-35.86036,New South Wales,Wasers Beach,camp_site,,0,,,,
145.34447,-35.86263,New South Wales,2nd Downstream of Wasers Beach,camp_site,,0,,,,
145.34207,-35.86289,Victoria,3rd Downstream of Wasers Beach,camp_site,,0,,,,
145.33904,-35.86121,New South Wales,4th Downstream of Wasers Beach,camp_site,,0,,,,
145.33596,-35.86054,New South Wales,5th Downstream of Wasers Beach,camp_site,,0,,,,
145.32927,-35.85449,New South Wales,6th Downstream of Wasers Beach,camp_site,,0,,,,
145.32256,-35.8551,New South Wales,7th Downstream of Wasers Beach,camp_site,,0,,,,
145.31912,-35.85477,New South Wales,8th Downstream of Wasers Beach,camp_site,,0,,,,
145.31019,-35.8599,Victoria,The Steps Camping Area,camp_site,,0,,,,
145.30471,-35.85969,Victoria,Browns Camping Area 3,camp_site,,0,,,,
145.29285,-35.85884,Victoria,Browns Camping Area 1,camp_site,,0,,,,
145.28435,-35.85692,Victoria,Clarkes Camping Area,camp_site,,0,,,,
145.28468,-35.85093,Victoria,McLeans Camping Area 2,camp_site,,0,,,,
145.28108,-35.85401,Victoria,McLeans Camping Area 1,camp_site,,0,,,,
145.27836,-35.85407,Victoria,Black Engine Lagoon Camping Area 3,camp_site,,0,,,,
145.27378,-35.84768,Victoria,Black Engine Lagoon Camping Area 2,camp_site,,0,,,,
145.26812,-35.85515,Victoria,Black Engine Lagoon Camping Area 1,camp_site,,0,,,,
145.26351,-35.85207,Victoria,Lupmans Camping Area,camp_site,,0,,,,
145.26372,-35.84178,,Arnalds Camping Area,camp_site,,0,,,,
145.25926,-35.83674,,Boss Beach Camping Area,camp_site,,0,,,,
145.24578,-35.8333,,The Wattles Camping Area 2,camp_site,,0,,,,
145.23076,-35.83301,,Tongalong Camping Area,camp_site,,0,,,,
145.22437,-35.83342,,Tongalong Beach Camping Area,camp_site,,0,,,,
145.22325,-35.83575,,Bunyip Hole Camping Area 3,camp_site,,0,,,,
145.22245,-35.83621,Victoria,Bunyip Hole Camping Area 2,camp_site,,0,,,,
145.2246,-35.83945,Victoria,Bunyip Hole Camping Area 1,camp_site,,0,,,,
140.59835,-34.32527,South Australia,Katarapko Campsite 07 (Booky Cliffs),camp_site,paid,,,,,
152.08517,-26.2131,Queensland,Goomeri Caravan and Bush Camp,camp_site,paid,1,,,1,
150.96082,-28.73682,New South Wales,Cunningham Weir Free Camp,camp_site,,0,,,,
153.0336,-30.88909,New South Wales,Ingenia Holidays South West Rocks,caravan_site,paid,,,1,,
148.63124,-28.0044,Queensland,Free camp,camp_site,,,,,,
151.11989,-33.63183,New South Wales,,camp_site,free,0,,,0,1
118.90306,-21.02719,Western Australia,Carlindi Camp . PLS,camp_site,,,,,,
149.23195,-30.99762,New South Wales,Sculptures in the Scrub Campground,camp_site,paid,1,,0,0,
140.96904,-34.7055,Victoria,Border Camping Area,camp_site,,,,,,
141.17979,-34.7156,Victoria,,camp_site,,,,,,
141.87343,-35.9475,Victoria,The Wattles,camp_site,,,,,,
137.42871,-32.628,South Australia,Nutbush Retreat,camp_site,,1,,1,1,
143.70823,-37.31028,Victoria,Cork Oaks Campground,camp_site,,,,,,
148.77669,-26.51349,Queensland,Ups and Downs Caravan Park Farm Stay,caravan_site,,,,1,,
152.69036,-26.62415,Queensland,Little Yabba Creek Rest Area,camp_site,free,,,,,
147.65796,-37.95079,Victoria,Camp Coorong,camp_site,,,,,,
121.21346,-22.69073,Western Australia,,camp_site,,,,,,
121.21992,-22.65461,Western Australia,,camp_site,,,,,,
121.10884,-22.75597,Western Australia,,camp_site,,,,,,
120.62506,-22.79883,Western Australia,,camp_site,,,,,,
138.39559,-35.61662,South Australia,Kurri Ngawanthi (Creek Campground),camp_site,,,,,,
138.60819,-31.33808,South Australia,Slippery Dip Camp area,camp_site,,,,,,
116.56324,-31.3212,Western Australia,Boshack Outback - Perth Farmstay,camp_site,,,,,,
149.02377,-33.30407,New South Wales,Camp Canobolas,camp_site,,,,,,
147.344,-38.25594,Victoria,Campsite C10,camp_site,,,,,,
117.72514,-35.043,Western Australia,Muttonbird Campsite,camp_site,free,1,,,0,1
151.05791,-33.71957,New South Wales,The Jungo,camp_site,free,,,,0,1
139.08856,-34.17924,South Australia,Eudunda Community Caravan Park,camp_site,paid,1,,1,1,
133.45419,-17.39928,Northern Territory,Free Camping,camp_site,,,,,,
133.81338,-23.38635,Northern Territory,Free Camping,camp_site,,,,,,
152.50993,-29.9088,New South Wales,Doon Goonge,camp_site,paid,,,,,
113.66463,-22.55207,,South Lefroy,camp_site,,,,,,
152.27463,-29.4606,New South Wales,Grassy Creek Campsite,camp_site,,,,,0,
147.87207,-30.93253,New South Wales,Quambone Primitive Campground,camp_site,free,1,,0,0,
122.76456,-23.22167,Western Australia,,camp_site,,,,,,
122.67758,-23.34331,Western Australia,,camp_site,,,,,,
147.10472,-28.98319,Queensland,Redbank Hut Camping Area,camp_site,paid,,,,,
146.85983,-28.85991,Queensland,Nebine Creek Camping Area,camp_site,,,,,,
147.22212,-28.97992,Queensland,Byra Lagoon Camping Area,camp_site,paid,,,,,
148.02539,-24.91404,Queensland,Rotary Shelter Shed Camping Area,camp_site,paid,,,,,
148.01327,-24.97198,Queensland,West Branch Walkers' Camp,camp_site,paid,,,,,
144.51083,-28.88318,Queensland,Ourimperee Waterhole,camp_site,paid,,,,,
144.33287,-28.54023,Queensland,Myninya Camping Area,camp_site,paid,,,,,
144.7955,-28.68304,Queensland,Corni Paroo Camping Area,camp_site,paid,,,,,
144.73353,-28.74134,Queensland,Caiwarro Waterhole Camping Area,camp_site,paid,,,,,
140.98593,-23.67108,Queensland,Gum Hole Camping Area,camp_site,paid,,,,,
149.78917,-32.44062,New South Wales,Cooyal Hotel Free Campsite,camp_site,,,,,,
144.16792,-19.4117,Queensland,Emu Swamp camping area,camp_site,paid,,,,,
149.78821,-23.33762,Queensland,Wadlows Yards camping area,camp_site,paid,,,,,
150.80346,-22.80824,Queensland,Five Rocks camping area,camp_site,paid,,,,,
145.76468,-18.51864,Queensland,Old forestry camp,camp_site,,,,,,
146.71919,-35.68965,New South Wales,Walbundrie Camping Ground,camp_site,paid,1,,1,1,
146.90227,-35.76684,New South Wales,Walla Walla Primitive Camping Ground,camp_site,paid,1,,1,1,
150.056,-30.66783,New South Wales,,camp_site,,,,,,
150.92565,-24.46309,Queensland,The Wall,camp_site,,,,,,
150.97776,-24.36743,Queensland,Griffiths Creek Camping Area,camp_site,,,,,,
150.96645,-24.37182,Queensland,Razorback Camping Area,camp_site,,,,,,
150.12882,-35.27854,New South Wales,Burrumbreet Cave,camp_site,free,,,,,1
150.99717,-34.07634,New South Wales,,camp_site,,,,,,
143.86042,-18.53661,Queensland,Wundu Camping Area,camp_site,,,,,,
143.42209,-18.79624,Queensland,Cobbold Gorge camping area,camp_site,,,,,,
152.04603,-27.25829,Queensland,,caravan_site,,1,,1,,
152.34531,-24.87524,Queensland,Bundaberg CMCA RV Park,camp_site,,,,,,
141.01151,-38.04679,Victoria,Karnkendi Campsite,camp_site,,,,,,
138.88981,-33.40717,South Australia,Hallet Recreation Ground,camp_site,paid,1,,,1,
152.90798,-26.41377,Queensland,Cooroy RV Stopover,camp_site,paid,,,,,
146.30267,-35.63454,New South Wales,Daysdale Recreation Reserve,camp_site,paid,1,,1,1,
145.78384,-17.67504,Queensland,Downey Creek camping area,camp_site,,,,,,
145.63324,-17.66455,Queensland,Hinson Creek camping area,camp_site,,,,,,
145.5777,-17.63824,Queensland,Cannabullen Creek camping area,camp_site,,,,,,
145.53751,-17.68002,Queensland,Koolmoon Creek Headwaters camping area,camp_site,,,,,,
145.56583,-17.74501,Queensland,Walters Waterhole camping area,camp_site,,,,,,
145.63052,-17.74489,Queensland,Cochable Creek camping area,camp_site,,,,,,
145.63069,-17.69769,Queensland,Carter Creek camping area,camp_site,,,,,,
152.75881,-27.27782,Queensland,Lepidozamia Bush Camp,camp_site,,,1,,,
150.66178,-22.82429,Queensland,Ferns Hideaway Resort and Caravan Park,camp_site,paid,,,,,
148.69874,-20.27597,Queensland,EJ stealth camp,camp_site,,,,,,
145.56982,-17.00395,Queensland,Davies Creek Campground,camp_site,,,,,,
151.96713,-32.58587,New South Wales,Tattersalls Camping,camp_site,,,,,,
146.26221,-36.00903,New South Wales,,camp_site,,0,,,,
150.69976,-35.12674,,,camp_site,,,,,,
145.84729,-41.26419,Tasmania,Lake Kara Campsite,camp_site,free,,,,,
150.59474,-35.18207,,The Cove Glamping Area,camp_site,,,,,,
151.79202,-31.79999,New South Wales,Woko Campground - Woko NP,camp_site,,,,,,
150.46804,-31.24675,New South Wales,Breeza Hall,camp_site,paid,1,,,0,
135.64068,-15.72056,Northern Territory,Lorella Springs Wilderness Park,caravan_site,,,,,,
134.80501,-14.77211,Northern Territory,,camp_site,,,,,,
134.78945,-14.75935,Northern Territory,Yurrlmundji Campground,camp_site,,,,,,
152.78501,-26.86834,Queensland,Running Creek Parklands,camp_site,,,,,,
146.35845,-36.04143,New South Wales,,camp_site,,,,,,
146.35381,-36.04077,New South Wales,Stantons Bend Campsite,camp_site,,,,,,
146.35992,-36.04079,New South Wales,,camp_site,,,,,,
146.36785,-36.04917,New South Wales,,camp_site,,,,,,
146.36849,-36.05084,Victoria,,camp_site,,,,,,
146.37988,-36.0441,Victoria,,camp_site,,,,,,
146.37558,-36.04615,Victoria,,camp_site,,,,,,
146.37694,-36.04214,New South Wales,,camp_site,,,,,,
146.2907,-36.0362,,Taylors Bend,camp_site,,0,0,0,0,
146.30022,-36.04763,Victoria,,camp_site,,,,,,
146.30109,-36.0367,,,camp_site,,,,,,
146.30055,-36.0435,,,camp_site,,,,,,
152.65422,-28.19533,Queensland,Lake Maroon Camp Ground,camp_site,,,,,,
145.64031,-36.71086,Victoria,Euroa Glamping,camp_site,,,,,,
116.23347,-33.45734,Western Australia,Mick Murray Campsite,camp_site,,,,,,
151.47102,-24.52731,Queensland,Old Forestry Camping Area,camp_site,,,,,,
143.26815,-37.29297,Victoria,Glut Campsite,camp_site,,,,,,
150.12286,-35.27571,New South Wales,Burrumbeet Brook camp site,camp_site,free,,,,,1
142.0729,-37.28524,Victoria,Rom's Bog,camp_site,,,,,,
151.07717,-30.17105,New South Wales,Bundarra Community Caravan Park,camp_site,paid,1,,1,1,
135.43229,-34.53083,,Mt Dutton Bay Woolshed,camp_site,paid,1,,,1,
146.31424,-32.06387,New South Wales,,camp_site,paid,1,,1,0,
135.46717,-34.38745,South Australia,Coulta,camp_site,paid,1,,,0,
138.39681,-31.13324,South Australia,Parachilna Rest Area,camp_site,,1,,,0,
150.4433,-30.13974,New South Wales,Upper Horton Campground,camp_site,free,1,,1,0,
140.39937,-37.91277,South Australia,Carpenter Rocks Campground / Admella Reserve,camp_site,paid,1,,,0,
148.24643,-34.42922,New South Wales,Wombat Recreation Sports Oval,camp_site,paid,1,,1,1,
140.95919,-36.71192,South Australia,Frances Recreation Ground,camp_site,free,1,,,0,
146.62084,-33.86996,New South Wales,Weethalle Showground Camping,camp_site,paid,1,,1,1,
147.68971,-30.46045,New South Wales,Carinda Primitive Campground,camp_site,paid,,0,0,,
150.75223,-29.25051,New South Wales,Coolatai Hall,camp_site,paid,1,,,1,
139.81477,-34.98386,South Australia,Perponda Oval,camp_site,free,1,0,,0,
152.87619,-26.26301,Queensland,,camp_site,paid,,,,,
116.44774,-29.75901,Western Australia,Latham Recreation Reserve,camp_site,paid,1,,1,1,
146.90673,-31.24788,New South Wales,Girilambone CWA Memorial Park,camp_site,paid,1,0,1,1,
116.09751,-31.38556,Western Australia,Bindoon,camp_site,paid,1,,1,1,
116.70437,-34.22752,Western Australia,Tonebridge Bridge Rest Area,camp_site,free,,,,,
115.86418,-28.89785,Western Australia,,camp_site,paid,1,,,1,
149.06724,-23.79449,Queensland,Munall Camping Area,camp_site,paid,,,,,
151.14729,-31.30388,New South Wales,Woolomin Reserve,camp_site,free,1,,1,0,
151.72356,-29.92675,New South Wales,Red Lion Tavern Freecamp,camp_site,paid,1,,,1,
147.10117,-26.41999,Queensland,Gidgee's Bush Camp,camp_site,paid,1,,1,1,
152.31135,-28.92953,New South Wales,Tenterfield Endurance Riding Club Inc,camp_site,paid,1,,,1,
146.28203,-38.39704,Victoria,Primrose Park Freedom Camping,camp_site,,,,,,
147.77166,-29.74576,New South Wales,Cumborah Recreation Reserve,camp_site,paid,1,0,,0,
145.5774,-37.89995,Victoria,Kurth Kiln Camping and Picnic (2nd),camp_site,free,1,,,0,
149.95157,-30.59991,New South Wales,Baan Baa Old School Campground,camp_site,paid,1,,,1,
152.04313,-30.51126,New South Wales,Wollomombi Store Freecamp,camp_site,free,1,,0,0,
152.55675,-29.57761,New South Wales,Lollback Rest Area,camp_site,free,1,0,,0,
144.31855,-18.14822,Queensland,Mount Surprise Tourist Van Park & Motel,caravan_site,,,,1,,
144.32034,-18.14417,Queensland,Bedrock Village,caravan_site,,,,,,
148.6893,-33.17806,New South Wales,Manildra Showground Camping,camp_site,paid,1,,1,1,
148.40995,-33.40098,New South Wales,Escort Rock Rest Area,camp_site,free,1,,,0,
148.63452,-34.67468,New South Wales,Binalong Recreation Ground,camp_site,paid,1,,,1,
144.45806,-35.49965,New South Wales,Wakool River,camp_site,free,1,,,0,
145.18178,-35.3051,New South Wales,Conargo Sportsground,camp_site,free,1,1,1,0,
145.18068,-35.29474,New South Wales,Billabong Creek,camp_site,free,0,,,0,
150.67347,-33.0299,New South Wales,Grey Gum International Cafe,camp_site,paid,1,,,1,
144.30213,-32.90053,New South Wales,Ivanhoe Servo,camp_site,paid,1,,1,1,
144.27726,-16.01876,Queensland,North Palmer River Campsite,camp_site,,,,,,
148.9203,-31.4691,New South Wales,Tooraweenah Rest Area,camp_site,free,1,,,0,
146.35041,-31.53214,New South Wales,Florida Rest Area,camp_site,free,1,,,0,
143.81413,-31.69518,New South Wales,MacCullochs Range Rest Area,camp_site,free,1,,,0,
148.9834,-28.97591,Queensland,Barwon River Campsite,camp_site,free,1,,,1,
144.14331,-31.71339,New South Wales,Baden Park Rest Area,camp_site,free,1,,,0,
151.15802,-30.88086,New South Wales,Bendemeer Tourist Park,camp_site,paid,1,,1,1,
144.88481,-33.86926,New South Wales,Booligal Hotel Camping,camp_site,paid,1,,,1,
150.73965,-31.2613,New South Wales,Currabubula Freedom Camping,camp_site,paid,1,,0,1,
146.57631,-35.5933,New South Wales,Billabong Creek,camp_site,free,0,,,0,
151.35168,-32.62565,New South Wales,Drovers Camp,camp_site,paid,1,,,1,
145.56684,-35.65225,New South Wales,Finley Showground Camping,camp_site,paid,1,,1,1,
148.89826,-32.19567,New South Wales,Hair of the Dog Inn Camping,camp_site,paid,1,,1,1,
150.43007,-35.32035,New South Wales,Milton Showground Primitive Camping Ground,camp_site,paid,1,,,1,
145.87869,-32.83802,New South Wales,Mount Hope Community Hall,camp_site,paid,1,,1,1,
150.24437,-31.39689,New South Wales,Spring Ridge Freedom Camp,camp_site,paid,1,,0,1,
153.12816,-28.56576,New South Wales,Wadeville Woolies Campground,camp_site,paid,1,,1,1,
150.64947,-31.33919,New South Wales,Werris Creek Freedom Camp,camp_site,free,1,,0,1,
153.22271,-27.60047,Queensland,John Oxley,camp_site,,,,,,
153.2242,-27.60038,Queensland,North Ridge,camp_site,,,,,,
153.22011,-27.60042,Queensland,Toohey Forest,camp_site,,,,,,
153.22685,-27.6066,Queensland,Albert Lindsay,camp_site,,,,,,
117.76244,-22.69712,Western Australia,,camp_site,,,,,,
134.46303,-23.63891,Northern Territory,N'Dhala Gorge Campground,camp_site,paid,1,0,0,0,
135.08497,-22.46842,Northern Territory,,camp_site,,,,,,
138.98718,-35.1144,South Australia,Jakem Farm 4x4,camp_site,paid,,,,,
146.31583,-18.92007,Queensland,Crystal Creek Beach Camping,camp_site,,,,,,
146.97892,-33.63606,New South Wales,Ungarie Showground Camping,camp_site,,1,,1,1,
144.6261,-31.5583,New South Wales,Bulla Park Rest Area,camp_site,free,0,,,0,
144.87482,-31.58649,New South Wales,Lilydale Rest Area,camp_site,free,1,,,0,
145.06594,-36.85019,Victoria,,camp_site,,,,,,
145.23627,-36.59605,Victoria,,camp_site,,,,,,
147.04673,-34.78804,New South Wales,Ganmain Showground Camping,camp_site,paid,1,,1,1,
146.29463,-34.93708,New South Wales,Unknown,camp_site,,0,,,,
149.03818,-33.67394,New South Wales,Lyndhurst Village Primitive Camprground,camp_site,paid,1,,0,0,
148.45833,-34.16755,New South Wales,Bendick Murrell Rest Area,camp_site,free,1,,,0,
118.81695,-32.27872,Western Australia,Gravel Pull Off - no toilet,camp_site,,,,,,
149.10154,-33.64009,New South Wales,Mandurama East Rest Area,camp_site,,0,,,0,
144.96313,-35.80831,New South Wales,Cumalong Campsite,camp_site,,,,,,
144.96028,-35.80756,New South Wales,Edward River Bridge Campsite 5,camp_site,,,,,,
144.95981,-35.81111,New South Wales,Edward River Bridge Campsite 1,camp_site,,,,,,
144.95911,-35.8093,New South Wales,Edward River Bridge Campsite,camp_site,,,,,,
149.80602,-32.57737,New South Wales,Old Bara Campground,camp_site,paid,1,,,0,
149.89092,-32.93337,New South Wales,Bar and Grill - Camping - sign,camp_site,paid,,,1,,
151.29219,-26.20289,Queensland,Boondooma Homestead,camp_site,paid,1,,1,1,
119.84079,-31.24982,Western Australia,Karalee Rock and Dam Campground,camp_site,free,1,,,0,
149.07081,-23.58183,Queensland,Bluff Hotel Campground,camp_site,paid,1,,1,1,
149.1453,-35.22984,Australian Capital Territory,Exhibition Park Camground,camp_site,paid,1,1,1,1,
145.07602,-35.82634,New South Wales,Fishermans Bend Campsite,camp_site,,,,,,
145.02499,-35.84618,New South Wales,,camp_site,,,,,,
145.03597,-35.84239,New South Wales,Douglas Campsite,camp_site,,,,,,
145.04026,-35.83776,New South Wales,Nestrons Campsite,camp_site,,,,,,
151.20486,-27.5327,Queensland,Cecil Plains Apex Park,camp_site,free,1,1,0,0,
152.24234,-28.06528,Queensland,Millar Vale Creek Park,camp_site,free,1,,,0,
140.59769,-22.7728,Queensland,George and Gladys Hasted Rest Area,camp_site,free,1,,,1,
145.35435,-35.86585,New South Wales,Top End Beach Campsite,camp_site,,,,,,
145.28415,-35.85523,Victoria,Paradise Beach Campsite,camp_site,,,,,,
145.29501,-35.85884,Victoria,,camp_site,,,,,,
145.3034,-35.85778,Victoria,,camp_site,,,,,,
145.32272,-35.85022,New South Wales,,camp_site,,,,,,
145.26473,-35.85118,Victoria,Scotts Beach Campsite,camp_site,,,,,,
145.17238,-35.83766,Victoria,House Creek Campsite,camp_site,,,,,,
145.18915,-35.83333,Victoria,,camp_site,,,,,,
145.19281,-35.83638,Victoria,Honeymoon Bend Campsite,camp_site,,,,,,
145.21363,-35.83518,Victoria,,camp_site,,,,,,
145.13453,-35.8267,New South Wales,Pinch Gut Campsite,camp_site,,,,,,
145.13921,-35.82743,New South Wales,1818 Bend Campsite,camp_site,,,,,,
145.16051,-35.83116,New South Wales,Wire Fence Landing Campsite,camp_site,,,,,,
145.09096,-35.8248,New South Wales,St John's Campsite,camp_site,,,,,,
145.09421,-35.83059,New South Wales,Kangaroo Bend Campsite,camp_site,,,,,,
145.09433,-35.82812,New South Wales,,camp_site,,,,,,
145.10078,-35.82498,New South Wales,Hooked Leaf Wattle Campsite,camp_site,,,,,,
145.11075,-35.82234,New South Wales,Cherry Tree Campsite,camp_site,,,,,,
145.11663,-35.82123,New South Wales,Potts Campsite,camp_site,,,,,,
145.1258,-35.82719,Victoria,,camp_site,,,,,,
151.21653,-26.96394,Queensland,Jimbour Park / Jimbour Community Rest Area,camp_site,free,1,,,0,
150.67616,-30.56384,New South Wales,Split Rock Dam,camp_site,paid,1,,,1,
147.72599,-34.46762,New South Wales,Springdale Rest Area,camp_site,,1,,,0,
150.46678,-32.3865,New South Wales,Baerami Community Hall,camp_site,,1,,,,
151.42691,-32.80722,New South Wales,Abermain Bowling Club - SC only 72 hrs,camp_site,paid,0,,,0,
150.77504,-34.64639,New South Wales,Jamberoo Park Campground,camp_site,,1,,,0,
143.51373,-34.66433,New South Wales,Mamanga Campground,camp_site,free,1,,,0,
147.51692,-33.76644,New South Wales,Marsden Rest Area - Northbound,camp_site,,1,,,0,
142.48439,-32.31227,New South Wales,,camp_site,free,0,,,0,
151.34541,-30.96579,New South Wales,Woolbrook Hall,camp_site,paid,1,,,1,
145.91092,-37.12493,Victoria,Jimmys Bend,camp_site,,,,,,
145.90808,-37.12902,Victoria,Dumbells,camp_site,,,,,,
151.66687,-30.2984,New South Wales,Deanos Springwater Smoked Trout,camp_site,paid,1,,1,1,
147.12678,-36.88521,Victoria,,camp_site,,,,,,1
147.12276,-36.90146,Victoria,Federation Hut,camp_site,,1,1,0,0,1
151.05968,-31.16475,New South Wales,Piallamore Recreation Reserve - Only open during CMF,camp_site,,,,,,
145.25406,-42.21699,Tasmania,Macquarie Heads Pine Forest,camp_site,free,,,,,
145.2734,-42.20845,Tasmania,,camp_site,free,,,,,
145.28597,-42.21482,Tasmania,,camp_site,free,,,,,
145.28574,-42.21617,Tasmania,,camp_site,free,,,,,
144.88187,-18.04065,Queensland,Pinnarendi Station Stay & Cafe,camp_site,paid,1,,1,1,
142.01263,-36.55157,Victoria,Big Bend,camp_site,free,,,,,
152.99742,-28.61589,New South Wales,Kyogle Showgrounds,camp_site,,1,1,1,1,
145.98711,-37.14858,Victoria,Long Gully,camp_site,,,,,,
145.99166,-37.15804,Victoria,Kirbys,camp_site,,,,,,
146.00551,-37.18086,Victoria,Newtons,camp_site,,,,,,
145.98637,-37.14222,Victoria,Taylors,camp_site,,,,,,
145.98501,-37.14032,Victoria,Taylors 2,camp_site,,,,,,
145.98709,-37.14414,Victoria,Cullitons,camp_site,,,,,,
145.98001,-37.13892,Victoria,Wentworths,camp_site,,,,,,
145.95586,-37.12369,Victoria,Bee Tree,camp_site,,,,,,
145.9523,-37.12433,Victoria,North Camp,camp_site,,,,,,
145.94499,-37.1244,Victoria,Kangaroo Gully,camp_site,,,,,,
145.94112,-37.1266,Victoria,Crockett Bay,camp_site,,,,,,
145.93911,-37.12482,Victoria,Harrops Flat,camp_site,,,,,,
145.92409,-37.12026,Victoria,Parkers Flat,camp_site,,,,,,
145.91511,-37.11577,Victoria,Owens Hill,camp_site,,,,,,
145.90963,-37.11338,Victoria,Raids Inlet,camp_site,,,,,,
145.90299,-37.15111,Victoria,South Maintongoon,camp_site,,,,,,
146.1775,-28.08122,Queensland,Charlotte Plains,camp_site,paid,1,,1,1,
143.83302,-27.99751,Queensland,Bulloo River Crossing Free Camping Area,camp_site,,,,,,
142.58977,-27.81752,Queensland,Noccundra Hall Camping - Prebook with pub,camp_site,paid,1,,1,1,
146.21452,-36.11533,Victoria,,camp_site,,,,,,
146.21585,-36.10842,Victoria,,camp_site,,,,,,
146.21767,-36.09705,Victoria,,camp_site,,,,,,
141.54993,-38.42662,Victoria,GSWW Mallee Hike-In Camp,camp_site,,,,,,
142.68231,-27.63243,Queensland,Jackson Rest Area,camp_site,free,1,0,,0,
145.36934,-36.40571,Victoria,Murray River Caravans,caravan_site,,,,,,
143.35439,-27.77378,Queensland,Bulloo Developmental Road Rest Area,camp_site,,0,,,,
143.92116,-26.60991,Queensland,Diamantina Developmental Road Rest Area,camp_site,free,1,,,0,
146.35081,-26.41899,Queensland,Rock Pool Camping and Recreation Reserve,camp_site,free,0,,,,
147.54304,-26.44597,Queensland,Mungallala Hotel Caravan Park,camp_site,paid,1,,1,1,
148.69438,-26.59184,Queensland,Bungeworgorai Creek Rest Area,camp_site,free,0,,,,
149.65379,-27.20428,Queensland,Myall Park Botanical Gardens,camp_site,paid,1,,,1,
150.18577,-26.66804,Queensland,Chinamans Lagoon Rest Area,camp_site,,0,,,,
149.62491,-26.64345,Queensland,Jackson Rest Area,camp_site,,1,,,0,
153.01854,-30.12983,New South Wales,Nana Glen Equestrian Camping,camp_site,,,,,,
151.98761,-32.47134,New South Wales,Hakuna Matata,camp_site,,,,,,
148.55697,-25.84729,Queensland,Possum Park Sporting and Camping Facility,camp_site,paid,1,,1,1,
148.65968,-25.30619,Queensland,Rest Area,camp_site,,1,,,,
148.56597,-25.17891,Queensland,Rest Area,camp_site,,0,,,,
148.0229,-23.08597,Queensland,Capella Rest Area,camp_site,,1,,,1,
147.64685,-22.80254,Queensland,Possible Rest Area Camp,camp_site,,,,,,
146.62183,-19.87832,Queensland,Mingela Rest Area,camp_site,,1,,,0,
145.7731,-19.63087,Queensland,Basalt River,camp_site,,0,,,,
146.05381,-19.81603,Queensland,Fletcher Creek Camping Reserve SW,camp_site,free,1,,,,
146.05528,-19.81383,Queensland,Fletcher Creek Camping Reserve N,camp_site,free,1,,,,
146.13666,-19.8619,Queensland,Big Bend Campground,camp_site,,,,,,
145.19014,-21.89592,Queensland,Rest Area,camp_site,,1,,,0,
145.00924,-22.45462,Queensland,Nat Buchanan Bridge Rest Area,camp_site,,0,,,,
145.07985,-22.85015,Queensland,,camp_site,,0,,,,
148.0995,-35.97021,New South Wales,cottage creek,camp_site,,,,,,
145.27523,-23.59088,Queensland,,camp_site,,1,,,,
146.23174,-26.46253,Queensland,Red Lizard Camping Ground,camp_site,paid,1,,1,1,
145.96859,-27.24974,Queensland,The Beach,camp_site,,0,,,,
144.33334,-15.02769,Queensland,Dingo Waterhole,camp_site,,,,,,
144.31428,-14.96678,Queensland,Mick Fienn Waterhole,camp_site,,,,,,
153.08423,-26.95739,,Lime Pocket Camp Site 4,camp_site,,,,,,
153.08477,-26.95669,,Lime Pocket Camp Site 3,camp_site,,,,,,
153.08695,-26.9523,,Lime Pocket Camp Site 2,camp_site,,,,,,
153.08704,-26.95212,,Lime Pocket Camp Site 1,camp_site,,,,,,
153.07793,-26.97589,,Mission Point Camp Sites 1-8,camp_site,,,,,,
143.44372,-26.09681,Queensland,Kyabra Creek Rest Area,camp_site,free,0,,,,
142.74409,-25.37146,Queensland,Cooper Creek Beach Campground,camp_site,free,0,,,,
147.30578,-37.10068,Victoria,Black Sallee,camp_site,,,,,,
144.23006,-23.41026,Queensland,Apex Park Riverside Buish Camp - Overflow Only,camp_site,paid,,,,,
145.30688,-23.55226,Queensland,Barcaldine East Rest Area,camp_site,,1,,,0,
145.80023,-23.56552,Queensland,Alice River Rest Area,camp_site,,1,,,0,
153.07744,-26.97687,,Mission Point Camp Sites 9-12,camp_site,,,,,,
146.9298,-23.66105,Queensland,Belyando River Rest Area,camp_site,free,1,,,0,
147.091,-23.67033,Queensland,Pine Hill Creek Rest Area,camp_site,,1,,,0,
147.20378,-23.6564,Queensland,Drummond Range Lookout Rest Area,camp_site,,0,,,,
150.56148,-35.02349,New South Wales,Free Camping,camp_site,,,,,,
147.87022,-25.92587,Queensland,Forestvale Rest Area,camp_site,free,0,,,,
142.62105,-37.32383,Victoria,Kalymna Falls Camping Area,camp_site,free,,,,,
150.19451,-27.34017,Queensland,The Gums Sports Club Camping,camp_site,paid,1,,,1,
150.18854,-27.34318,Queensland,The Gums Store Rest Stop,camp_site,free,1,,,,
150.03752,-29.44852,New South Wales,Tareelaroi Weir,camp_site,,0,,,,
150.04045,-29.44692,New South Wales,Tareelaroi Weir Flats,camp_site,,1,,,,
146.38462,-37.61638,Victoria,Fiddlers Green,camp_site,,,,,,1
146.39242,-37.43933,Victoria,,camp_site,,,,,,1
146.40058,-37.43266,Victoria,Rumpff Saddle,camp_site,,,,,,1
149.67784,-30.43714,New South Wales,Bohena Creek Rest Area,camp_site,,1,,,0,
146.92455,-36.92936,Victoria,Leinster Flat Camping Ground,camp_site,,,,,,
146.89111,-36.90856,Victoria,,camp_site,,,,,,
146.92574,-36.93356,Victoria,Good Hope Flat Camping Ground,camp_site,,,,,,
146.93098,-36.95532,Victoria,Yurluk Camping Ground,camp_site,,,,,,
146.93286,-36.96343,Victoria,The Bend Camping Ground,camp_site,,,,,,
146.4421,-37.33302,Victoria,Low Saddle,camp_site,,,,,,1
146.59644,-37.23684,Victoria,Chesters Yard,camp_site,,,,,,1
149.52551,-30.72265,New South Wales,Pilliga Rest Area,camp_site,free,0,,,,
149.45716,-30.85455,New South Wales,Yamminba Rest Area,camp_site,,1,,,0,
149.31801,-31.04432,New South Wales,Pilliga Pottery - Barkala Farmstay and Campsite,camp_site,,,,,,
148.51236,-31.42422,New South Wales,David Gillon Park Rest Area,camp_site,,0,,,,
145.98875,-34.55931,New South Wales,Bunyip Hole Campground,camp_site,,,,,,
148.10716,-27.9614,Queensland,Boolba Tennis Courts,camp_site,,0,,,,
130.93805,-13.02129,Northern Territory,Zebra Stone Litchfield,camp_site,paid,,,0,,
146.24023,-37.79159,Victoria,,camp_site,,,,,,1
146.26024,-37.80237,Victoria,,camp_site,,,,,,1
144.5655,-22.58276,Queensland,Pump Hole,camp_site,free,0,,,,
143.16629,-26.31447,Queensland,Kyabra Creek,camp_site,free,0,,,,
135.40623,-15.47652,Northern Territory,Limmen Bight Campground,camp_site,,1,,,,
134.83677,-14.77448,Northern Territory,Didi Baba Campground,camp_site,,,,,,
134.80677,-14.77438,Northern Territory,Mountain Creek Campground,camp_site,,,,,,
142.78847,-27.13132,Queensland,Buckaroola Quarry,camp_site,,0,,,,
142.81775,-27.1196,Queensland,Buckaroola,camp_site,,0,,,,
143.83533,-27.99572,Queensland,Bulloo River Crossing Free Camping Area (North),camp_site,,,,,,
146.81472,-27.99517,Queensland,Nebine Creek Rest Area,camp_site,free,1,,,0,
148.86595,-28.63242,Queensland,Thallon Recreation Ground - Powered Paid,camp_site,paid,1,,1,1,
122.51165,-23.42108,Western Australia,,camp_site,,,,,,
122.54897,-23.49737,Western Australia,,camp_site,,,,,,
122.59404,-23.53375,Western Australia,,camp_site,,,,,,
151.49237,-29.08282,New South Wales,Rosenheath Station Historic Farmstay,camp_site,paid,1,,,,
150.89894,-29.25846,New South Wales,Wallangra Community Sports Ground Rest Area,camp_site,paid,1,,,0,
142.4681,-37.01408,Victoria,Longpoint East,camp_site,,,,,,
152.29887,-26.54197,Queensland,The Gums,camp_site,,,,,,
145.95219,-35.97463,New South Wales,Loop Campsite,camp_site,,0,,,,
145.95223,-35.97929,New South Wales,Blue Hole Campsite,camp_site,,0,,,,
145.94941,-35.9605,New South Wales,Victoria Campsite,camp_site,,0,,,,
145.95379,-35.99045,Victoria,,camp_site,,0,,,,
145.94767,-35.96945,New South Wales,River Campsite,camp_site,,0,,,,
145.91346,-35.95125,New South Wales,Paddys Beach Campsite,camp_site,,0,,,,
145.85953,-35.9594,New South Wales,One Tree Beach Campsite,camp_site,,0,,,,
145.86988,-35.95446,New South Wales,Lagoon Campsite,camp_site,,0,,,,
145.88087,-35.95644,New South Wales,Sandy Beach Campsite,camp_site,,0,,,,
134.83243,-33.62252,South Australia,Free Camping Elliston,camp_site,,,,,,
150.54358,-29.61353,New South Wales,Ti Tree Creek Rest Area,camp_site,,0,,,,
150.63698,-29.91305,New South Wales,Boora Crossing - Gwydir River Camps,camp_site,,0,,,,
148.67102,-20.40752,Queensland,Tourist Park,camp_site,,,,,,
146.25243,-24.88401,Queensland,Tambo Mill Motel and Caravan Park,caravan_site,,1,,,,
142.65498,-21.96449,Queensland,,camp_site,,,,,,
153.23876,-27.99067,Queensland,Mango Tree Park,camp_site,free,0,0,0,,
146.37023,-36.0506,Victoria,,camp_site,,,,,,
143.60285,-18.586,Queensland,Foysayth,camp_site,,1,,,,
144.00675,-18.18653,Queensland,Einasleigh River,camp_site,,,,,,
132.48483,-14.31534,Northern Territory,Smitt Rock Campsite,camp_site,,,,,,
132.47342,-14.32925,Northern Territory,Dunlop Swamp Campsite,camp_site,,,,,,
152.12238,-28.49206,New South Wales,Cullendore High Country,camp_site,paid,,,,,
153.04147,-26.16808,Queensland,Upper Noosa River Campsite 2,camp_site,paid,,,,,
146.08037,-43.5404,Tasmania,Wilson Bight Campsite,camp_site,,0,,,0,1
146.14742,-43.50123,Tasmania,New Harbour West Campsite,camp_site,,,,,0,1
146.15804,-43.50237,,New Harbour East Campsite,camp_site,,0,,,0,1
146.13008,-43.5188,Tasmania,Hidden Bay Campsite,camp_site,,0,,,0,1
146.10911,-43.5258,Tasmania,Ketchem Bay Campsite,camp_site,,0,,,0,1
151.96164,-24.31599,Queensland,Wreck Rock Camping Area,camp_site,,,,,,
131.97459,-14.07069,Northern Territory,Free Camping,camp_site,,,,,,
151.95279,-24.29019,Queensland,Middle Rock Camping Area,camp_site,,,,,,
145.04137,-17.18666,Queensland,Eureka Creek,camp_site,free,0,,,,
130.94149,-12.44204,Northern Territory,Robbie Robins Reserve,caravan_site,,,,,,
144.25502,-19.79223,Queensland,,camp_site,,,,,,
142.23084,-22.21419,Queensland,Poddys Creek Rest Area,camp_site,free,1,0,,0,
139.86405,-21.35632,Queensland,The Thirsty Camel,camp_site,paid,1,,1,1,
139.66915,-23.41617,Queensland,Eddie Miller Rest Area,camp_site,,0,,,,
148.54564,-21.40355,Queensland,Mount Britton Camping,camp_site,free,1,,0,0,0
153.25215,-28.10453,Queensland,Numninbah Valley Scouts Camp,camp_site,,,,,,
152.27723,-26.55015,Queensland,,camp_site,,,,,,
144.32219,-24.28263,Queensland,Oma Waterhole,camp_site,paid,1,,,,
144.47851,-24.29886,Queensland,Yuranigh Ponds,camp_site,,0,,,,
148.30875,-37.48403,Victoria,Raymond Creek Falls,camp_site,,,,,,
153.17002,-28.15923,Queensland,Illinbah Bush Camp,camp_site,,,,,,1
121.22895,-23.80334,Western Australia,,camp_site,,,,,,
121.67816,-24.02346,Western Australia,,camp_site,,,,,,
121.70677,-24.10241,Western Australia,,camp_site,,,,,,
121.69476,-24.10731,Western Australia,,camp_site,,,,,,
121.34868,-24.23712,Western Australia,,camp_site,,,,,,
121.33464,-24.21586,Western Australia,,camp_site,,,,,,
121.32446,-24.2279,Western Australia,,camp_site,,,,,,
120.97118,-23.77142,Western Australia,,camp_site,,,,,,
120.88872,-23.80553,Western Australia,,camp_site,,,,,,
120.88983,-23.8068,Western Australia,,camp_site,,,,,,
120.71937,-23.92541,Western Australia,,camp_site,,,,,,
121.41267,-23.78728,Western Australia,,camp_site,,,,,,
121.42402,-23.79473,Western Australia,,camp_site,,,,,,
146.21421,-34.61964,New South Wales,,camp_site,,,,,,
147.07441,-37.01613,Victoria,,camp_site,,,,,,1
147.07057,-37.0211,Victoria,,camp_site,,,,,,1
147.05001,-37.02714,Victoria,,camp_site,,,,,,1
146.88709,-36.89115,Victoria,Clear Creek Campground,camp_site,,,,,,
145.00475,-15.30003,Queensland,,camp_site,,,,,,1
115.05131,-34.27098,Western Australia,Deepdene Campsite,camp_site,,,,,,
116.2439,-31.61027,Western Australia,Cec Barrows Group Site,camp_site,,,,,,
142.02487,-36.45712,Victoria,Riverside Caravan Park,caravan_site,,,,,,
153.27781,-29.67968,New South Wales,Candole Creek,camp_site,,,,,,
153.475,-27.596,Queensland,Main Beach camping area,camp_site,,,,,,
115.01714,-34.09255,Western Australia,Point Rd,camp_site,,,,,,
153.36841,-27.18913,Queensland,Camp site WBS 7,camp_site,,,,,,
151.76969,-28.5822,Queensland,Foxbar Falls,camp_site,paid,,,,,
116.98335,-22.96626,Western Australia,Cheela Plains Station Stay,camp_site,paid,1,,1,1,
145.54615,-37.68268,Victoria,Yarra Valley Parklane Caravan Park,caravan_site,,,,,,
144.12971,-35.6636,Victoria,Gunbower 5,camp_site,,,,,,
144.12745,-35.6631,Victoria,Gunbower 1,camp_site,,,,,,
144.13224,-35.66664,Victoria,Gunbower 6,camp_site,,,,,,
144.13299,-35.66686,Victoria,Gunbower 7,camp_site,,,,,,
144.13475,-35.66681,Victoria,Gunbower 8,camp_site,,,,,,
144.13599,-35.66782,Victoria,Gunbower 9,camp_site,,,,,,
144.12871,-35.66272,Victoria,Gunbower 2,camp_site,,,,,,
144.12905,-35.6628,Victoria,Gunbower 3,camp_site,,,,,,
144.14787,-35.68396,Victoria,Gunbower 14,camp_site,,,,,,
144.14795,-35.6843,Victoria,Gunbower 13,camp_site,,,,,,
144.14788,-35.68547,Victoria,Gunbower 11,camp_site,,,,,,
144.14588,-35.68493,Victoria,Gunbower 10,camp_site,,,,,,
144.14782,-35.68476,Victoria,Gunbower 12,camp_site,,,,,,
144.14942,-35.68148,Victoria,Gunbower 16,camp_site,,,,,,
144.14811,-35.68275,Victoria,Gunbower 15,camp_site,,,,,,
144.36771,-27.22193,Queensland,Toompine Rest Area,camp_site,,1,,1,1,
144.15119,-35.65361,New South Wales,Sovereign Bend,camp_site,,,,,,
144.15131,-35.65286,New South Wales,,camp_site,,,,,,
144.15441,-35.64968,New South Wales,,camp_site,,,,,,
144.15428,-35.64804,New South Wales,,camp_site,,,,,,
144.15347,-35.64645,New South Wales,,camp_site,,,,,,
144.15352,-35.65652,New South Wales,,camp_site,,,,,,
120.45549,-21.26657,Western Australia,Meentheena Veterans Retreat,caravan_site,,,,,,
120.47013,-21.27037,Western Australia,Tranquility Pool,caravan_site,,,,,,
120.46464,-21.27854,Western Australia,The Paperbarks,caravan_site,,,,,,
142.03673,-37.31819,Victoria,Henry's Camp,camp_site,,,,,,
144.7081,-27.80219,Queensland,Alroy Camping Grounds,camp_site,paid,1,,,1,
152.35177,-28.30715,Queensland,,camp_site,,,,,,
145.83034,-18.48064,Queensland,Stony Creek Campsite,camp_site,,,,,,
145.74206,-18.46399,Queensland,Pack Trail campsite,camp_site,,,,,,
145.77208,-18.41498,Queensland,Yamanie Pick-Up Point & Campsite,camp_site,,,,,,
140.9969,-32.07695,South Australia,Coburn Hotel Camping,camp_site,paid,1,,1,1,
139.96657,-35.814,South Australia,Culburra Soldiers Memorial Hall Campground,camp_site,paid,1,,,0,
139.08765,-34.18,South Australia,Eudunda Freecamp - Check Validity,camp_site,free,1,,,0,
142.01615,-36.53894,Victoria,Wail Campsite 4,camp_site,,,,,,
149.71784,-27.92001,Queensland,Westmar Roadhouse Freecamp,camp_site,,1,,,,
150.89473,-32.27753,New South Wales,Muswellbrook Showgrounds Caravan Park,caravan_site,paid,,,1,,
150.07679,-24.93615,Queensland,Theodore Sport and Recreation Grounds Camping Facility,camp_site,paid,1,,1,1,
138.5679,-33.51587,South Australia,Broughton River Campground,camp_site,free,,,,,
140.15926,-35.38379,South Australia,Geranium Oval RV Camp,camp_site,free,,,,,
151.12843,-25.3725,Queensland,RM Williams Australian Bush Learning Centre s/c only,camp_site,paid,1,,0,0,
151.21644,-25.46891,Queensland,Lochaber Tourist Park,camp_site,paid,0,,1,1,
145.99825,-41.35636,Tasmania,Tulip Tree Creek Campsite,camp_site,,,,,,
145.8975,-41.50389,Tasmania,Bare Mountain Camp,camp_site,,,,,,
145.96132,-41.45028,Tasmania,Paddys Lake Northside,camp_site,,,,,,
145.96182,-41.45223,Tasmania,Paddys Lake Southside,camp_site,,,,,,
151.11044,-26.78735,Queensland,Jandowae Showground Camping,camp_site,paid,1,,1,1,
152.09626,-26.88638,Queensland,Blackbutt Sports Centre,camp_site,,,,,,
151.79639,-26.84752,Queensland,Maidenwell Sports Ground,camp_site,free,,,,1,
152.09867,-26.86347,Queensland,Blackbutt Golf Club,camp_site,free,,,,,
138.56979,-33.51605,South Australia,Free Camp,camp_site,,,,,,
139.6135,-34.63518,South Australia,Free Camp,camp_site,,,,,,
135.19877,-32.84722,South Australia,Tcharkuldu Rock - East,camp_site,paid,1,,,0,
139.56213,-32.58217,South Australia,Yunta Centenary Park,camp_site,paid,1,,,0,
140.32663,-32.2821,South Australia,Olary Rest Area,camp_site,paid,1,,,0,
150.82767,-29.65363,New South Wales,Delungra Hotel,camp_site,free,0,,0,,
151.30039,-29.98922,New South Wales,Green Valley Farm,camp_site,paid,1,,,1,
145.6116,-18.24749,Queensland,Blanket Creek bush camp,camp_site,,,,,,
146.66544,-36.83955,Victoria,Tea Tree Campground,camp_site,,1,,,,
146.6612,-36.82195,Victoria,Blades Campsite,camp_site,,0,,,,
146.67598,-36.84573,Victoria,Manna Gum Campground,camp_site,,1,,,,
146.70832,-36.91524,Victoria,Abbeyards Campground,camp_site,,,,,,
136.85215,-33.79825,,Flat Rock Camp,camp_site,paid,,,,,
117.91297,-35.0533,Western Australia,Camp Quaranup,camp_site,,,,,,
146.28414,-18.95453,Queensland,Mutarnee,camp_site,,,,,,
150.61548,-26.7381,Queensland,Charleys Creek Campgrounds,camp_site,,,,,,
150.10015,-33.73734,New South Wales,Camp Panorama,camp_site,,,,,,
136.0109,-34.76257,,Carcase Rock Campsite,camp_site,,,,,,
136.00518,-34.79596,,MacLaren Point Campground,camp_site,,,,,,
150.12364,-33.73384,New South Wales,Gibraltar Rock,camp_site,,,,,,
150.11797,-33.767,New South Wales,Snake and Nip Camping Ground,camp_site,,,,,,
145.63859,-42.07376,Tasmania,,camp_site,,,,,,
146.46682,-42.28233,Tasmania,,camp_site,,,,,,
146.33034,-42.17835,Tasmania,,camp_site,,,,,,
146.26851,-42.26053,Tasmania,,camp_site,,,,,,
146.47435,-42.27235,Tasmania,,camp_site,,,,,,
146.47996,-42.27249,Tasmania,,camp_site,,,,,,
146.46023,-42.27613,Tasmania,,camp_site,,,,,,
146.49891,-42.26049,Tasmania,,camp_site,,,,,,
146.50176,-42.26307,Tasmania,,camp_site,,,,,,
146.4854,-42.08244,Tasmania,,camp_site,,,,,,
146.65088,-42.20788,Tasmania,,camp_site,,,,,,
152.69859,-28.24949,Queensland,Lower Portals Bush Camp,camp_site,,,,,,
115.10619,-34.27406,Western Australia,Deepdene Farmstay Camping,camp_site,paid,,,,,
146.63051,-37.18836,Victoria,Hellfire Creek campsite,camp_site,,,,,,1
141.11016,-34.11942,Victoria,,camp_site,,,,,,
141.10738,-34.11947,Victoria,Boatramp Camp (unofficial),camp_site,,,,,,
141.11145,-34.12111,Victoria,,camp_site,,,,,,
141.11244,-34.12123,Victoria,,camp_site,,,,,,
141.4688,-37.93332,Victoria,,camp_site,,,,,,
141.47606,-37.93139,Victoria,,camp_site,,,,,,
141.49034,-37.93387,Victoria,,camp_site,,,,,,
141.51501,-37.9327,Victoria,,camp_site,,,,,,
141.50639,-37.93455,Victoria,,camp_site,,,,,,
142.65494,-13.38899,Queensland,,camp_site,,,,,,
142.31354,-13.40948,Queensland,Horsetailer Waterhole,camp_site,,,,,,
142.31376,-13.43791,Queensland,Goveners Waterhole,camp_site,,,,,,
142.5363,-13.55548,Queensland,Vardons Lagoon,camp_site,,,,,,
142.56965,-13.61752,Queensland,Second Coen River,camp_site,,,,,,
142.58249,-13.61263,Queensland,Chong Swamp,camp_site,,,,,,
142.57139,-13.63278,Queensland,First Coen River,camp_site,,,,,,
150.75281,-30.80433,New South Wales,Manilla Road Lions Rest Area,camp_site,free,1,,,0,
151.26796,-33.2894,New South Wales,Stringy Bark Point Campsite,camp_site,,,,,,1
152.46927,-32.02973,New South Wales,Manning Park Rest,camp_site,,,,,,
137.91418,-34.4247,South Australia,Overnight Caravan Stay,camp_site,,,,,,
137.90955,-34.45928,,Parara Bush Campground,camp_site,,,,,,
150.71991,-31.64493,New South Wales,Willow Tree Freedom Camp,camp_site,paid,1,,0,1,
150.58578,-32.03497,New South Wales,Bunnan Rest Area,camp_site,free,0,,,,
145.93104,-42.26197,Tasmania,,camp_site,,,,,0,1
150.13702,-33.43102,New South Wales,Fernbrook Campground,camp_site,,,,,,
147.77447,-33.39918,New South Wales,Jemalong Weir Park,camp_site,free,1,,,0,
147.58265,-33.32839,New South Wales,Warroo Bridge,camp_site,free,0,,,,
148.12726,-32.72319,New South Wales,Bogan Weir,camp_site,,0,,,,
145.3967,-17.30373,Queensland,Baldy Mountain Forest Reserve Bush Camping,camp_site,,,,,,
145.39957,-17.37187,Queensland,Baldy Mountain Forest Reserve Bush Camping,camp_site,,,,,,
146.27544,-18.97305,Queensland,,camp_site,,,,,,
150.78736,-33.42899,New South Wales,Peach Tree Campsite,camp_site,,,,,,
146.57175,-41.15376,Tasmania,,camp_site,,,,,,
150.68851,-32.38888,New South Wales,The Royal Hotel,camp_site,,,,,,
146.78217,-37.16828,Victoria,Myrtleford Turn-Off Camping Area,camp_site,free,,,,,
146.89751,-37.18209,Victoria,Tim's Camp,camp_site,free,0,,,0,
146.89408,-37.17241,Victoria,,camp_site,,,,,,
146.90585,-37.20663,Victoria,,camp_site,,,,,,
145.17346,-37.32015,Victoria,Number One Camp Horseyards,camp_site,free,,,,,
147.11433,-37.77568,Victoria,Froam,camp_site,,,,,,
147.11337,-37.74971,Victoria,Carney's Camp,camp_site,,,,,,
147.1226,-37.71414,Victoria,Shadey's Place,camp_site,,,,,,
147.14187,-37.70651,Victoria,Johnston's Flat,camp_site,,,,,,
147.14343,-37.7034,Victoria,Lloyd's Knob,camp_site,,,,,,
146.99289,-37.76372,Victoria,Valencia Creek Picnic Area,camp_site,,,,,,
146.92441,-37.80611,Victoria,Wombat Crossing Camp Site B,camp_site,free,,,,,
146.9177,-37.80461,Victoria,Dermody's,camp_site,free,,,,,
146.568,-37.55878,Victoria,Barkly Bridge,camp_site,free,,,,,
130.83962,-13.23356,Northern Territory,Central Valley - Campground 1,camp_site,,,,,,
146.50152,-37.75402,Victoria,Store Point,camp_site,free,,,,,
146.45578,-37.74914,Victoria,Goonan's,camp_site,,,,,,
146.12347,-37.78967,Victoria,Link Road,camp_site,free,,,,,
146.01524,-37.8015,Victoria,Checking Station,camp_site,free,,,,,
151.29294,-29.8131,New South Wales,Joseph Wills Park,camp_site,free,1,0,,0,
145.57311,-37.58332,Victoria,Monda Horseyards,camp_site,free,,,,,
145.5637,-37.47929,Victoria,Dindi Mill,camp_site,free,,,,,
145.4911,-37.44788,Victoria,Lukes Creek,camp_site,free,,,,,
145.47967,-37.44794,Victoria,Two Hill,camp_site,free,,,,,
145.55988,-37.28517,Victoria,Stanley Homestead,camp_site,free,,,,,
145.85179,-37.46068,Victoria,Keppels Hut,camp_site,free,,,,,
145.86327,-37.32793,Victoria,Rubicon Camping Area,camp_site,free,,,,,
145.9425,-37.5291,Victoria,Married Men,camp_site,free,,,,,
145.95634,-37.52023,Victoria,Reids Quarry,camp_site,free,,,,,
145.96508,-37.52105,Victoria,Petroffs,camp_site,free,,,,,
146.19226,-37.47835,Victoria,Gaffneys Creek Reserve,camp_site,free,,,,,
145.91576,-37.14828,Victoria,North Maintongoon,camp_site,free,,,,,
145.9217,-37.11896,Victoria,Parkers Flat 3,camp_site,free,,,,,
145.92554,-37.1208,Victoria,Parkers Flat 2,camp_site,free,,,,,
145.99693,-37.17182,Victoria,Blue Gum Flat 2,camp_site,free,,,,,
145.80403,-36.9222,Victoria,Ruoaks,camp_site,free,,,,,
145.84544,-36.91234,Victoria,Goldworthys,camp_site,free,,,,,
146.42149,-36.65612,Victoria,Edi Cutting,camp_site,free,,,,,
146.14028,-37.39478,Victoria,Mount Terrible Hut,camp_site,free,,,,,
146.22356,-37.28821,Victoria,Gallows,camp_site,free,,,,,
146.25757,-37.30945,Victoria,Fergusons,camp_site,,,,,,
146.29099,-37.31044,Victoria,Axe Track,camp_site,,,,,,
146.34822,-37.32975,Victoria,Silvermine,camp_site,free,,,,,
146.37277,-37.34282,Victoria,Wrens Flat,camp_site,free,,,,,
146.46933,-37.26023,Victoria,Upper Jamieson Four,camp_site,free,,,,,
146.46728,-37.25953,Victoria,Upper Jamieson Three,camp_site,free,,,,,
146.46587,-37.25944,Victoria,Upper Jamieson Two,camp_site,free,,,,,
145.986,-37.35211,Victoria,Running Creek Track,camp_site,free,,,,,
146.05757,-37.37023,Victoria,Taponga,camp_site,,,,,,
146.0681,-37.38721,Victoria,Old Coach Camping Area,camp_site,free,,,,,
146.46414,-37.10396,Victoria,Razorback Hut,camp_site,paid,,,,,
146.41698,-37.07625,Victoria,Mt No. 3 Refuge Hut,camp_site,free,,,,,
146.41146,-37.04049,Victoria,Tomahawk Hut,camp_site,free,,,,,
146.37892,-37.00614,Victoria,Evans Creek Hut,camp_site,free,,,,,
146.34113,-37.06805,Victoria,Buttercup Four Camping Area,camp_site,free,,,,,
146.33874,-37.0685,Victoria,Buttercup Three Camping Area,camp_site,free,,,,,
146.3265,-37.0805,Victoria,Buttercup Two Camping Area,camp_site,free,,,,,
147.65716,-37.667,Victoria,Blacks Camp,camp_site,free,,,,,
147.5837,-37.70309,Victoria,Mount Taylor,camp_site,free,,,,,
147.86809,-37.54999,Victoria,Bark Sheds,camp_site,free,,,,,
147.03927,-37.02839,Victoria,,camp_site,,,,,,1
150.44296,-33.74529,New South Wales,,camp_site,,,,,,1
146.3151,-32.06478,New South Wales,Metropolitan Hotel Freecamping,camp_site,free,,,,,
146.41024,-37.42652,Victoria,,camp_site,,,,,,1
146.52043,-37.2892,Victoria,,camp_site,,,,,,1
146.9485,-37.04083,Victoria,,camp_site,,,,,,1
150.11051,-30.13276,New South Wales,Bike Territory Ride Park,camp_site,paid,1,,0,1,
145.88498,-34.80746,New South Wales,Bowling Club Freecamp,camp_site,,,,,,
146.81738,-37.53121,Victoria,Nyimba Camp,camp_site,free,1,0,,,
141.19024,-38.05233,Victoria,Skipworth Springs Canoe Camp,camp_site,,,,,,
141.01613,-37.99357,Victoria,Lasletts Canoe Camp,camp_site,,,,,,
143.33569,-35.02395,New South Wales,Tooleybuc Sporting Club RV Parking,camp_site,free,,,,,
140.22511,-37.65787,South Australia,Geltwood Campground,camp_site,,1,,,,
141.59411,-34.38736,Victoria,Werrimull Campground,camp_site,free,1,,0,1,
140.37568,-34.19052,South Australia,Loch Luna Eco Stay,camp_site,,,,,,
146.83777,-37.20684,Victoria,,camp_site,,,,,,
146.81023,-37.18685,Victoria,,camp_site,,,,,,
146.83026,-37.20367,Victoria,,camp_site,,,,,,
138.75935,-33.55894,South Australia,Booborowie Recreation Reserve,camp_site,paid,1,,,1,
138.60485,-33.49996,South Australia,Spalding Recreation Ground,camp_site,,1,,,,
138.43952,-33.4686,South Australia,Gulnare Recreation Reserve,camp_site,paid,1,,0,1,
138.23795,-32.89659,South Australia,,camp_site,,0,,,,
138.20819,-32.79899,South Australia,Goyder's Line Memorial Rest Area (North),camp_site,,0,,,,
138.15913,-32.75751,South Australia,Kookaburra Creek Bush Reterat,camp_site,paid,1,1,,1,
137.57379,-32.61634,South Australia,Lincoln/Eyre Highway Junction Rest Area,camp_site,,0,,,,
149.97062,-33.60304,New South Wales,,camp_site,free,,,,,
148.282,-36.11048,New South Wales,,camp_site,,,,,,
146.92799,-43.16813,Tasmania,Memorial Park,camp_site,free,,,,,
139.85082,-36.82727,South Australia,Kingston RV Park,camp_site,paid,1,,0,1,
134.97244,-33.65374,South Australia,Nationdale Bush Camping,camp_site,,1,,,0,
134.78048,-33.28654,South Australia,Coodlie Park Camping,camp_site,,1,,0,1,
141.37083,-38.36216,,GSWW The Springs Camp,camp_site,,,,,,
141.46298,-38.36029,Victoria,GSWW Trewalla Camp,camp_site,,,,,,
136.19999,-33.4703,South Australia,Darke Peak Hotel Camping,camp_site,paid,1,,1,1,
135.70228,-33.85897,South Australia,Tooligie Rest Area,camp_site,,1,,,0,
146.19614,-36.05589,Victoria,,camp_site,,,,,,
146.19664,-36.05144,Victoria,,camp_site,,,,,,
146.19684,-36.05038,Victoria,,camp_site,,,,,,
136.81746,-33.79968,South Australia,Beach Road Port Gibbon,camp_site,paid,0,,,,
136.8221,-33.79931,South Australia,Beach Road Port Gibbon,camp_site,paid,0,,,,
136.83026,-33.7992,South Australia,Beach Road Port Gibbon,camp_site,paid,0,,,,
136.83242,-33.79936,South Australia,Beach Road Port Gibbon,camp_site,paid,0,,,,
136.8353,-33.79939,,Beach Road Port Gibbon,camp_site,paid,0,,,,
136.83779,-33.79942,,Beach Road Port Gibbon,camp_site,paid,0,,,,
136.84544,-33.79866,,Beach Road Port Gibbon,camp_site,paid,0,,,,
136.86822,-33.7762,South Australia,Beach Road Port Gibbon Payment Station,camp_site,paid,0,,,,
143.04528,-34.69504,,,camp_site,,,,,,
142.92357,-34.64816,Victoria,,camp_site,,,,,,
142.50732,-34.74684,Victoria,,camp_site,,,,,,
142.51205,-34.74157,,,camp_site,,,,,,
142.53327,-34.75343,,,camp_site,,,,,,
116.29057,-32.39953,Western Australia,Mt Cooke Group Campsite,camp_site,,1,,,0,1
138.35437,-32.8806,South Australia,Booleroo Centre RV Park,camp_site,paid,1,1,1,1,
139.14458,-32.86033,South Australia,Peechara Hills Bush Camping 4WD Tracks A,camp_site,,1,,,1,
139.14055,-32.86365,South Australia,Peechara Hills Bush Camping 4WD Tracks B,camp_site,,1,,,1,
145.96399,-35.99623,New South Wales,Forges Beach,camp_site,,,,,,
145.95139,-35.98364,Victoria,Little Bruces Bend,camp_site,,,,,,
142.66067,-34.72212,New South Wales,,camp_site,,,,,,
140.58308,-32.18639,South Australia,Cutana Rest Area Westbound,camp_site,,0,,,,
141.00193,-32.07907,New South Wales,Burns/Cockburn Rest Area,camp_site,free,0,,,,
138.24834,-29.43499,South Australia,Lake Harry Ruins,camp_site,free,,,,,
141.59792,-31.89616,New South Wales,Broken Hill Outback Resort,camp_site,paid,1,,1,1,
138.3937,-33.36059,South Australia,Georgetown Parking Area,camp_site,,1,,,0,
143.73982,-31.69507,New South Wales,Caltigeena Rest Area,camp_site,free,1,,,0,
144.26797,-31.65397,New South Wales,Emmdale Roadhouse,camp_site,paid,,,,,
144.15035,-29.70409,New South Wales,Paroo River Wanaaring,camp_site,,1,,,1,
145.87034,-30.63761,New South Wales,Curraweena Rest Area,camp_site,free,1,,,0,
145.90188,-35.96777,Victoria,,camp_site,,,,,,
145.90995,-35.9667,Victoria,,camp_site,,,,,,
147.99476,-36.09549,New South Wales,Lighthouse Crossing,camp_site,,0,,,,
147.81413,-35.97442,Victoria,Neils Bend,camp_site,,,,,,
141.38574,-34.13308,Victoria,,camp_site,,,,,,
141.54542,-34.20088,New South Wales,,camp_site,,,,,,
141.54124,-34.19715,New South Wales,,camp_site,,,,,,
143.82727,-36.77539,Victoria,,camp_site,paid,1,,,1,
141.97762,-34.11288,New South Wales,,camp_site,,,,,,
141.98009,-34.11253,New South Wales,,camp_site,,,,,,
141.9744,-34.11399,New South Wales,,camp_site,,,,,,
141.92549,-34.13304,,,camp_site,,,,,,
141.87999,-34.15465,Victoria,,camp_site,,,,,,
141.87911,-34.15171,Victoria,,camp_site,,,,,,
142.3942,-34.49401,Victoria,Buxtons Bend Camping Area,camp_site,,,,,,
142.38296,-34.47868,New South Wales,Police Bend Camping Area 2,camp_site,,,,,,
142.37774,-34.46752,Victoria,Police Bend Camping Area 1,camp_site,,,,,,
142.40016,-34.52324,New South Wales,Graces Bend Camping Area,camp_site,,,,,,
146.23122,-37.55686,Victoria,,camp_site,,,,,,
115.24148,-33.65844,Western Australia,Camp Geographe SU Australia,camp_site,,,,,,
132.52144,-23.57879,Northern Territory,Redbank Gorge Campground (Larapinta Trail Walkers Only),camp_site,,,,,,
146.88508,-26.4134,Queensland,Angellala Creek - Annie Switzer Bridge,camp_site,,0,,,,
146.22125,-36.0291,Victoria,,camp_site,,,,,,
145.55883,-35.82186,New South Wales,Finley Beach Campsite,camp_site,,,,,,
152.84561,-31.07108,New South Wales,Sundowner Caravan Park,caravan_site,,,,,,
150.05241,-22.13494,,Stanage Bay Camping Area,camp_site,free,,,,,
146.54792,-23.82357,Queensland,"-23.823511,146.548059",camp_site,,0,,,,
118.6161,-20.3089,Western Australia,,caravan_site,,,,,,
120.64663,-25.25993,Western Australia,,camp_site,,,,,,
135.80838,-27.90216,South Australia,Algebuckina Bridge,camp_site,,,,,,
135.822,-27.89763,South Australia,Algebuckina Bridge Neals Creek,camp_site,,,,,,
133.29996,-25.84031,Northern Territory,Kulgera Roadhouse Caravan Park,caravan_site,,1,,,,
131.40822,-24.06083,Northern Territory,Morris Pass (Ben Roarty) Lookout Aka Gintys Lookout,camp_site,free,,,,,
136.15178,-22.9535,Northern Territory,Marshall River Rest Area,camp_site,free,,,,,
145.03575,-28.16114,Queensland,Paroo River,camp_site,free,0,,,,
145.03767,-28.16118,Queensland,Paroo River,camp_site,,,,,,
144.18956,-20.84125,Queensland,Rest Easi Motel,caravan_site,,,,,,
138.51053,-35.62641,South Australia,Natunuru Ngawanthi (Sand Dunes Campground),camp_site,paid,1,,0,0,1
145.79546,-18.81769,Queensland,Mount Fox camping area,camp_site,,,,,,
145.19529,-23.80813,Queensland,Lara Wetlands Bush Camp,camp_site,,,,,,
147.67121,-37.95089,Victoria,Camp Ibis,camp_site,,,,,,
140.52801,-20.7076,Queensland,Discovery Parks Cloncurry,camp_site,,,,,,
146.23566,-36.01742,New South Wales,,camp_site,,,,,,
139.29678,-17.89542,Queensland,Tirranna Springs Roadhouse,camp_site,,1,,,1,
137.09169,-16.24691,Northern Territory,Seven Emus Station Camp,camp_site,,,,,,
128.69181,-15.62057,Western Australia,Buttons Crossing,camp_site,free,,,,,
144.71154,-18.6882,Queensland,Eight Mile Creek,camp_site,,0,,,,
144.71213,-18.68845,Queensland,Eight Mile Creek,camp_site,,0,,,,
153.05005,-25.4459,Queensland,Lake McKenzie Great Walk Fenced Campground,camp_site,,,,,,
153.12308,-25.45426,Queensland,Lake Wabby Great Walk Campground,camp_site,,,,,,
144.983,-18.99997,Queensland,Three Rivers Hotel (limited) RV Parking,camp_site,,,,,,
153.13878,-26.90796,Queensland,Start of Bribie Camping Zone,camp_site,,,,,,
153.13711,-26.90146,Queensland,Bribie Camp Site 11,camp_site,,,,,,
153.13433,-26.89076,Queensland,Bribie Camp Site 31-34,camp_site,,,,,,
153.13554,-26.89438,Queensland,Bribe Camp Site 22/23,camp_site,,,,,,
147.49108,-19.75041,Queensland,Inkerman Hotel,camp_site,,,,,,
147.3413,-21.38445,Queensland,Mount Coolon Hotel RV Camping,camp_site,paid,1,,0,1,
153.13364,-25.3749,Queensland,Valley of the Giants Great Walk Campground,camp_site,paid,,,,,
146.26227,-34.60848,New South Wales,,camp_site,,,,,,
142.37677,-11.20714,Queensland,Nolan's Brook Creek,camp_site,,,,,,
143.02531,-12.70267,Queensland,Pascoe Camp,camp_site,,,,,,
144.27519,-14.61053,Queensland,Melville Bush Camp,camp_site,,,,,,
142.4579,-11.65071,Queensland,Cockatoo Creek Crossing,camp_site,,,,,,
142.43956,-11.54153,Queensland,Sailor Creek Campground,camp_site,,,,,,
143.82579,-14.54809,Queensland,5 Mile Creek,camp_site,,,,,,
142.40076,-11.3629,Queensland,Sam Creek,camp_site,,,,,,
144.08121,-14.76535,Queensland,Hann River Crossing,camp_site,,,,,,
144.07742,-14.76243,Queensland,Hann River Crossing,camp_site,,,,,,
142.47641,-11.7209,Queensland,Gunshot Creek Campground,camp_site,,,,,,
143.73798,-14.30261,Queensland,Running Creek Beach Camping,camp_site,,,,,,
142.49981,-11.82862,Queensland,Bertie Creek Crossing,camp_site,,,,,,
148.71122,-22.81608,Queensland,Middelmount Golf and Country Club - RV Parking,camp_site,,,,,,
148.34814,-22.59819,Queensland,Civeo Caravan Area,caravan_site,,,,,,
130.73042,-13.0786,Northern Territory,Northern Campground,camp_site,,,,,,
149.81609,-24.1853,Queensland,Baralaba Showground Camping,camp_site,paid,1,,1,1,
144.44596,-15.55806,Queensland,The Peninsula Hotel Campground,camp_site,,,,,,
135.3288,-30.3553,South Australia,Bon Bon Rest Area,camp_site,free,1,0,,0,
140.66649,-35.29629,South Australia,Parilla Rest Area,camp_site,paid,1,,,1,
150.17822,-26.65586,Queensland,Dogwood Creek Rest Area,camp_site,,1,,,0,
145.59484,-37.98429,Victoria,,camp_site,,,,,,
131.601,-24.28549,Northern Territory,Reedy Creek Campground,camp_site,paid,,,,,
150.16252,-35.26458,New South Wales,Bibbenluke,camp_site,,,,,0,1
150.18161,-35.2219,New South Wales,Styles Creek,camp_site,,,,,,
150.20244,-35.17263,New South Wales,,camp_site,,0,,,0,1
150.31478,-35.1573,New South Wales,Link Road,camp_site,,,,,,
148.0028,-22.04624,Queensland,,caravan_site,,,,,,
153.29679,-29.15315,New South Wales,New Italy Free Camping,camp_site,free,,,,,
116.62494,-29.40173,Western Australia,Camel Soak,camp_site,,,,,,
133.2589,-23.70309,Northern Territory,Hugh Gorge Campsite,camp_site,,,,,,1
132.43491,-14.25418,Northern Territory,Biddlecombe Group Camp,camp_site,,,,,,
116.29966,-29.05595,Western Australia,Kadji,camp_site,,,,,,
152.84279,-27.52341,Queensland,Tyamolum Campsite 5,camp_site,,,,,,
152.84181,-27.52493,Queensland,Tyamolum Campsite 2,camp_site,,,1,1,,
152.84171,-27.52367,Queensland,Tyamolum Campsite 3,camp_site,,,,,,
153.23355,-27.93908,Queensland,Guanaba Creek Scout Campsite,camp_site,,,,,,
146.33563,-38.15846,Victoria,Woorabinda School Camp,camp_site,,,,,,
145.97831,-42.21094,Tasmania,,camp_site,,,,,0,1
148.16327,-33.12983,New South Wales,Parkes Showground Camping,camp_site,paid,1,,,1,
131.16365,-22.72375,Northern Territory,,camp_site,,,,,,
146.62509,-37.72911,Victoria,,camp_site,,,,,,
146.6205,-37.7356,Victoria,,camp_site,,,,,,
146.06547,-37.80463,Victoria,,camp_site,,,,,,
151.13596,-34.08354,New South Wales,Bonnie Vale Campground,camp_site,paid,1,,,1,
121.00652,-21.86166,Western Australia,Skull Springs,camp_site,,,,,,
142.576,-13.62949,Queensland,Mango Lagoon,camp_site,,,,,,
144.19744,-35.73846,Victoria,,camp_site,,,,,,
144.18475,-35.7405,Victoria,Tree Tops Scout Camp,camp_site,,,,,,
144.23313,-35.76454,Victoria,,camp_site,,,,,,
126.03783,-32.04283,Western Australia,,camp_site,,,,,,
153.00102,-30.64431,New South Wales,Nambucca Heads Bowling Club 24 Hr SC RV parking,camp_site,,,,,,
152.49301,-31.43602,New South Wales,Long Flat Travellers Rest Hotel,camp_site,,,,,,
152.12386,-31.40263,New South Wales,Stockyard Creek Rest Area,camp_site,free,1,,,0,
150.57305,-29.86102,New South Wales,GSC - Off White Street,camp_site,free,0,,,,
150.55662,-29.86018,New South Wales,GSC - Off Faithfull Street,camp_site,free,0,,,0,
145.85982,-31.47905,New South Wales,Old Reservoir Camp,camp_site,,,,,,
149.79886,-29.92013,New South Wales,Bellata Golf Club Freecamp,camp_site,free,1,,1,1,
153.60976,-28.64759,New South Wales,Glen Villa Resort,caravan_site,paid,,,1,,
152.32806,-32.48381,New South Wales,,camp_site,,,,,,
143.47842,-38.70338,Victoria,Aire Crossing Campground,camp_site,free,1,,,,
145.90872,-31.51518,New South Wales,Glenhope Camping,camp_site,free,,,,,
122.55967,-32.06756,Western Australia,Ten Mile Rocks Rest Area,camp_site,,1,,,0,
138.01246,-32.61008,South Australia,(Evidence Only),camp_site,free,0,,,,
138.01302,-32.61017,South Australia,(Evidence Only),camp_site,free,0,,,,
135.80966,-33.14847,South Australia,Frrecamping,camp_site,,,,,,
125.48597,-32.27084,Western Australia,Caiguna Roadhouse Caravan Park,camp_site,paid,1,,1,1,
130.72885,-16.02844,Northern Territory,Jasper gorge (Lupayi) Campground,camp_site,,,,,,
119.11837,-30.98685,Western Australia,Bullfinch Caravan Park,camp_site,paid,,,1,1,
121.1613,-30.95619,Western Australia,48 Hour Stopping - S/C,camp_site,free,0,,,,
118.3869,-30.9963,Western Australia,Weira Nature Area,camp_site,free,1,,,0,
118.20761,-30.91375,Western Australia,RV Overnight 24Hr Parking,camp_site,free,0,,,,
147.06692,-19.34459,Queensland,Salomon Creek camping area,camp_site,,,,,,
115.45753,-29.17218,Western Australia,Enanty Barn S/C,camp_site,,0,,,,
144.37308,-36.4989,Victoria,Mulga Dam Camping Area,camp_site,,,,,,
146.83454,-43.61808,Tasmania,,camp_site,free,0,1,,0,1
145.48722,-37.44412,Victoria,,camp_site,,,,,,
127.92805,-15.96812,Western Australia,,camp_site,,,,,,
127.93019,-15.96816,Western Australia,,camp_site,,,,,,
127.9313,-15.96815,Western Australia,,camp_site,,,,,,
127.93293,-15.96817,Western Australia,,camp_site,,,,,,
127.93464,-15.96814,Western Australia,,camp_site,,,,,,
127.9366,-15.96845,Western Australia,,camp_site,,,,,,
127.93958,-15.96885,Western Australia,,camp_site,,,,,,
127.97904,-16.00324,Western Australia,,camp_site,,,,,,
127.97654,-15.99611,Western Australia,,camp_site,,,,,,
127.9751,-15.99341,Western Australia,,camp_site,,,,,,
127.97387,-15.99194,Western Australia,,camp_site,,,,,,
127.97261,-15.98988,Western Australia,,camp_site,,,,,,
127.97183,-15.98884,Western Australia,,camp_site,,,,,,
127.9711,-15.98758,Western Australia,,camp_site,,,,,,
127.96946,-15.98606,Western Australia,,camp_site,,,,,,
127.96513,-15.98424,Western Australia,,camp_site,,,,,,
127.96285,-15.98305,Western Australia,,camp_site,,,,,,
127.9618,-15.9814,Western Australia,,camp_site,,,,,,
127.96085,-15.97974,Western Australia,,camp_site,,,,,,
127.95438,-15.97508,Western Australia,,camp_site,,,,,,
127.9491,-15.97363,Western Australia,,camp_site,,,,,,
127.94781,-15.97278,Western Australia,,camp_site,,,,,,
127.94678,-15.97204,Western Australia,,camp_site,,,,,,
127.94573,-15.97165,Western Australia,,camp_site,,,,,,
127.95233,-15.97365,Western Australia,,camp_site,,,,,,
127.95326,-15.97395,Western Australia,,camp_site,,,,,,
127.95811,-15.97556,Western Australia,,camp_site,,,,,,
118.15186,-31.87493,Western Australia,Bruce Rock Caravan Park,camp_site,paid,1,,1,1,
138.68361,-35.0451,South Australia,Shiloh Hills Campsite,camp_site,,,,,,
116.05813,-30.29814,Western Australia,Watheroo Station Tavern,camp_site,free,,,1,,
116.06251,-30.29495,Western Australia,Watheroo Sport Complex,camp_site,free,,,,,
130.7893,-31.5414,South Australia,Gilgerabbie Hut,camp_site,free,,,,,
122.12196,-32.0707,Western Australia,Farser Range Hideaway,camp_site,,,,,,
123.16578,-32.11769,Western Australia,Newman Rocks Camping,camp_site,,,,,,
117.90274,-30.83952,Western Australia,Marshall Rock,camp_site,free,1,,,0,
117.85956,-30.94913,Western Australia,Waddouring Dam,camp_site,free,1,,,0,
125.45671,-17.14971,Western Australia,Imintji Campground,camp_site,,,,,,
128.01417,-17.21845,Western Australia,Violet Valley Campground,camp_site,,,,,,
128.28048,-16.79694,Western Australia,Desmond's Parking Bay,camp_site,,,,,,
142.49739,-37.1779,Victoria,Stoney Creek Group Camping Area,camp_site,,,,,,
117.61958,-32.14658,Western Australia,Wamenusking Sports Club Inc.,camp_site,paid,0,,,,
117.50155,-32.78084,Western Australia,Shire of WIckepin Self Contained RV Parking,camp_site,,,,,,
118.09135,-31.19157,Western Australia,Nungarin Caravn Park,camp_site,paid,1,,1,1,
118.09929,-31.17588,Western Australia,McCorry's Old Hotel Caravan Sites,caravan_site,,,,1,,
145.58514,-17.01708,Queensland,Upper Davies Creek Camping Area,camp_site,,,,,,
141.23163,-36.37779,Victoria,Roadside Camp,camp_site,,,,,,
114.62967,-28.539,Western Australia,Goodie’s Eco Camp,camp_site,,,,,,
116.05246,-30.93664,Western Australia,Gillingarra Welcomes Recreational Vehicles,camp_site,,1,,,,
116.04454,-31.0342,Western Australia,Mogumber Hall Rest Area,camp_site,,1,,,0,
146.93887,-38.23191,Victoria,,camp_site,,,,,,
116.43354,-31.45917,Western Australia,Dewars Pool Reserve,camp_site,,0,,,,
116.47409,-31.63265,Western Australia,Hoddywell Caravan Park - Closed for Renov,camp_site,paid,1,,1,1,
146.83731,-37.20487,Victoria,,camp_site,,,,,,
117.01318,-32.36506,Western Australia,Lions Park Picnic Area - s/c,camp_site,free,0,,,,
117.0843,-32.53542,Western Australia,Pingelly Caravan Park Bookings,camp_site,,,,,,
117.1808,-32.82087,Western Australia,RV Welcome No Camping,camp_site,,,,,,
117.17992,-32.93686,Western Australia,Recreation Vehicle Free Stay Area - s/c,camp_site,free,,,,,
117.74353,-33.3179,Western Australia,Stubbs Park RV Camping Area - s/c,camp_site,free,0,,,,
117.33515,-33.30516,Western Australia,RV Friendly 72Hr Parking - s/c,camp_site,paid,0,,1,,
115.85085,-34.4206,Western Australia,Karri Valley Resort,camp_site,paid,1,,1,,
113.6966,-22.5394,Western Australia,Point Billie,camp_site,,,,,,
113.71662,-22.51453,Western Australia,North Lefroy Bay,camp_site,,,,,,
113.807,-22.33165,Western Australia,One K Campground,camp_site,,,,,,
118.26011,-34.07411,Western Australia,Borden Recreation Ground,camp_site,free,0,,,,
114.40825,-28.34894,,Little Bay Campground,camp_site,,,,,,
148.86254,-37.15065,Victoria,Bendoc Big 5,caravan_site,,,,,,
146.04035,-41.0969,,Preservation Bay,camp_site,,,,,,
147.86152,-43.06401,Tasmania,,camp_site,,,,,,
143.38548,-37.4326,Victoria,R V stop. Free No facilities.,caravan_site,,,,,,
147.47422,-36.81147,Victoria,,camp_site,,,,,,1
152.08906,-28.43295,Queensland,Powered Sites,camp_site,paid,,,,,
149.88924,-22.81281,Queensland,Marlborough Hotel Campground,camp_site,paid,1,,,1,
146.88767,-20.09959,Queensland,Outback Railway Hotel Freecamping,camp_site,paid,1,,1,1,
117.10121,-35.00411,Western Australia,Boat Harbour Camp,camp_site,paid,1,,1,1,
120.9288,-32.12995,Western Australia,Disappointment Rock,camp_site,,1,,,0,
128.38098,-16.13263,Western Australia,Dunham River Rest Area,camp_site,,1,,,0,
152.0895,-28.43515,Queensland,Unpowered sites,camp_site,,,,,,
115.84656,-31.83609,Western Australia,,caravan_site,,,,,,
138.49082,-33.84935,South Australia,Blyth Sportsground s/c,camp_site,free,0,,,,
142.72793,-38.33615,Victoria,Pum,camp_site,,,,,,
150.97668,-34.12721,New South Wales,Kingfisher Pool Campground,camp_site,paid,0,,,0,
143.56249,-34.63517,New South Wales,RV Parking s/c,camp_site,,1,,,0,
114.98246,-33.71594,Western Australia,,camp_site,,,,,,
150.08783,-33.19137,New South Wales,,camp_site,free,,,,,1
152.92469,-25.81065,Queensland,Log Dump Camp,camp_site,,,,,,
152.94878,-25.79987,,Hedleys Camp,camp_site,,,,,,
132.33955,-32.01648,South Australia,Mexican Hat Headland,camp_site,,,,,,
132.34219,-32.01222,South Australia,Mexican Hat Flat,camp_site,,,,,,
152.90342,-25.29594,Queensland,Colonial Village Resort,camp_site,,,,,,
151.01889,-29.91216,New South Wales,Tingha Copeton Dam Recreation Reserve,camp_site,free,0,,,,
153.22262,-27.60167,Queensland,,camp_site,,,,,,
152.99321,-27.17016,Queensland,Wescloud Lodge Farm Stay,camp_site,,,,,,
149.85917,-36.99447,New South Wales,Creek side camp,camp_site,,,,,,
152.79176,-26.02726,Queensland,Standown,camp_site,,,,,,
151.86017,-24.24753,Queensland,Reef Caravan Park,camp_site,,,,,,
150.03623,-36.42253,New South Wales,Bermaguie creek side camp,camp_site,,,,,,
144.6057,-36.78571,Victoria,,camp_site,,,,,,
142.61596,-15.70501,Queensland,Alice River Bush Camp,camp_site,,,,,,
147.41114,-19.65992,Queensland,Michelle’s Caravan Park,camp_site,,,,,,
113.71235,-22.71232,Western Australia,Janes Bay,camp_site,,,,,,
150.27811,-35.7026,New South Wales,Oaky Beach Camp Ground,camp_site,,1,0,0,,
153.05579,-25.80994,Queensland,Sarawak West,camp_site,paid,1,,,0,
140.7138,-33.45882,South Australia,Camp 2,camp_site,paid,,,,,
146.3733,-37.97897,Victoria,Erica caravan park,camp_site,,,,,,
138.25762,-35.63037,South Australia,Yapari Ngawanthi (Cliffs) campground hike-in only,camp_site,paid,1,1,,,1
146.59684,-34.75729,New South Wales,Rocky Waterholes,camp_site,,1,0,0,0,
148.1528,-35.51912,New South Wales,short stay campervan,camp_site,free,,,,,
118.26807,-32.49559,Western Australia,,caravan_site,,,,,,
118.26412,-32.49578,Western Australia,,caravan_site,,,,1,,
139.45873,-35.24862,South Australia,,camp_site,,,,,,
153.22767,-27.60747,Queensland,Tarcoola,camp_site,,,,,,
150.71857,-34.19636,New South Wales,,camp_site,,,,,,
133.81407,-23.38641,Northern Territory,Burt Plains Bush Camp,camp_site,,,,,,
149.18599,-26.58838,Queensland,Federal Hotel,camp_site,free,,,,,
146.35879,-43.51507,Tasmania,Louisa Bay Campsite,camp_site,,,,,,1
146.40984,-43.4863,Tasmania,Louisa River Campsite,camp_site,,,,,0,1
146.72169,-43.59541,Tasmania,Trackcutters Camp,camp_site,,,,,,1
140.04606,-20.83767,Queensland,Corella Dam,camp_site,,,,,,1
148.41633,-35.37322,New South Wales,Thomas Boyd Trackhead,camp_site,paid,1,,,0,
150.17862,-33.80856,New South Wales,Breakfast Creek - Cox River junction,camp_site,,,,,,1
147.6397,-36.62821,Victoria,Eustace Camping Area,camp_site,,,,,,
145.58325,-17.25079,Queensland,Lakeside Caravan Park,camp_site,,1,1,1,1,
151.49195,-27.30392,Queensland,Bowenville Hotel,caravan_site,,,,1,,
145.36818,-17.05113,Queensland,Mareeba Bush Stays,camp_site,,,,,,
148.25726,-35.37312,New South Wales,Jones Bridge Camp Site,camp_site,,,,,,
145.32641,-15.59685,,,camp_site,,,,,,
145.3262,-15.59865,,,camp_site,,,,,,
151.84121,-24.25037,Queensland,1770 Travellers Rest Camping,camp_site,,,,,,
134.74439,-28.98723,South Australia,Tom Cat Hill Campground,camp_site,,1,1,,,
149.9776,-24.56539,Queensland,Moura Rotary Park,caravan_site,paid,,,0,0,
138.41,-30.81233,South Australia,Beltana Campground,camp_site,,,,,,
145.86591,-37.16017,Victoria,,camp_site,,,,,,
150.98459,-24.79956,Queensland,Coominglah Range Rest Area / Hurdle Gully Lookout Access,camp_site,free,1,,,,
121.33102,-30.90816,Western Australia,Beer Garden,camp_site,,,,,,
121.33278,-30.91542,Western Australia,Beer Garden (South),camp_site,,,,,,
148.38275,-20.19696,Queensland,Ben Lomond Station camping,camp_site,paid,,,,,
117.18661,-29.13371,Western Australia,Warriedar,camp_site,,,,,,
140.13,-37.56618,South Australia,,camp_site,,,,,,
149.86999,-28.41628,Queensland,Shady Mikes Caravan Park,camp_site,,,,,,
146.1457,-36.40336,Victoria,Wood Duck Camping Ground,camp_site,,,,,,
151.73159,-28.16918,Queensland,Cunningham Rest Area -East bound,camp_site,free,1,,,0,
145.10687,-40.89531,Tasmania,Riverbend Youth Centre,camp_site,,,,,,
152.34739,-30.40294,New South Wales,Ebor Falls Hotel Motel,camp_site,paid,,,,,
143.59336,-37.70711,Victoria,Clarkesdale Bird Sanctuary,camp_site,paid,1,,,1,
152.0682,-26.18604,Queensland,Goomeri Van Park,camp_site,paid,,,,,
152.56719,-25.98743,Queensland,Windsong Cabins & Tea Gardens,caravan_site,,,,,,
151.10095,-31.21379,New South Wales,Dungowan Recreation Ground - TMF camping ONLY,camp_site,paid,1,,1,1,
146.22494,-37.23492,Victoria,,camp_site,,,,,,
146.22745,-37.23481,Victoria,,camp_site,,,,,,
151.83048,-31.18809,New South Wales,Tia River Rest Area,camp_site,,0,,,,
143.75387,-35.62448,Victoria,Wildlife Management Station Camping Area,camp_site,,,,,,
149.56541,-28.56556,Queensland,Kamanga Camp and Water Reserve,camp_site,,,,,,
149.71562,-27.91961,Queensland,Westmar Rest Area,camp_site,free,1,0,,1,
133.19646,-25.99853,South Australia,NT-SA Border,camp_site,,1,,,0,
149.08739,-27.16395,Queensland,Waroo Sporting Complex - Specisl Events Only,camp_site,paid,1,,1,1,
146.33053,-37.1959,Victoria,Frys Flat Campground,camp_site,,,,,,
146.34491,-37.19625,Victoria,Blackbird Flat,camp_site,,,,,,
146.34685,-37.19493,Victoria,Sheepyard Flat,camp_site,,,,,,
146.34891,-37.18949,Victoria,Davons Flat,camp_site,,,,,,
146.3544,-37.18639,Victoria,Pickerings Flat,camp_site,,,,,,
146.36091,-37.18729,Victoria,Noonans Flat,camp_site,,,,,,
146.36875,-37.18825,Victoria,Tunnel Bend Flat,camp_site,,,,,,
146.37778,-37.19241,Victoria,Gardiners Hut,camp_site,,,,,,
146.40067,-37.1948,Victoria,6 Mile Flat,camp_site,,,,,,
146.42972,-37.19796,Victoria,8 Mile Flat,camp_site,,,,,,
146.47544,-37.19514,Victoria,Ritchies,camp_site,,,,,,
146.51263,-37.17944,Victoria,Pikes Flat,camp_site,,,,,,
146.22788,-26.3901,Queensland,CMCA RV Park Bush Camp - s/c only,camp_site,,,,,,
145.7079,-26.12396,Queensland,Adavale Way Farm Stay,camp_site,paid,1,1,,1,
145.66699,-26.12425,Queensland,Langlo Crossing,camp_site,free,0,,,,
145.34316,-26.0137,Queensland,Ambathala Creek,camp_site,free,,,,,
146.09769,-26.32638,Queensland,Ward River,camp_site,paid,0,,,,
142.04385,-37.5224,Victoria,Cavendish Recreation Reserve,camp_site,paid,1,,,1,
152.57778,-29.04097,New South Wales,Yates Crossing - Crown Land - Camping Prohibited,camp_site,,,,,,
152.89071,-29.82807,New South Wales,Coutts Crossing Tavern,camp_site,,,,,,
151.20807,-33.55486,New South Wales,Brooklyn Dam Campsite,camp_site,,,,,,
149.19028,-31.2735,New South Wales,Warrumbungles Mountain Motel & Camping Grounds,camp_site,paid,,,1,,
149.95946,-35.15113,New South Wales,Oallen Crossing camp site,camp_site,free,,,,,
150.29311,-34.73682,New South Wales,,camp_site,,0,,,0,1
150.33107,-34.75229,New South Wales,,camp_site,,1,,,0,1
150.30538,-34.73341,New South Wales,,camp_site,,0,,,0,1
146.45353,-42.95885,Tasmania,Lonely Tarns Campsite,camp_site,,0,,,0,1
147.56429,-32.63076,New South Wales,Tullamore Hotel Freecamp,camp_site,free,,,,,
148.55476,-34.03946,New South Wales,Hotel Koorawatha Free Camping,camp_site,,,,,,
140.96597,-37.99359,Victoria,Dry Creek,camp_site,,,,,,
149.68941,-33.14868,New South Wales,Wattle Flat Heritage Lands Southern Section,camp_site,paid,1,,,0,
149.68706,-33.07923,New South Wales,Crossley Bridge,camp_site,free,0,,,,
149.86205,-32.96377,New South Wales,Jaron Park Ilford,camp_site,paid,1,,,0,
151.13063,-31.45522,New South Wales,Riverglen Cottage,camp_site,paid,,,,,
147.33692,-36.78787,Victoria,Big River,camp_site,free,,,,,1
144.97786,-35.52857,New South Wales,Willoughbys Beach Campground,camp_site,,,,,,
151.84547,-29.44247,New South Wales,Deepwater Commercial Hotel - The Top Pub - Freecamp,camp_site,free,,,,,
142.55526,-37.35384,Victoria,Durd Durd Hike-in Campground,camp_site,,,,,,
153.44086,-28.83934,New South Wales,Alstonville Showground Camping,camp_site,paid,1,,1,1,
153.02581,-29.44908,New South Wales,,camp_site,,1,,,,
152.9961,-29.4363,New South Wales,Gurmac Farmstay,camp_site,,,,,,
116.45519,-31.74763,Western Australia,Summer Creek Farm Camping Bakers Hill,camp_site,paid,,,,,
152.20369,-32.40638,New South Wales,Bulahdelah Showgrounds,camp_site,,,,,,
151.01939,-32.65427,New South Wales,Bulga Recreation Ground,camp_site,free,1,1,1,0,
149.73548,-34.19476,New South Wales,Taralga Road MR256,camp_site,free,0,,,,
145.27785,-17.66787,Queensland,Woodleigh Station,camp_site,paid,,,,,
116.22401,-33.45735,Western Australia,David Ugle Campsite,camp_site,,,,,,
150.41795,-34.64979,New South Wales,,camp_site,,,,,,1
148.24092,-42.00839,Tasmania,Freycinet Campground,camp_site,,1,0,1,1,
146.26254,-41.83283,Tasmania,Lake Adelaide Camp Ground,camp_site,,,,,,
138.07918,-32.89956,South Australia,,camp_site,,,,,,
148.30989,-37.06072,Victoria,Little River Falls,camp_site,free,1,,,0,
147.72292,-37.26066,Victoria,Swifts Creek Riverbank Camping,camp_site,,,,,,
143.72907,-36.10987,Victoria,Boort Township RV Friendly Site,camp_site,paid,,,,,
145.28569,-42.2182,Tasmania,,camp_site,,,,,,
122.74694,-33.88613,,Alexander Bay Campsites,camp_site,,,,,,
122.7473,-33.88654,,Alexander Bay Campsites,camp_site,,,,,,
145.6211,-41.75946,Tasmania,,camp_site,,,,,,
147.61713,-36.92169,Victoria,,camp_site,,,,,,1
147.60804,-36.94553,Victoria,Hinnomunjie Bridge Camping Area,camp_site,,,,,,
130.78465,-13.09298,Northern Territory,Florence Falls 'Old 4WD' Campground,camp_site,,,,,,
146.73054,-36.75283,Victoria,Rocky Creek hike-in campsite,camp_site,paid,,,,,
146.08507,-36.87114,Victoria,Spring Creek Sawmill,camp_site,free,,,,,1
144.7701,-34.5185,New South Wales,Wooloondool Camp Ground,camp_site,,,,,,
145.3758,-38.39099,Victoria,Chateau Baudin,camp_site,paid,,,,,
142.85138,-37.72182,Victoria,Lake Bolac Foreshore - Picnic Point,camp_site,paid,1,,,1,
142.87817,-37.72115,Victoria,Lake Bolac Foreshore - East Beach,camp_site,paid,1,,,0,
142.84185,-37.74589,Victoria,Lake Bolac Foreshore - South Beach,camp_site,paid,1,,,0,
152.1998,-31.15438,New South Wales,Mooraback Horse Camp,camp_site,,,,,,
145.72304,-35.35504,New South Wales,Brew Park,camp_site,free,0,,,,
145.3884,-37.79718,Victoria,Oasis Youth Camp,camp_site,,,,,,
152.21193,-27.84344,Queensland,Powered Sites,camp_site,,,,,,
141.99824,-35.91708,Victoria,,camp_site,,,,,,
144.05383,-36.98744,Victoria,Butts Reserve,camp_site,free,,,,,
152.89355,-27.99577,Queensland,,camp_site,,,,,,
152.89266,-27.99682,Queensland,,camp_site,,,,,,
152.89317,-27.99656,Queensland,,camp_site,,,,,,
152.89474,-27.99545,Queensland,,camp_site,,,,,,
146.16017,-41.47608,Tasmania,,caravan_site,,,,,,
143.68248,-14.07638,Queensland,Safari Camp,camp_site,,,,,,
143.68726,-14.06506,Queensland,,camp_site,,,,,,
152.37123,-28.34222,Queensland,,camp_site,,,,,,
148.31185,-41.62585,Tasmania,,camp_site,free,1,0,0,0,
148.31575,-41.62251,Tasmania,Little Beach Co Glamping,camp_site,,,,,,
151.50503,-30.64688,New South Wales,Uralla Showground Camping,camp_site,paid,1,,1,,
147.03096,-35.51011,New South Wales,Henty Showgrounds,camp_site,paid,,,,,
144.37262,-38.17093,Victoria,Geelong Showgrounds Camping,camp_site,paid,1,1,,1,
137.45933,-34.83295,South Australia,Minlacowie Bush Campground,camp_site,paid,,,,,
148.00589,-36.74277,Victoria,,camp_site,,,,,,1
148.00734,-36.74209,Victoria,,camp_site,,,,,,1
147.25472,-41.57171,Tasmania,Falls Park Rest Area,camp_site,,1,0,,0,
145.86601,-37.29522,Victoria,,camp_site,free,,,,,1
145.86335,-37.29104,Victoria,,camp_site,free,,,,,1
149.584,-32.60176,New South Wales,Mudgee Showgroun,camp_site,paid,,,,,
149.2658,-35.02415,New South Wales,Gundaroo Park,camp_site,free,,,,,
137.4535,-35.90436,South Australia,Murray Lagoon Campground,camp_site,,,,,,
115.19599,-33.6494,Western Australia,Four Season Holiday,camp_site,,,,,,
150.37185,-35.43827,New South Wales,Lemongrab,camp_site,,,,,,
148.01378,-37.87408,Victoria,NRMA Eastern Beach Holiday Park,caravan_site,paid,1,,1,,
141.3367,-36.56701,Victoria,Broughtons Waterhole,camp_site,,,,,,1
149.694,-33.15385,New South Wales,,camp_site,paid,,,,,
146.82835,-37.5401,Victoria,,camp_site,,,,,,
146.82844,-37.54052,Victoria,,camp_site,,,,,,
145.3941,-18.42327,Queensland,Wairuna Campground,camp_site,,,,,,
146.89254,-20.09697,Queensland,"Ravenswood Sports, Recreation & Campimg Reserve",camp_site,paid,1,,1,1,
151.99578,-25.07556,Queensland,Wallaville Hotel,camp_site,free,,,,,
114.61257,-28.67026,Western Australia,Free camp Park- 5 cars,caravan_site,,,,,,
114.99696,-33.77879,Western Australia,Moses Rock Walk-in Campsite,camp_site,free,,,,,
152.24736,-27.88864,Queensland,Glen Rock camping area,camp_site,,,,,,
152.57391,-25.18799,Queensland,Riverside Burrum Heads,camp_site,,,,,,
143.42879,-12.61474,Queensland,Cape Weymouth Camping and Cabins,camp_site,paid,,,,,
142.37504,-36.89805,Victoria,Camp Sandy,camp_site,,,,,,
152.95767,-28.42825,New South Wales,Rainforest Gateway Campground,camp_site,paid,,,,,
151.98867,-28.03951,Queensland,Allora Showground Camping,camp_site,paid,1,1,1,1,
149.7959,-25.64275,Queensland,Lions Park Rest Area,camp_site,free,1,,0,1,
152.8725,-25.28724,Queensland,Discovery Parks Fraser Coast,caravan_site,,,,,,
150.12937,-24.47121,Queensland,Banana Hall,camp_site,paid,,,,,
150.37134,-24.19528,Queensland,Jambin Hall Rest Area,camp_site,free,1,,,0,
150.36949,-24.19466,Queensland,Jambin Hotel Motel Freecamp,camp_site,free,,,,,
150.36864,-23.13526,Queensland,Yaamba Rest Area / Joan Tierney Park,camp_site,,1,,,0,
149.83139,-33.71715,New South Wales,Campground free,camp_site,,,,,,
144.07276,-14.75326,Queensland,,camp_site,,,,,,
143.51829,-34.66564,New South Wales,Mamanga Campground,camp_site,free,1,,,0,
146.63529,-23.6466,Queensland,,camp_site,,1,,,1,
146.39983,-37.53726,Victoria,,camp_site,,,,,,1
148.57095,-25.18891,Queensland,,camp_site,,,,,,
148.55652,-25.85537,Queensland,,camp_site,,,,,,
116.10526,-21.00415,Western Australia,,camp_site,,,,,,
148.68018,-35.13944,New South Wales,Reflections Wee Jasper Campground,caravan_site,,,,,,
153.53795,-28.53325,New South Wales,Reception - Reflections Ferry Reserve Holiday Park,caravan_site,paid,,,,,
146.27436,-18.7809,Queensland,Halifax Bay Wetland National Park camping area 2,camp_site,,,,,,
146.2586,-18.75292,Queensland,Halifax Bay Wetland National Park camping area 1,camp_site,,,,,,
152.21296,-27.84384,Queensland,Non Powered Sites,camp_site,,,,,,
152.21232,-27.8445,Queensland,Non Powered Sites,camp_site,,,,,,
152.21053,-27.84452,Queensland,Non Powered Site,camp_site,,,,,,
152.2114,-27.84474,Queensland,Non Powered Site,camp_site,,,,,,
151.8756,-24.23062,Queensland,1770 Eco Camp,camp_site,,,,,,
148.38393,-26.58599,Queensland,Mucka Pub Freecamp,camp_site,free,0,,,,
151.99052,-26.67209,Queensland,Nanango Showgrounds,camp_site,,,,,,
151.88136,-26.31709,Queensland,Wondai Showgrounds,caravan_site,paid,1,1,1,,
151.94043,-28.37965,Queensland,Fig Tree Campground,camp_site,,,,,,
151.93279,-28.37479,Queensland,Bushmans Camp,camp_site,,,,,,
151.93616,-28.37631,Queensland,,camp_site,,,,,,
151.9363,-28.37514,Queensland,,camp_site,,,,,,
118.08093,-22.56923,Western Australia,Free Camping,camp_site,,,,,,
151.9367,-28.3737,Queensland,,camp_site,,,,,,
137.52322,-35.62337,South Australia,Discovery Lagoon Campsite,camp_site,paid,,,,,
146.54802,-37.16876,Victoria,Flat Spur Camping Area,camp_site,,,,,,
115.13939,-30.41769,Western Australia,Tuarts Reserve,camp_site,,,,,,
115.17999,-30.39314,Western Australia,Banksia Reserve,camp_site,,,,,,
147.54341,-26.44776,Queensland,Mungallala Reserve Camping,camp_site,,1,,,1,
138.57007,-31.48982,South Australia,Wilcolo Campground,camp_site,,,,,,
145.46867,-26.6478,Queensland,Foxtrap Cooladdi Roadhouse - Paycamp Internal,camp_site,paid,1,,1,1,
144.59997,-25.90854,Queensland,Adavale Hall,camp_site,free,1,,1,1,
144.61631,-25.9088,Queensland,,camp_site,,0,,,,
148.26298,-36.44054,New South Wales,WIlkinson's Creek Campsite,camp_site,,,,,,
153.13787,-30.29275,New South Wales,Reception - Big 4 Park Beach Holiday Park,caravan_site,,,,,,
150.60116,-33.8931,New South Wales,Warragamba Reserve Camp,caravan_site,free,1,1,0,,
152.92005,-30.70376,New South Wales,,caravan_site,free,0,,0,,
152.64387,-28.87171,New South Wales,R&R Farm Stay,camp_site,paid,,,,,
116.1029,-34.63694,Western Australia,Green Valley Farm Stay,camp_site,,1,,,,
144.67182,-41.12775,,Nelson Bay PWS Campground,camp_site,paid,,,,,
152.28942,-26.09022,Queensland,Fat Hen Creek Caravan and Camping,camp_site,paid,,,,,
146.87943,-37.4092,Victoria,Higgins Yard,camp_site,,,,,,1
146.19733,-38.20156,Victoria,The Summit,camp_site,,,,,,
152.37616,-27.07786,Queensland,Toogoolawah Showgrounds,camp_site,paid,,,,,
151.59362,-26.16259,Queensland,Proston Golf Club Free Camp,camp_site,free,,,,,
145.8095,-18.45977,Queensland,Garrawalt Creek Campsite,camp_site,,,,,,
144.9845,-38.33144,Victoria,,caravan_site,,,,,,
146.88975,-35.95935,New South Wales,Jindera Recreational Grounds,camp_site,,1,1,0,0,
144.36095,-37.48031,Victoria,,camp_site,,,,,,
146.23584,-36.93462,Victoria,Tolmie Recreational Reserve,camp_site,,,,,,
137.30178,-34.92091,South Australia,Len Barker Reserve,camp_site,,,,,,
137.18957,-35.21019,South Australia,Foul Bay Boat Ramp Campground,camp_site,,,,,,
137.68715,-35.14758,South Australia,Goldsmiths Beach Camp Ground,camp_site,,,,,,
136.99549,-34.93563,,Gravel Bay Campground,camp_site,,,,,,
150.40557,-26.33217,Queensland,Dogwood Creek Camping Area,camp_site,paid,,,,,
150.51496,-23.37178,Queensland,Riverside Tourist Park,camp_site,paid,,,,,
148.53187,-32.16884,New South Wales,Redbank Reserve,camp_site,,,,,,1
144.77156,-41.41532,Tasmania,Sandy Cape Camping Area,camp_site,,,,,,
144.78908,-41.39554,,Pedder River Camping Area,camp_site,,,,,,
145.03445,-41.15167,Tasmania,,camp_site,,,,,,
144.68192,-41.05986,Tasmania,Prickly Wattle,camp_site,,,,,,
144.69269,-41.21827,Tasmania,Stinky Beach PWS Camping Area,camp_site,,,,,,
144.69513,-41.18687,Tasmania,Campe Elsewhere PWS Camping Area,camp_site,,,,,,
140.13781,-37.5817,South Australia,Nal-a-wort campground,camp_site,paid,,,,,
149.52152,-36.76098,New South Wales,Postmans Campground,camp_site,paid,,,,,
148.54129,-35.91991,New South Wales,Four Mile Trail campground - Eucumbene River,camp_site,paid,,,,,
147.19942,-36.87058,Victoria,Little Plain Campsite,camp_site,,,,,,1
152.83644,-31.37948,New South Wales,The Hatch Farm - Port Macquarie,camp_site,,,,,,
143.96068,-18.1208,Queensland,Talaroo Outback Camping and Caravan Park,camp_site,,,,,,
146.26137,-20.09355,Queensland,Charters Towers Tourist Park,caravan_site,,,,,,
123.01231,-33.8544,Western Australia,Yokinup Mia Mia Campground,camp_site,paid,,,,,
147.03257,-37.29469,Victoria,,camp_site,,,,,,
147.03238,-37.29785,Victoria,,camp_site,,,,,,
147.03841,-37.32188,Victoria,,camp_site,,,,,,
147.03906,-37.3244,Victoria,,camp_site,,,,,,
147.04648,-37.32696,Victoria,,camp_site,,,,,,
147.04832,-37.32856,Victoria,,camp_site,,,,,,
152.25374,-27.99174,Queensland,Janowen Hills Camp Site 4,camp_site,,,,0,,
147.17342,-36.91958,Victoria,,camp_site,,,,,,1
147.18225,-36.94865,Victoria,Dibbins Hut free camping area,camp_site,,,,,,1
143.70094,-35.37988,New South Wales,,camp_site,,,,,,
143.5819,-35.29774,New South Wales,,camp_site,,,,,,
143.58148,-35.28911,New South Wales,,camp_site,,,,,,
140.17083,-27.20173,South Australia,,camp_site,,,,,,
152.56845,-26.94794,Queensland,Seib Street Kilcoy 20hr Free camp,caravan_site,,,,,,
153.51589,-28.31038,New South Wales,LiveLoveLearn Camping,camp_site,,,,,,
151.68253,-30.46134,New South Wales,Armidale Acres - Van Park & Cabins,camp_site,paid,,,,,
149.90016,-31.45767,New South Wales,Premer Hotel Caravan/Camping Sites,camp_site,,,,,,
143.57975,-37.75126,Victoria,Happy Valley Crossing Streamside Reserve Campsite,camp_site,,,,,,
149.70624,-31.74566,New South Wales,Black Stump Rest Area,camp_site,free,1,,,0,
149.71898,-31.82417,New South Wales,Black Stump Inn Free Parking,camp_site,free,,,,,
149.72036,-31.82146,New South Wales,Coolah Sporting Club - Self Contained Only,camp_site,paid,,,,,
146.08608,-36.88433,Victoria,Camphora Campsite,camp_site,free,1,,0,0,
149.36283,-34.32531,New South Wales,Binda Sports Park,camp_site,paid,1,,,0,
148.82268,-34.77072,New South Wales,,camp_site,,,,,,
145.9117,-37.11365,Victoria,Walshs,camp_site,,,,,,
145.91944,-37.11741,Victoria,Parkers Pines,camp_site,,,,,,
145.91268,-37.11556,Victoria,Owens Hill 2,camp_site,,,,,,
149.79132,-35.42274,New South Wales,Braidwood Showground,camp_site,paid,1,1,1,1,
143.86618,-36.34851,Victoria,Colemans Camp Loddon River,camp_site,,,,,,
150.06951,-35.26913,New South Wales,,camp_site,free,,,,,1
150.10586,-35.26218,New South Wales,,camp_site,free,,,,,1
150.10084,-35.25731,New South Wales,,camp_site,,,,,,1
150.12399,-35.27591,New South Wales,,camp_site,,,,,,
149.35069,-36.17414,New South Wales,Badja Recreation Reserve - East,camp_site,free,1,,,0,
145.49483,-17.35833,Queensland,Old Mates Farm,camp_site,paid,,,,,
148.09186,-35.60953,New South Wales,Lochinvar Forest Park (Overnight) Rest Area,camp_site,free,1,,0,0,
148.05859,-35.96763,New South Wales,Tooma Inn Freecamp,camp_site,,,,,,
146.80548,-42.95135,Tasmania,Glamping,camp_site,,,,,,
146.30527,-37.51586,Victoria,,camp_site,,,,,,
147.69854,-35.92716,New South Wales,Jingellic Showground,camp_site,paid,1,,1,1,
147.41997,-35.95645,Victoria,Mount Lawson State Park - The Kurrajongs,camp_site,free,1,,,0,
153.06249,-28.86155,New South Wales,Discovery Parks - Casino,camp_site,paid,,,,,
146.95558,-19.44059,Queensland,Cockatoo Creek camping area,camp_site,,,,,,
146.99083,-19.4729,Queensland,Alligator Creek Falls camping area,camp_site,,,,,,
152.71714,-26.78546,Queensland,Eco Park Villagge Camping Area,camp_site,paid,,,,,
148.662,-35.99758,New South Wales,Anglers Reach Caravan Park,caravan_site,,,,,,
150.80541,-34.15306,New South Wales,Wedderburn Christian Campsite,camp_site,paid,1,1,,1,
153.35673,-29.46233,New South Wales,,camp_site,,,,,,
143.80109,-35.60851,Victoria,Lake Charm General Store & Caravan Park,camp_site,,,,,,
151.67993,-30.51528,New South Wales,Armidale Showground Camping,camp_site,paid,,,,,
146.41818,-19.027,Queensland,Balgal Beach (Tents Only),camp_site,paid,,,,,
150.49868,-30.88615,New South Wales,Wilderluxe Lake Keepit,camp_site,paid,1,1,1,1,
138.92265,-33.671,South Australia,Bon Accord Hotel - Overnight Parking,camp_site,paid,1,,1,1,
138.57295,-33.27893,South Australia,Bundaleer Campground,camp_site,paid,1,,,,
147.85063,-19.75789,,Coconut Beach bush camping,camp_site,paid,,,,,
138.60308,-33.20159,South Australia,Robinson Park Motorhome Reserve - s/c only,camp_site,paid,1,1,,0,
137.51074,-32.72608,South Australia,Half Way Rest Area,camp_site,free,0,,,,
116.24369,-32.3284,Western Australia,Alyi-wa Miya group campsite,camp_site,free,,,,,1
123.15511,-33.93602,Western Australia,Grass Patch - informal,camp_site,free,,,,,
123.14773,-33.92565,Western Australia,Camp 5 - informal,camp_site,free,,,,,
123.14227,-33.91342,Western Australia,Camp 3 - informal,camp_site,free,,,,,
123.14241,-33.91577,Western Australia,Camp 4 - informal,camp_site,free,,,,,
123.13046,-33.89802,Western Australia,Camp 2 - informal,camp_site,free,,,,,
123.11364,-33.88612,Western Australia,Camp 1 - informal,camp_site,free,,,,,
123.16558,-33.95926,Western Australia,Camp 6 - informal,camp_site,free,,,,,
116.66009,-31.65755,Western Australia,Northam RV 48hr Stay,camp_site,,,,,,
148.28102,-36.11173,New South Wales,,camp_site,,,,,,
148.40252,-36.12418,New South Wales,O'Keefes,camp_site,,,1,,,
148.37134,-36.15108,New South Wales,Tumut River,camp_site,,,,,,
148.35316,-36.14221,New South Wales,Derschkos,camp_site,,,,,,
142.26472,-31.76556,New South Wales,Hazelvale,camp_site,paid,1,,1,1,
148.30278,-31.6674,New South Wales,Collie Hotel Freecamp,camp_site,paid,1,,1,1,
116.03983,-32.02968,Western Australia,Bickley Outdoor Recreation Camp,camp_site,,,,,,
149.82843,-31.34682,New South Wales,Royal Hotel Caravan Parking,camp_site,,,,,,
146.75315,-37.26312,Victoria,,camp_site,,,,,,
144.41803,-16.20315,Queensland,Palmerville Station - Camp Ground,camp_site,,,,,,
145.99056,-18.24057,Queensland,Meunga Creek Caravan Park,caravan_site,paid,,,,,
152.6904,-26.62447,Queensland,Road stop/campsite,camp_site,,,,,,
146.55451,-37.43969,Victoria,,camp_site,,,,,,
146.55465,-37.4236,Victoria,,camp_site,,,,,,
146.55574,-37.46092,Victoria,,camp_site,,,,,,
146.55395,-37.46065,Victoria,,camp_site,,,,,,
146.55401,-37.41979,Victoria,,camp_site,,,,,,
152.2394,-28.07241,Queensland,,camp_site,,,,,,
151.76398,-28.00256,Queensland,,camp_site,,0,,,,
151.78333,-24.12469,,Middle Creek Camping Area,camp_site,,,,,,
150.76154,-27.03992,Queensland,Kogan Memorial Hall,camp_site,paid,,,1,,
148.4784,-35.92981,New South Wales,,camp_site,free,,,,,1
150.91952,-26.92836,Queensland,Warra Hotel Self Contained Camping,camp_site,paid,,,,,
151.65467,-26.6896,Queensland,Kumbia Caravan Park,camp_site,,1,,1,1,
151.78326,-26.6111,Queensland,Stuart River / Alwyn Francis Bridge Rest Area,camp_site,,,,,,
151.81489,-25.68122,Queensland,Ban Ban Springs,camp_site,,1,,,0,
150.04486,-22.13014,Queensland,,camp_site,,,,,,
150.57576,-24.48614,Queensland,Red Steer Thangool Freecamp,camp_site,free,1,,,0,
140.58866,-34.30651,South Australia,Katarapko Campsite 01,camp_site,paid,,,,,
140.58811,-34.30824,South Australia,Katarapko Campsite 02,camp_site,paid,,,,,
140.58609,-34.31063,South Australia,Katarapko Campsite 03,camp_site,paid,,,,,
140.5763,-34.31743,South Australia,Katarapko Campsite 05,camp_site,paid,,,,,
140.59621,-34.32213,South Australia,Katarapko Campsite 06,camp_site,paid,,,,,
140.59785,-34.32477,South Australia,Katarapko Campsite 08 (Booky Cliffs),camp_site,paid,,,,,
140.59706,-34.32465,South Australia,Katarapko Campsite 09 (Booky Cliffs),camp_site,paid,,,,,
140.59196,-34.32426,South Australia,Katarapko Campsite 10,camp_site,paid,,,,,
140.58743,-34.32519,South Australia,Katarapko Campsite 11,camp_site,paid,,,,,
140.58544,-34.32596,South Australia,Katarapko Campsite 12,camp_site,paid,,,,,
140.5745,-34.32702,South Australia,Katarapko Campsite 13,camp_site,paid,,,,,
140.57028,-34.32977,South Australia,Katarapko Campsite 14,camp_site,paid,,,,,
140.5513,-34.34477,South Australia,Katarapko Campsite 17 (Sawmill),camp_site,paid,,,,,
140.55115,-34.34562,South Australia,Katarapko Campsite 18 (Sawmill),camp_site,paid,,,,,
140.55374,-34.34151,South Australia,Katarapko Campsite 15,camp_site,paid,,,,,
140.55257,-34.34902,South Australia,Katarapko Campsite 19 Group site (Causeway),camp_site,paid,,,,,
140.54975,-34.35064,South Australia,Katarapko Campsite 20,camp_site,paid,,,,,
140.54907,-34.3513,South Australia,Katarapko Campsite 21,camp_site,paid,,,,,
140.54861,-34.35215,South Australia,Katarapko Campsite 22,camp_site,paid,,,,,
140.54917,-34.35285,South Australia,Katarapko Campsite 23,camp_site,paid,,,,,
140.54909,-34.35371,South Australia,Katarapko Campsite 24,camp_site,paid,,,,,
140.5404,-34.35691,South Australia,Katarapko Campsite 25,camp_site,paid,,,,,
140.54138,-34.36052,South Australia,Katarapko Campsite 26,camp_site,paid,,,,,
140.54509,-34.36286,South Australia,Katarapko Campsite 29,camp_site,paid,,,,,
140.54584,-34.36401,South Australia,Katarapko Campsite 30,camp_site,paid,,,,,
140.54584,-34.36489,South Australia,Katarapko Campsite 31,camp_site,paid,,,,,
140.54363,-34.36637,South Australia,Katarapko Campsite 32,camp_site,paid,,,,,
140.54938,-34.37145,South Australia,Katarapko Campsite 33,camp_site,paid,,,,,
140.55156,-34.3743,South Australia,Katarapko Campsite 34,camp_site,paid,,,,,
140.54958,-34.37552,South Australia,Katarapko Campsite 35,camp_site,paid,,,,,
140.54692,-34.3855,South Australia,Katarapko Campsite 36,camp_site,paid,,,,,
140.54839,-34.39006,South Australia,Katarapko Campsite 37,camp_site,paid,,,,,
140.55022,-34.39262,South Australia,Katarapko Campsite 38,camp_site,paid,,,,,
140.55178,-34.39737,South Australia,Katarapko Campsite 39,camp_site,paid,,,,,
140.55059,-34.39804,South Australia,Katarapko Campsite 40,camp_site,paid,,,,,
140.5414,-34.40659,South Australia,Katarapko Campsite 42,camp_site,paid,,,,,
140.5409,-34.40828,South Australia,Katarapko Campsite 43,camp_site,paid,,,,,
140.54072,-34.40932,South Australia,Katarapko Campsite 44,camp_site,paid,,,,,
140.53885,-34.41083,South Australia,Katarapko Campsite 45,camp_site,paid,,,,,
140.53135,-34.42398,South Australia,Katarapko Campsite 47,camp_site,paid,,,,,
140.52957,-34.42663,South Australia,Katarapko Campsite 48,camp_site,paid,,,,,
140.52855,-34.42625,South Australia,Katarapko Campsite 49,camp_site,paid,,,,,
140.52404,-34.4336,South Australia,Katarapko Campsite 50,camp_site,paid,,,,,
140.522,-34.43531,South Australia,Katarapko Campsite 51,camp_site,paid,,,,,
140.51919,-34.43678,South Australia,Katarapko Campsite 52,camp_site,paid,,,,,
140.51415,-34.44187,South Australia,Katarapko Campsite 53,camp_site,paid,,,,,
140.5115,-34.44448,South Australia,Katarapko Campsite 54,camp_site,paid,,,,,
140.50672,-34.44553,South Australia,Katarapko Campsite 55,camp_site,paid,,,,,
152.88049,-25.2862,Queensland,ingelia Holidays Hervey Bay,caravan_site,,,,,,
149.68796,-35.43463,New South Wales,The Saddle Camp,camp_site,paid,1,,,,
152.68671,-27.77539,Queensland,Churchbank Weir Reserve campsite,camp_site,,,,,,
150.04722,-33.11128,New South Wales,,camp_site,free,,,,,1
150.04755,-33.10685,New South Wales,,camp_site,free,,,,,1
145.67234,-37.94677,Victoria,Dyers Campground,camp_site,,,,,,
147.89011,-43.07219,Tasmania,Camping,camp_site,,,,,,
146.32511,-18.40286,Queensland,Forest Campsites,camp_site,,,,,,
149.69507,-34.77104,New South Wales,Reception - South Goulburn Caravan Park,caravan_site,,,,1,,
145.73635,-35.35771,New South Wales,Reception - Jerilderie Motel & Caravan Park,caravan_site,,,,,,
149.84948,-29.48529,New South Wales,Reception - Gwydir Motel & Caravan Park,caravan_site,,,,,,
144.9689,-35.52818,New South Wales,Reception - Deniliquin Riverside Caravan Park,caravan_site,,,,1,,
113.79471,-23.31287,Western Australia,Stans Camp - Overflow,camp_site,,,,,,
147.19855,-43.44264,Tasmania,Camping at Bruny Island,camp_site,,,,,,
152.31188,-27.87439,Queensland,Mount Mistake SRT walkers camp,camp_site,,,,,,1
145.44201,-18.4372,Queensland,Wairuna camping area,camp_site,,,,,,
118.58381,-22.60787,Western Australia,Karijini Free Camp,camp_site,,0,0,0,0,
150.45153,-28.64155,Queensland,Rainbow Reserve,camp_site,free,0,,,,
150.52945,-28.6553,Queensland,Yellowbank Reserve,camp_site,free,0,,,,
150.56141,-28.66182,Queensland,Lee's Reserve,camp_site,free,0,,,,
150.59804,-28.66406,Queensland,Bengalla Reserve,camp_site,free,0,,,,
146.71015,-37.82396,Victoria,Montana on the Macalister,caravan_site,,,,1,,
150.58231,-29.54558,New South Wales,Saleyards Rest Area,camp_site,free,1,,,,
146.57864,-25.79042,Queensland,Augathella Diggers Rodeo Grounds - Events Only,camp_site,paid,1,,1,1,
150.3373,-33.64294,New South Wales,,camp_site,,,,,,
141.01922,-34.98973,Victoria,Berrook Campground,camp_site,,,,,,
138.73383,-34.98497,South Australia,,camp_site,,,,,,
152.90016,-27.99031,Queensland,,camp_site,,,,,,
152.90075,-27.98835,Queensland,,camp_site,,,,,,
152.8999,-27.99567,Queensland,,camp_site,,,,,,
152.90039,-27.99414,Queensland,,camp_site,,,,,,
152.90123,-27.99575,Queensland,,camp_site,,,,,,
150.13548,-29.47448,New South Wales,Pally Pub - Caravan Park,camp_site,paid,1,,1,1,
116.26092,-33.01207,Western Australia,,camp_site,,,,,,
116.25139,-32.99684,Western Australia,,camp_site,,,,,,
116.25213,-32.9995,Western Australia,,camp_site,,,,,,
116.25549,-33.01056,Western Australia,,camp_site,,,,,,
116.25053,-33.01378,Western Australia,,camp_site,,,,,,
131.29908,-15.47254,Northern Territory,Matt Wilson campground / Gulim Campground,camp_site,,,,,,
151.29832,-25.58441,Queensland,Mundubbera Showgrounds Camping,camp_site,paid,,,,,
132.16289,-13.08212,Northern Territory,Black Jungle Spring,camp_site,,,,,,
151.88609,-24.18318,Queensland,1770 Holiday Village,caravan_site,,,,1,,
145.91258,-36.83671,Victoria,Rocky Ned Campground,camp_site,,,,,,
147.05669,-38.11344,Victoria,,caravan_site,,,,,,
149.99039,-37.14056,,Mowarry campground,camp_site,,,,,,
150.01401,-37.20016,New South Wales,Hegartys Bay campground,camp_site,,,,,,
145.55565,-17.84596,Queensland,Nitchaga Creek bush camping,camp_site,,,,,,
145.57125,-17.84643,Queensland,Wall Creek bush camping,camp_site,,,,,,
141.13706,-35.3629,Victoria,,camp_site,,,,,,
152.98586,-26.78672,Queensland,Tunnel Ridge Ranch,camp_site,,,,,,
145.65792,-17.68868,Queensland,Hinson Creek camping area,camp_site,,,,,,1
153.53053,-28.19497,,Tweed Billabong Holiday Park,caravan_site,,,,,,
125.38961,-17.74559,Western Australia,Bandilngan Campground / Windjana Campground,camp_site,,,,,,
146.66982,-37.76103,Victoria,The Holding Paddock,camp_site,,,,,,
144.9583,-35.95742,Victoria,Dispersed camping unnumbered sites amongst trees,camp_site,,,,,,
145.99256,-34.55768,New South Wales,Spacious flat spot,camp_site,,,,,,
138.60617,-31.52478,South Australia,Unpowered camp\caravan sites,camp_site,,,,,,
138.57275,-33.27896,South Australia,Bundaleer Donation Camp,camp_site,,,,,,
114.47083,-28.07402,Western Australia,Hutt River Caravan Park,caravan_site,,,,,,
146.49125,-37.26588,Victoria,,camp_site,,,,,,
146.41762,-37.19589,Victoria,Seven Mile Flat walk-in campsite,camp_site,,,,,,
151.71453,-31.48387,New South Wales,Nowendoc Recreation Reserve,camp_site,,,,,,
152.83175,-30.16658,New South Wales,Battery Falls Campground,camp_site,,,,,,
150.90063,-23.15136,,Miall Island Camping Area,camp_site,,,,,,
150.89051,-23.0665,Queensland,Konomie Considine Beach Camping Ground,camp_site,,,,,,
150.88009,-23.04778,,Conical Island Camping Area,camp_site,,,,,,
150.91691,-23.16409,,Middle Island Camping Area,camp_site,,,,,,
150.9684,-23.21421,,Humpy Island Camping Area,camp_site,,,,,,
150.87176,-23.24098,,Pelican Island Camping Area,camp_site,,,,,,
150.88506,-23.27757,,Divided Island Camping Area,camp_site,,,,,,
151.15558,-23.40012,,Hummocky Island Camping Area,camp_site,,,,,,
145.96323,-37.125,Victoria,The Island,camp_site,,,,,,
146.00067,-37.17651,Victoria,Sheep Dip Pines,camp_site,,,,,,
146.00424,-37.18041,Victoria,Newtons 2,camp_site,,,,,,
146.00707,-37.18162,Victoria,Dunns,camp_site,,,,,,
145.99616,-37.16995,Victoria,Blue Gum Flat 3,camp_site,,,,,,
145.99483,-37.16718,Victoria,Magazine Gully,camp_site,,,,,,
145.99275,-37.15941,Victoria,Red Box,camp_site,,,,,,
145.99081,-37.15708,Victoria,Kirbys 2,camp_site,,,,,,
145.98984,-37.15414,Victoria,Matt's Camp,camp_site,,,,,,
145.98095,-37.13855,Victoria,Tim's Camp,camp_site,,,,,,
145.97723,-37.13104,Victoria,Howdens Inlet 2,camp_site,,,,,,
145.97291,-37.12766,Victoria,Parsons Point,camp_site,,,,,,
145.95862,-37.12356,Victoria,Red Gum,camp_site,,,,,,
145.95396,-37.12387,Victoria,Yellow Box,camp_site,,,,,,
145.93998,-37.12256,Victoria,Mahogany,camp_site,,,,,,
145.93405,-37.12104,Victoria,Junction Camp,camp_site,,,,,,
145.92918,-37.12113,Victoria,Parkers Point,camp_site,,,,,,
145.90882,-37.12471,Victoria,Mads Pointer,camp_site,,,,,,
145.90884,-37.12736,Victoria,Hill View,camp_site,,,,,,
145.90769,-37.13082,Victoria,Dumbells 2,camp_site,,,,,,
145.90739,-37.13228,Victoria,Red Stringybark,camp_site,,,,,,
145.97655,-37.13266,Victoria,Howdens Inlet,camp_site,,,,,,
145.6157,-40.92923,,Boat Harbour Beach Holiday Park,caravan_site,,,,,,
143.15956,-38.69858,Victoria,,camp_site,,,,,,
146.56847,-37.14212,Victoria,,camp_site,,,,,,1
146.42271,-37.19541,Victoria,7 Mile Flat,camp_site,,,,,,
146.54285,-37.16679,Victoria,Bindaree Flat,camp_site,,,,,,
146.31533,-37.21708,Victoria,Tobacco Flat Camping Area,camp_site,,,,,,
150.68563,-34.55531,New South Wales,Dugout terrace,camp_site,,,,,,
151.41975,-32.96704,New South Wales,Corys Fall,camp_site,free,,,,,
145.93506,-35.97244,Victoria,Campsite,camp_site,,,,,,
146.35384,-37.30299,Victoria,Mitchells Flat Camping Area,camp_site,,,,,,
146.83255,-37.20819,Victoria,The Elms Camping Area,camp_site,,,,,,
146.83101,-37.21129,Victoria,Conglomerate Creek Camping Area,camp_site,,,,,,
153.03488,-26.11671,Queensland,Upper Noosa River Campsite 8,camp_site,paid,,,,,
153.03431,-26.10115,Queensland,Upper Noosa River Campsite 13,camp_site,paid,,,,,
153.03085,-26.11517,Queensland,Upper Noosa River Campsite 9,camp_site,paid,,,,,
153.03324,-26.08709,Queensland,Upper Noosa River Campsite 15,camp_site,paid,,,,,
127.01459,-31.89568,Western Australia,Madura Pass Camprground,camp_site,free,,,,,
149.8274,-33.71739,New South Wales,Campground free,camp_site,,,,,,
147.85789,-34.76135,New South Wales,Bethungra Community Campground,camp_site,paid,1,,,0,
149.85206,-33.38777,New South Wales,Old Camp Road,camp_site,,,,,,1
145.75167,-37.51409,Victoria,Campground for Self Contained Vehicles,caravan_site,,,,,,
140.51541,-31.98502,South Australia,Camp Site,camp_site,,,,,,
138.63483,-35.01068,South Australia,Unpowered camping - no cars,camp_site,,,,,,
152.00685,-32.17356,New South Wales,Wards Glen Camping Ground,camp_site,,,,,,
143.91028,-37.48642,Victoria,Chapel Flat,camp_site,,,,,,
118.63851,-20.3108,Western Australia,GDay - Discovery Parks Caravan Park - Port Hedland,camp_site,,,,,,
118.6389,-20.31118,Western Australia,Discovery Parks Port Hedland,caravan_site,,,,,,
153.3582,-28.49564,New South Wales,Sand Ridge Campground,camp_site,,,,,,1
153.34732,-28.56239,New South Wales,Yelgun Kyoomgun Campground,camp_site,,,,,,1
153.39533,-28.58822,New South Wales,Weeun Weeun Campground,camp_site,,,,,,1
146.57564,-34.28558,New South Wales,Commercial Hotel Freecamp,camp_site,,,,,,
146.9617,-34.32476,New South Wales,Beckom Park,camp_site,free,1,,,0,
147.38598,-34.1387,New South Wales,Barmedman Mineral Pool - north campsite,camp_site,paid,1,,0,1,
147.38636,-34.13993,New South Wales,Barmedman Mineral Pool - south campsite,camp_site,paid,1,,0,1,
147.79135,-34.00855,New South Wales,Quandialla (Showground) Free Camp,camp_site,,1,,1,1,
146.28845,-18.3315,Queensland,Nina Bay,camp_site,,,,,,
146.32525,-18.48491,,George Point campsite,camp_site,,,,,,
146.76319,-41.15068,Tasmania,Watermill Cottage Campground,camp_site,,,,,,
149.13076,-31.8209,New South Wales,Mendooran Showground,camp_site,paid,1,,1,1,
150.68453,-31.50822,New South Wales,Imperial Hotel Freecamping S/C only,camp_site,free,,,,,
147.10417,-35.95167,New South Wales,Bowna Rest Area,camp_site,,,,,,
148.06141,-35.82524,New South Wales,Henry Angel Flat,camp_site,free,1,,,0,
133.1959,-24.90531,Northern Territory,Desert Oaks Rest Area,camp_site,free,1,,,0,
133.49671,-21.96018,Northern Territory,Mount Stuart Reserve,camp_site,,0,,,0,
121.88386,-33.85661,Western Australia,Overflow campsite Esperance,camp_site,,,,,,
150.30935,-29.12348,New South Wales,Croppa Creek Recreation Ground / Bowling Club,camp_site,,1,,,1,
146.57835,-43.48486,Tasmania,,camp_site,,,,,,1
140.5121,-34.64213,South Australia,,camp_site,,,,,,
151.90354,-27.85331,Queensland,Nobby Campground / Nobby Town Park / Sister Kenny Park,camp_site,free,,,1,,
130.98109,-12.95539,Northern Territory,Rum Jungle Ridge,camp_site,,,,,,
151.26486,-33.2615,New South Wales,,camp_site,free,1,0,0,0,
147.52835,-34.44537,New South Wales,Free Camp Temora - S/C Only,camp_site,paid,1,,,0,
115.14341,-34.2972,Western Australia,Augusta Tracksite Campground,caravan_site,,,,,,
115.14341,-34.2972,Western Australia,Augusta Tracksite Campground,caravan_site,,,,,,
115.14341,-34.2972,Western Australia,Augusta Tracksite Campground,caravan_site,,,,,,
146.08616,-43.34222,,Joan Point Campsite,camp_site,,,,,,
146.02498,-43.45932,Tasmania,,camp_site,,,,,,
146.08953,-43.35034,Tasmania,,camp_site,,,,,,
149.22125,-33.71011,New South Wales,Neville Hotel Freecamp,camp_site,free,1,,0,,
116.18466,-32.94426,Western Australia,,camp_site,,,,,,
144.22646,-23.40827,Queensland,Muddy Duck Tourist Park,caravan_site,,1,1,1,,
146.08147,-43.33856,,,camp_site,,,,,,
152.54762,-28.47233,New South Wales,Crown Hotel Camping,camp_site,paid,,,,,
148.97099,-30.60841,New South Wales,Anzac Park Primitive Campground,camp_site,,1,,0,1,
146.46646,-38.52067,Victoria,Minne Ha Ha Falls Campground,camp_site,free,,,0,,
149.93569,-37.52025,,Lake Wau Wauka Campsite (new),camp_site,,,,,,
150.37798,-30.99376,New South Wales,Redbank Rest Area,camp_site,,1,,,0,
133.98829,-23.98237,Northern Territory,,camp_site,,,,,,
150.04565,-32.2422,New South Wales,,camp_site,,,,,,
144.38633,-37.48549,Victoria,Lerderderg Campground,camp_site,,,,,,
145.20365,-17.42814,Queensland,Bill Newburn Park Irvinebank camping area,camp_site,,,,,,
150.96344,-27.97984,Queensland,Gelsim Ranch,camp_site,,,,,,
146.02307,-18.98135,Queensland,Hidden Valley Cricket Ground,camp_site,paid,,,,,
148.99912,-20.30532,Queensland,Camp site 2 Dhula yamba (Tree camp),camp_site,,,,,,
149.03005,-20.30396,Queensland,Camp site 1 Bowarri yamba (Moon camp),camp_site,,,,,,
152.606,-28.38574,New South Wales,Woodenbong Showground Camping,camp_site,paid,,,,,
122.14923,-17.48361,,James Price Point Beach Campsite,camp_site,,,,,,
147.23504,-19.46166,Queensland,Barratta Creek camping area,camp_site,,,,,,
146.627,-37.51599,Victoria,12 Red Box Camp,camp_site,free,1,,,,
146.61265,-37.52982,Victoria,8 Muttonwood Camp,camp_site,free,1,,,,
152.67545,-26.38672,Queensland,Kandanga Bowling Club Campground,camp_site,,,,,,
152.97402,-26.57896,Queensland,Hidden Valley at Gro Mad Plantations,camp_site,,,,,,
148.99591,-31.327,New South Wales,Balor Hut Campground,camp_site,paid,1,,0,0,1
151.59808,-25.62919,Queensland,,camp_site,paid,,,,,
147.05718,-37.37453,Victoria,Bullock Flat Camping Area,camp_site,,,,,,
146.3607,-37.33942,Victoria,,camp_site,,,,,,
151.50148,-26.2289,Queensland,Proston Music Muster Free Camping - Only early August,camp_site,free,,,,,
153.16856,-28.16061,Queensland,Illinbah Bush Camp,camp_site,paid,0,0,0,0,1
146.6131,-37.52141,Victoria,9 Cockatoo Camp,camp_site,free,1,,,,
151.27173,-27.8847,Queensland,Millmerran Golf Course RV Free Camp,camp_site,,,,,,
145.32146,-16.24831,Queensland,Daintree RV Park,camp_site,,,,,,
146.21258,-37.28905,Victoria,Grannys Flat,camp_site,free,,,,,
153.1482,-30.31234,New South Wales,,camp_site,,,,,,
146.53563,-37.1061,Victoria,Clear Hills,camp_site,,,,,,
145.24121,-22.97198,Queensland,Aramac Hotel Camping,camp_site,paid,,,,,
147.50876,-32.35702,New South Wales,,camp_site,,,,,,
144.19984,-20.84824,Queensland,Flintstones Diner & Van Park,camp_site,,1,,1,1,
143.26649,-26.67007,Queensland,Eromanga Free Campground,camp_site,,,,,,
145.40591,-20.52097,Queensland,Pentland Campdraft Only,camp_site,paid,1,,,1,
146.63345,-19.87886,Queensland,Mingela Hotel Camping,camp_site,,1,,,,
146.68429,-19.92407,Queensland,Grass Hut Farm Stay,camp_site,,,,,,
145.8792,-38.7884,Victoria,,camp_site,,,,,,
148.12359,-21.35019,Queensland,Free RV Camping,camp_site,,1,,,0,
144.0854,-18.37204,Queensland,Jardine Campground,camp_site,,,,,,
144.0854,-18.37204,Queensland,Jardine Campground,camp_site,,,,,,
118.83663,-27.1825,Western Australia,Barlangi Rock campsite,camp_site,,,,,,
145.58816,-16.92331,Queensland,,camp_site,,,,,,
148.97659,-21.26269,Queensland,Eton Hotel (w/facilities),camp_site,paid,1,,,1,
148.97672,-21.26274,Queensland,Eton Hotel (no facilties),camp_site,,0,,,0,
148.93391,-21.77862,Queensland,Funnel Creek,camp_site,free,0,,,0,
149.03506,-23.04926,Queensland,Junee Rest Area,camp_site,free,1,0,,0,
150.11533,-24.09839,Queensland,Don River,camp_site,free,0,,,0,
145.68374,-17.56883,Queensland,Under The Bridge,camp_site,,,,,,
143.03826,-22.38933,Queensland,Royal Hotel Campground,caravan_site,,,,,,
143.04946,-22.38817,Queensland,Racecourse camp ground,caravan_site,,,,1,,
142.40564,-11.39509,Queensland,,camp_site,,,,,,
142.40648,-11.39428,Queensland,,camp_site,,,,,,
116.33004,-31.44831,Western Australia,,camp_site,,,,,,
116.33005,-31.44832,Western Australia,Blair witch camp,camp_site,,,,,,
142.72941,-21.98749,Queensland,Ayrshire Downs Station,camp_site,,,,,,
140.49701,-20.70501,Queensland,,camp_site,,,,,,
140.04799,-20.83706,Queensland,Corella Dam 2,camp_site,,,,,,
139.98084,-20.77999,Queensland,Mary Kathleen Canning Grounds,camp_site,,,,,,
141.90801,-11.95572,Queensland,Cullen Point campground,camp_site,,,,,,
141.85754,-36.04563,Victoria,Schulzes Beach Camping Area,camp_site,,,,,,
134.18311,-19.66033,Northern Territory,Jabaljarri Indigenous Art Gallery Campground,camp_site,,,,,,
153.05596,-25.47363,Queensland,Central Station Great Walk Campgroun,camp_site,,,,,,
134.21973,-20.18267,Northern Territory,Dillbury's,camp_site,,,,,,
153.42355,-27.81203,Queensland,The Anchorage,camp_site,,1,,1,1,
143.03025,-12.70642,Queensland,,camp_site,,,,,,
131.03482,-25.2188,Northern Territory,Teddy's Overnighter,camp_site,,,,,,
144.60666,-14.58307,Queensland,Hornet’s free camp,camp_site,,,,,,
145.32755,-14.95674,Queensland,,camp_site,,,,,,
145.32755,-14.95674,Queensland,,camp_site,,,,,,
145.32819,-14.9567,Queensland,,camp_site,,,,,,
145.33388,-14.955,Queensland,,camp_site,,,,,,
145.32211,-14.95603,Queensland,,camp_site,,,,,,
145.32489,-14.95661,Queensland,,camp_site,,,,,,
145.32678,-14.95679,Queensland,,camp_site,,,,,,
140.85802,-18.16133,Queensland,North of Flinders River,camp_site,,,,,,
143.95582,-35.505,Victoria,Miss Keats Picnic Park,camp_site,,,,,,
130.96287,-12.77968,Northern Territory,Darwin River Tavern,camp_site,,,,,,
132.7553,-12.76768,Northern Territory,Malabanjbanjdju Caravan Camping Area,camp_site,,,,,,
152.43183,-28.14279,Queensland,Mount Huntley Remote Bush Camp,camp_site,,,,,,1
152.43875,-28.16017,Queensland,Panorama Point Remote Bush Camp,camp_site,,,,,,1
152.41178,-28.11431,Queensland,Spicers/Double Top remote camping zone,camp_site,,,,,,1
152.44569,-28.16342,Queensland,Lower Panorama Point Remote Bush Camp,camp_site,,,,,,1
152.45091,-28.19035,Queensland,Mount Steamers Saddle Remote Bush Camp,camp_site,,,,,,1
127.53648,-20.18164,Western Australia,Handover Campsite,camp_site,,,,,,
115.06793,-34.1778,Western Australia,Boranup Campground,camp_site,paid,,,,,
147.20368,-37.54133,Victoria,Castleburn Creek,camp_site,free,,,,,
141.99318,-37.24976,Victoria,Brodies Campground,camp_site,,,,,,
149.7124,-23.52879,Queensland,McKenzie river,camp_site,,,,,,
133.09019,-15.03385,Northern Territory,Elsey freedom camping,camp_site,free,0,0,0,0,
144.69947,-36.36019,Victoria,RV Stop (SC only),camp_site,,,,,,
152.95027,-28.96978,New South Wales,Sylva Lagoons Campground,camp_site,paid,1,,,1,
141.91338,-34.10478,New South Wales,,camp_site,free,0,0,0,0,
148.89229,-37.18175,Victoria,Wilson's Hut Campground,camp_site,free,1,,,,
145.56021,-42.07678,Tasmania,,camp_site,paid,,0,,,
142.34343,-32.47361,New South Wales,Kinchega Cabins & Campsite,camp_site,,,,,,
142.37162,-32.45997,New South Wales,,camp_site,,,,,,
138.82401,-32.97398,South Australia,Peterborough RV Park (SC only),camp_site,,,,,,
132.75523,-12.76768,Northern Territory,Caravan Camping Area,camp_site,,1,,,,
135.31741,-30.91419,South Australia,"Kingoonya Caravan Park, Cafe & Fuel",caravan_site,,,,,,
146.43053,-38.40594,Victoria,Jumbuk Park,camp_site,,,,,,
146.38565,-38.32428,Victoria,Billys Creek - Churchill Camping Area 1,camp_site,,,,,,
146.38053,-41.18518,Tasmania,,camp_site,paid,0,,0,0,
130.83127,-25.37353,Northern Territory,Talliwanu,camp_site,paid,,,,,
130.67975,-25.36798,Northern Territory,Tjakura,camp_site,paid,,,,,
141.38499,-35.76628,Victoria,Stockmans campground,camp_site,,,,,,
145.28957,-40.76403,Tasmania,Stanley Recreation RV site,camp_site,paid,,,,,
143.47182,-37.08803,Victoria,,camp_site,,,,,,
148.24517,-42.09611,Tasmania,“Fairways” Self Contained RV & Caravan Park,camp_site,paid,,,,,
147.79428,-28.97264,Queensland,Hebel Hotel Freecamp,camp_site,free,1,,0,1,
145.805,-28.30366,Queensland,Francvillers Station Bush Camping,camp_site,,,,,,
147.45794,-29.11071,New South Wales,Goodooga Great Artesian Baths,camp_site,free,1,,0,1,
147.91112,-42.73708,Tasmania,,camp_site,free,,,,,
147.90418,-42.743,Tasmania,,camp_site,free,,,,,
118.27692,-34.36098,Western Australia,Eucalyptus Col,camp_site,free,,,,,
118.32055,-34.35882,Western Australia,,camp_site,,,,,,1
118.33813,-34.35004,Western Australia,,camp_site,,,,,,1
118.28477,-34.3646,Western Australia,,camp_site,,,,,,1
118.33405,-34.35561,Western Australia,,camp_site,,,,,,1
143.24262,-37.18263,Victoria,,camp_site,paid,1,,1,,
