postcode,state,lon,lat,remoteness,campervans,fleet_total,per_10k_fleet
0800,NT,130.83668,-12.45868,,11,7817,14.1
0810,NT,130.86849,-12.3798,,21,24447,8.6
0812,NT,130.91519,-12.39642,,6,12697,4.7
0820,NT,130.87334,-12.42711,,17,25581,6.6
0822,NT,130.62946,-11.76997,,13,8565,15.2
0828,NT,130.93207,-12.43202,,3,6396,4.7
0829,NT,130.95977,-12.45763,,3,2667,11.2
0830,NT,130.97335,-12.47928,,12,13207,9.1
0832,NT,130.97746,-12.50343,,7,13338,5.2
0834,NT,131.02349,-12.54686,,3,1868,16.1
0835,Qld,131.02299,-12.47608,,3,3300,9.1
0836,NT,131.10804,-12.55604,,11,8379,13.1
0838,NT,131.00673,-12.71878,,0,972,0.0
0839,NT,131.0402,-12.52001,,0,376,0.0
0840,NT,130.43857,-12.73458,,0,526,0.0
0841,NT,130.96986,-12.81923,,3,726,41.3
0850,Vic,132.28591,-14.40915,,3,7025,4.3
0852,NT,130.89873,-16.4311,,3,1744,17.2
0860,NT,134.1736,-19.6413,,6,1709,35.1
0870,NT,133.86486,-23.70222,,23,17779,12.9
0871,Qld,131.29881,-21.94951,,3,19,1578.9
0872,NT,131.06949,-23.05255,,3,2215,13.5
0873,Vic,133.90501,-23.74471,,0,1769,0.0
0875,NT,133.8333,-23.69689,,3,1382,21.7
0880,Qld,136.60613,-12.06062,,0,3005,0.0
1495,SA,151.12394,-34.04693,,3,3,10000.0
2000,NSW,151.25053,-33.86002,Major Cities of Australia,62,44826,13.8
2007,NSW,151.19665,-33.88319,Major Cities of Australia,14,2637,53.1
2008,NSW,151.19386,-33.89115,Major Cities of Australia,17,2812,60.5
2009,NSW,151.19305,-33.87122,Major Cities of Australia,22,7106,31.0
2010,NSW,151.21226,-33.88412,Major Cities of Australia,44,11645,37.8
2011,NSW,151.22163,-33.8736,Major Cities of Australia,25,8189,30.5
2015,NSW,151.19483,-33.91011,Major Cities of Australia,16,13822,11.6
2016,NSW,151.20621,-33.89491,Major Cities of Australia,23,6304,36.5
2017,NSW,151.20621,-33.90269,Major Cities of Australia,36,13026,27.6
2018,NSW,151.2027,-33.9233,Major Cities of Australia,18,10644,16.9
2019,NSW,151.20729,-33.94692,Major Cities of Australia,166,13393,123.9
2020,NSW,151.18116,-33.93493,Major Cities of Australia,47,31564,14.9
2021,NSW,151.22724,-33.8957,Major Cities of Australia,14,8244,17.0
2022,NSW,151.24505,-33.8964,Major Cities of Australia,24,8271,29.0
2023,NSW,151.25591,-33.88468,Major Cities of Australia,7,6639,10.5
2024,NSW,151.25939,-33.90441,Major Cities of Australia,14,6729,20.8
2025,NSW,151.24051,-33.88871,Major Cities of Australia,7,4305,16.3
2026,NSW,151.26897,-33.89104,Major Cities of Australia,72,18612,38.7
2027,NSW,151.25049,-33.86897,Major Cities of Australia,7,5059,13.8
2028,NSW,151.24096,-33.87841,Major Cities of Australia,5,3277,15.3
2029,NSW,151.26699,-33.87571,Major Cities of Australia,11,6444,17.1
2030,NSW,151.27598,-33.85838,Major Cities of Australia,9,10171,8.8
2031,NSW,151.23973,-33.91451,Major Cities of Australia,45,18637,24.1
2032,NSW,151.22394,-33.93031,Major Cities of Australia,20,6831,29.3
2033,NSW,151.21843,-33.91139,Major Cities of Australia,22,5575,39.5
2034,NSW,151.25217,-33.9291,Major Cities of Australia,29,11929,24.3
2035,NSW,151.24129,-33.94564,Major Cities of Australia,76,21828,34.8
2036,NSW,151.23784,-33.96962,Major Cities of Australia,88,23026,38.2
2037,NSW,151.18446,-33.88018,Major Cities of Australia,28,8500,32.9
2038,NSW,151.17016,-33.88162,Major Cities of Australia,12,5561,21.6
2039,NSW,151.17192,-33.86719,Major Cities of Australia,12,6268,19.1
2040,NSW,151.15682,-33.87877,Major Cities of Australia,42,15269,27.5
2041,NSW,151.18009,-33.85856,Major Cities of Australia,39,9694,40.2
2042,NSW,151.17535,-33.90065,Major Cities of Australia,46,8304,55.4
2043,NSW,151.18466,-33.90352,Major Cities of Australia,15,4300,34.9
2044,NSW,151.1723,-33.9204,Major Cities of Australia,33,6195,53.3
2045,NSW,151.13868,-33.8793,Major Cities of Australia,9,4591,19.6
2046,NSW,151.13386,-33.86604,Major Cities of Australia,47,20030,23.5
2047,NSW,151.16574,-33.85392,Major Cities of Australia,28,8044,34.8
2048,NSW,151.16564,-33.89418,Major Cities of Australia,19,4182,45.4
2049,NSW,151.15085,-33.89722,Major Cities of Australia,21,7278,28.9
2050,NSW,151.17598,-33.89037,Major Cities of Australia,7,4348,16.1
2060,NSW,151.20456,-33.83986,Major Cities of Australia,20,13304,15.0
2061,NSW,151.21237,-33.84878,Major Cities of Australia,6,3456,17.4
2062,NSW,151.21246,-33.82284,Major Cities of Australia,7,4401,15.9
2063,NSW,151.2148,-33.81264,Major Cities of Australia,7,4200,16.7
2064,NSW,151.1838,-33.81321,Major Cities of Australia,16,9763,16.4
2065,NSW,151.19381,-33.82808,Major Cities of Australia,41,29103,14.1
2066,NSW,151.16091,-33.81864,Major Cities of Australia,41,22411,18.3
2067,NSW,151.17711,-33.79838,Major Cities of Australia,50,17944,27.9
2068,NSW,151.20242,-33.79983,Major Cities of Australia,25,11299,22.1
2069,NSW,151.19537,-33.78025,Major Cities of Australia,23,9674,23.8
2070,NSW,151.16201,-33.78042,Major Cities of Australia,26,9430,27.6
2071,NSW,151.1766,-33.7586,Major Cities of Australia,22,8779,25.1
2072,NSW,151.15318,-33.75458,Major Cities of Australia,17,5754,29.5
2073,NSW,151.13028,-33.7573,Major Cities of Australia,10,15321,6.5
2074,NSW,151.12372,-33.73522,Major Cities of Australia,28,15950,17.6
2075,NSW,151.16729,-33.72369,Major Cities of Australia,38,14913,25.5
2076,NSW,151.11587,-33.71475,Major Cities of Australia,52,16558,31.4
2077,NSW,151.09751,-33.69192,Major Cities of Australia,86,25604,33.6
2079,NSW,151.11268,-33.66664,Major Cities of Australia,16,5774,27.7
2080,NSW,151.14356,-33.65817,Major Cities of Australia,8,1797,44.5
2081,NSW,151.1505,-33.61976,Inner Regional Australia,16,3997,40.0
2082,NSW,151.15889,-33.55664,Inner Regional Australia,18,4040,44.6
2083,NSW,151.19411,-33.5232,Inner Regional Australia,9,1334,67.5
2084,NSW,151.21693,-33.651,Major Cities of Australia,26,4337,59.9
2085,NSW,151.21172,-33.72878,Major Cities of Australia,23,9474,24.3
2086,NSW,151.22921,-33.75185,Major Cities of Australia,44,11207,39.3
2087,NSW,151.21053,-33.76609,Major Cities of Australia,25,9232,27.1
2088,NSW,151.24335,-33.83069,Major Cities of Australia,49,19548,25.1
2089,NSW,151.21885,-33.83918,Major Cities of Australia,11,6964,15.8
2090,NSW,151.22309,-33.82895,Major Cities of Australia,22,8371,26.3
2092,NSW,151.24181,-33.79664,Major Cities of Australia,14,5148,27.2
2093,NSW,151.25807,-33.79315,Major Cities of Australia,54,16361,33.0
2094,NSW,151.27324,-33.79523,Major Cities of Australia,20,3996,50.1
2095,NSW,151.29468,-33.81548,Major Cities of Australia,73,10347,70.6
2096,NSW,151.28493,-33.77636,Major Cities of Australia,67,10444,64.2
2097,NSW,151.2967,-33.73803,Major Cities of Australia,59,11540,51.1
2099,NSW,151.28,-33.74891,Major Cities of Australia,134,30367,44.1
2100,NSW,151.25778,-33.76641,Major Cities of Australia,92,20413,45.1
2101,NSW,151.27114,-33.70712,Major Cities of Australia,114,15697,72.6
2102,NSW,151.2943,-33.69129,Major Cities of Australia,35,7168,48.8
2103,NSW,151.30283,-33.67934,Major Cities of Australia,55,9688,56.8
2104,NSW,151.29092,-33.66492,Major Cities of Australia,19,3260,58.3
2105,NSW,151.27847,-33.63943,Inner Regional Australia,22,1716,128.2
2106,NSW,151.3146,-33.66071,Major Cities of Australia,50,8027,62.3
2107,NSW,151.32329,-33.63482,Major Cities of Australia,93,12736,73.0
2108,NSW,151.32276,-33.60382,Inner Regional Australia,5,1619,30.9
2110,NSW,151.14913,-33.8361,Major Cities of Australia,11,6816,16.1
2111,NSW,151.12449,-33.82995,Major Cities of Australia,33,11687,28.2
2112,NSW,151.10845,-33.81658,Major Cities of Australia,63,24185,26.0
2113,NSW,151.13023,-33.79419,Major Cities of Australia,34,27777,12.2
2114,NSW,151.08418,-33.81099,Major Cities of Australia,42,15995,26.3
2115,NSW,151.05984,-33.81311,Major Cities of Australia,27,8403,32.1
2116,NSW,151.03694,-33.81437,Major Cities of Australia,23,9743,23.6
2117,NSW,151.04218,-33.79713,Major Cities of Australia,83,14404,57.6
2118,NSW,151.04352,-33.7756,Major Cities of Australia,78,17929,43.5
2119,NSW,151.06418,-33.7555,Major Cities of Australia,24,8176,29.4
2120,NSW,151.07359,-33.7311,Major Cities of Australia,41,15487,26.5
2121,NSW,151.07992,-33.77414,Major Cities of Australia,67,19803,33.8
2122,NSW,151.09207,-33.79136,Major Cities of Australia,51,18542,27.5
2125,NSW,151.03181,-33.75265,Major Cities of Australia,38,12542,30.3
2126,NSW,151.04394,-33.7249,Major Cities of Australia,40,12485,32.0
2127,NSW,151.07461,-33.84324,Major Cities of Australia,37,18282,20.2
2128,NSW,151.04759,-33.83593,Major Cities of Australia,19,5898,32.2
2130,NSW,151.13588,-33.89278,Major Cities of Australia,8,3992,20.0
2131,NSW,151.12401,-33.8876,Major Cities of Australia,51,11436,44.6
2132,NSW,151.11338,-33.88242,Major Cities of Australia,17,6649,25.6
2133,NSW,151.10209,-33.89879,Major Cities of Australia,23,7208,31.9
2134,NSW,151.10176,-33.88005,Major Cities of Australia,48,11802,40.7
2135,NSW,151.08476,-33.88101,Major Cities of Australia,44,13944,31.6
2136,NSW,151.08774,-33.89294,Major Cities of Australia,20,7057,28.3
2137,NSW,151.10375,-33.85749,Major Cities of Australia,45,24113,18.7
2138,NSW,151.08653,-33.8445,Major Cities of Australia,23,11325,20.3
2140,NSW,151.07085,-33.83502,Major Cities of Australia,42,15804,26.6
2141,NSW,151.04477,-33.87248,Major Cities of Australia,110,24254,45.4
2142,NSW,151.01553,-33.83637,Major Cities of Australia,97,19786,49.0
2143,NSW,151.02345,-33.88546,Major Cities of Australia,40,7949,50.3
2144,NSW,151.02676,-33.85187,Major Cities of Australia,168,26898,62.5
2145,NSW,150.95939,-33.81096,Major Cities of Australia,170,56184,30.3
2146,NSW,150.95951,-33.78937,Major Cities of Australia,51,12062,42.3
2147,NSW,150.93584,-33.76608,Major Cities of Australia,123,31003,39.7
2148,NSW,150.90055,-33.78375,Major Cities of Australia,219,50759,43.1
2150,NSW,151.00651,-33.81446,Major Cities of Australia,55,24064,22.9
2151,NSW,151.01251,-33.78709,Major Cities of Australia,45,15117,29.8
2152,NSW,150.99639,-33.7825,Major Cities of Australia,29,7919,36.6
2153,NSW,150.96333,-33.73704,Major Cities of Australia,135,47786,28.3
2154,NSW,151.00095,-33.73238,Major Cities of Australia,97,31515,30.8
2155,NSW,150.93546,-33.72226,Major Cities of Australia,136,53390,25.5
2156,NSW,150.97453,-33.65698,Inner Regional Australia,59,12616,46.8
2157,NSW,150.99105,-33.60217,Inner Regional Australia,22,4174,52.7
2158,NSW,151.03727,-33.6883,Inner Regional Australia,34,8296,41.0
2159,NSW,151.08415,-33.53915,Inner Regional Australia,15,5021,29.9
2160,NSW,150.97659,-33.83588,Major Cities of Australia,92,25471,36.1
2161,NSW,150.98372,-33.85833,Major Cities of Australia,111,26035,42.6
2162,NSW,151.00413,-33.88349,Major Cities of Australia,84,13815,60.8
2163,NSW,150.97946,-33.8872,Major Cities of Australia,52,7513,69.2
2164,NSW,150.88062,-33.84472,Major Cities of Australia,89,28286,31.5
2165,NSW,150.9475,-33.87244,Major Cities of Australia,174,28053,62.0
2166,NSW,150.92937,-33.89274,Major Cities of Australia,249,34945,71.3
2167,NSW,150.89044,-33.97217,Major Cities of Australia,25,6208,40.3
2168,NSW,150.87535,-33.91594,Major Cities of Australia,214,28764,74.4
2170,NSW,150.92311,-33.929,Major Cities of Australia,455,93579,48.6
2171,NSW,150.90954,-33.93807,Major Cities of Australia,125,29170,42.9
2172,NSW,150.91744,-33.95111,Major Cities of Australia,8,1963,40.8
2173,NSW,150.91955,-34.07424,Inner Regional Australia,28,9253,30.3
2174,NSW,150.85671,-33.9775,Major Cities of Australia,34,8860,38.4
2175,NSW,150.84819,-33.84503,Major Cities of Australia,9,2397,37.5
2176,NSW,150.88526,-33.87201,Major Cities of Australia,161,35076,45.9
2177,NSW,150.88175,-33.89297,Major Cities of Australia,81,11287,71.8
2178,NSW,150.83822,-33.87478,Major Cities of Australia,17,3968,42.8
2179,NSW,150.81203,-33.93311,Major Cities of Australia,63,19792,31.8
2190,NSW,151.05181,-33.8986,Major Cities of Australia,121,26992,44.8
2191,NSW,151.08551,-33.9068,Major Cities of Australia,7,3987,17.6
2192,NSW,151.08966,-33.92102,Major Cities of Australia,45,9471,47.5
2193,NSW,151.12086,-33.91031,Major Cities of Australia,51,11047,46.2
2194,NSW,151.10178,-33.9176,Major Cities of Australia,137,14326,95.6
2195,NSW,151.07696,-33.92302,Major Cities of Australia,100,14950,66.9
2196,NSW,151.0578,-33.93009,Major Cities of Australia,110,23227,47.4
2197,NSW,150.99815,-33.9012,Major Cities of Australia,37,6805,54.4
2198,NSW,150.98628,-33.90879,Major Cities of Australia,34,6808,49.9
2199,NSW,151.02317,-33.90559,Major Cities of Australia,98,13164,74.4
2200,NSW,151.01165,-33.92607,Major Cities of Australia,212,33433,63.4
2203,NSW,151.139,-33.90441,Major Cities of Australia,19,7909,24.0
2204,NSW,151.15554,-33.91229,Major Cities of Australia,48,16369,29.3
2205,NSW,151.14796,-33.93755,Major Cities of Australia,55,14444,38.1
2206,NSW,151.12288,-33.92606,Major Cities of Australia,48,13483,35.6
2207,NSW,151.11952,-33.94874,Major Cities of Australia,62,18622,33.3
2208,NSW,151.098,-33.94263,Major Cities of Australia,33,10559,31.3
2209,NSW,151.0753,-33.94913,Major Cities of Australia,51,10381,49.1
2210,NSW,151.05181,-33.95926,Major Cities of Australia,99,24283,40.8
2211,NSW,151.03221,-33.96137,Major Cities of Australia,59,13818,42.7
2212,NSW,151.01455,-33.94729,Major Cities of Australia,52,13737,37.9
2213,NSW,150.99784,-33.9641,Major Cities of Australia,63,16390,38.4
2214,NSW,150.98159,-33.94144,Major Cities of Australia,18,4324,41.6
2216,NSW,151.14714,-33.9556,Major Cities of Australia,71,17755,40.0
2217,NSW,151.14034,-33.97435,Major Cities of Australia,56,18373,30.5
2218,NSW,151.11745,-33.97316,Major Cities of Australia,31,9550,32.5
2219,NSW,151.1325,-33.99659,Major Cities of Australia,37,10108,36.6
2220,NSW,151.10176,-33.96669,Major Cities of Australia,78,18924,41.2
2221,NSW,151.10599,-33.99216,Major Cities of Australia,52,12318,42.2
2222,NSW,151.08477,-33.96471,Major Cities of Australia,30,6900,43.5
2223,NSW,151.07184,-33.98026,Major Cities of Australia,54,14479,37.3
2224,NSW,151.10189,-34.01362,Major Cities of Australia,33,11392,29.0
2225,NSW,151.08789,-33.99744,Major Cities of Australia,23,4121,55.8
2226,NSW,151.06381,-34.00935,Major Cities of Australia,44,8772,50.2
2227,NSW,151.085,-34.04984,Major Cities of Australia,41,10919,37.5
2228,NSW,151.10156,-34.03769,Major Cities of Australia,55,15408,35.7
2229,NSW,151.12003,-34.05496,Major Cities of Australia,129,30223,42.7
2230,NSW,151.1411,-34.08368,Inner Regional Australia,172,23992,71.7
2231,NSW,151.19349,-34.02993,Major Cities of Australia,23,2530,90.9
2232,NSW,151.07521,-34.08162,Inner Regional Australia,104,28459,36.5
2233,NSW,151.02792,-34.11463,Inner Regional Australia,94,22553,41.7
2234,NSW,151.00441,-34.02194,Inner Regional Australia,90,24599,36.6
2250,NSW,151.19298,-33.32806,Inner Regional Australia,311,63495,49.0
2251,NSW,151.402,-33.48221,Major Cities of Australia,207,27069,76.5
2256,NSW,151.33115,-33.48212,Inner Regional Australia,99,11468,86.3
2257,NSW,151.3744,-33.52036,Major Cities of Australia,180,22794,79.0
2258,NSW,151.3433,-33.33319,Inner Regional Australia,32,4948,64.7
2259,NSW,151.39767,-33.20866,Inner Regional Australia,435,59063,73.7
2260,NSW,151.43694,-33.42537,Major Cities of Australia,135,20864,64.7
2261,NSW,151.52073,-33.31479,Major Cities of Australia,346,43979,78.7
2262,NSW,151.53828,-33.20696,Major Cities of Australia,133,16916,78.6
2263,NSW,151.55622,-33.2851,Major Cities of Australia,158,19172,82.4
2264,NSW,151.53381,-33.10668,Inner Regional Australia,167,15079,110.8
2265,NSW,151.41212,-33.09555,Inner Regional Australia,67,7535,88.9
2267,NSW,151.59173,-33.08655,Major Cities of Australia,44,2616,168.2
2278,NSW,151.59042,-32.93241,Major Cities of Australia,20,2622,76.3
2280,NSW,151.66317,-33.01971,Major Cities of Australia,179,22323,80.2
2281,NSW,151.66227,-33.09469,Inner Regional Australia,168,13063,128.6
2282,NSW,151.65127,-32.98728,Major Cities of Australia,119,14089,84.5
2283,NSW,151.57181,-33.01912,Major Cities of Australia,231,21262,108.6
2284,NSW,151.62118,-32.95324,Major Cities of Australia,92,11835,77.7
2285,NSW,151.65109,-32.9333,Major Cities of Australia,156,30859,50.6
2286,NSW,151.53267,-32.92332,Major Cities of Australia,31,4306,72.0
2287,NSW,151.65896,-32.89354,Major Cities of Australia,188,31634,59.4
2289,NSW,151.71008,-32.94857,Major Cities of Australia,85,15612,54.4
2290,NSW,151.7078,-32.98396,Major Cities of Australia,214,29367,72.9
2291,NSW,151.74288,-32.95104,Major Cities of Australia,82,11031,74.3
2292,NSW,151.74072,-32.93159,Major Cities of Australia,16,3767,42.5
2293,NSW,151.7547,-32.91778,Major Cities of Australia,24,3502,68.5
2294,NSW,151.76741,-32.91579,Major Cities of Australia,21,2002,104.9
2295,NSW,151.80174,-32.87947,Major Cities of Australia,63,6265,100.6
2296,NSW,151.74624,-32.9157,Major Cities of Australia,11,2006,54.8
2297,NSW,151.75013,-32.90913,Major Cities of Australia,14,1731,80.9
2298,NSW,151.72224,-32.90563,Major Cities of Australia,44,6942,63.4
2299,NSW,151.70115,-32.90814,Major Cities of Australia,48,8825,54.4
2300,NSW,151.77802,-32.93163,Major Cities of Australia,83,10850,76.5
2302,NSW,151.75247,-32.93127,Major Cities of Australia,7,1300,53.8
2303,NSW,151.74449,-32.92398,Major Cities of Australia,60,8577,70.0
2304,NSW,151.73862,-32.88032,Major Cities of Australia,73,14492,50.4
2305,NSW,151.70655,-32.93022,Major Cities of Australia,56,11128,50.3
2306,NSW,151.68252,-32.99329,Major Cities of Australia,7,1894,37.0
2307,NSW,151.6881,-32.88365,Major Cities of Australia,19,3517,54.0
2311,NSW,151.51738,-32.32731,Outer Regional Australia,6,1077,55.7
2312,NSW,152.35153,-32.14749,Inner Regional Australia,11,1621,67.9
2315,NSW,152.1937,-32.74622,Inner Regional Australia,122,12806,95.3
2316,NSW,152.08327,-32.77692,Inner Regional Australia,60,6431,93.3
2317,NSW,152.0764,-32.72094,Inner Regional Australia,64,5863,109.2
2318,NSW,151.8519,-32.76991,Inner Regional Australia,112,13727,81.6
2319,NSW,152.02728,-32.73806,Inner Regional Australia,74,5945,124.5
2320,NSW,151.54367,-32.74174,Inner Regional Australia,178,38013,46.8
2321,NSW,151.6837,-32.66019,Inner Regional Australia,115,19933,57.7
2322,NSW,151.65243,-32.81331,Inner Regional Australia,100,27003,37.0
2323,NSW,151.59825,-32.76693,Inner Regional Australia,131,21907,59.8
2324,NSW,152.31118,-32.62676,Inner Regional Australia,228,23490,97.1
2325,NSW,151.26998,-32.98014,Outer Regional Australia,153,27321,56.0
2326,NSW,151.45315,-32.78521,Inner Regional Australia,56,7270,77.0
2327,NSW,151.48621,-32.82069,Major Cities of Australia,41,7006,58.5
2328,NSW,150.56482,-32.57693,Outer Regional Australia,14,2359,59.3
2329,NSW,150.18752,-32.0475,Outer Regional Australia,9,2250,40.0
2330,NSW,150.9825,-32.7566,Outer Regional Australia,97,23926,40.5
2333,NSW,150.70195,-32.24857,Outer Regional Australia,64,14872,43.0
2334,NSW,151.38545,-32.72846,Inner Regional Australia,13,3328,39.1
2335,NSW,151.32394,-32.6434,Inner Regional Australia,52,9627,54.0
2336,NSW,151.10292,-32.14622,Outer Regional Australia,12,2542,47.2
2337,NSW,151.07227,-31.96173,Outer Regional Australia,24,8174,29.4
2338,NSW,151.02916,-31.73517,Outer Regional Australia,15,1386,108.2
2339,NSW,150.60327,-31.73574,Outer Regional Australia,6,967,62.0
2340,NSW,151.13373,-31.33824,Outer Regional Australia,218,48070,45.4
2341,NSW,150.61105,-31.34664,Outer Regional Australia,9,1325,67.9
2342,NSW,150.54907,-31.15522,Outer Regional Australia,3,564,53.2
2343,NSW,150.14914,-31.66546,Outer Regional Australia,27,5128,52.7
2344,NSW,150.72957,-31.17375,Outer Regional Australia,0,798,0.0
2345,NSW,150.87503,-30.86434,Outer Regional Australia,7,756,92.6
2346,NSW,150.71013,-30.65315,Outer Regional Australia,19,2969,64.0
2347,NSW,150.53641,-30.27804,Outer Regional Australia,14,1860,75.3
2350,NSW,151.88722,-30.48384,Outer Regional Australia,86,21662,39.7
2352,NSW,151.24619,-31.08812,Outer Regional Australia,18,2739,65.7
2353,NSW,151.09561,-30.97362,Outer Regional Australia,6,1164,51.5
2354,NSW,151.73416,-31.12765,Outer Regional Australia,14,3900,35.9
2355,NSW,151.15422,-30.77523,Outer Regional Australia,5,764,65.4
2357,NSW,149.31196,-31.28498,Outer Regional Australia,24,3998,60.0
2358,NSW,151.29752,-30.5403,Outer Regional Australia,18,3799,47.4
2359,NSW,150.99927,-30.20194,Outer Regional Australia,7,795,88.1
2360,NSW,151.16853,-29.64232,Outer Regional Australia,65,13356,48.7
2361,NSW,151.14175,-29.19849,Outer Regional Australia,8,868,92.2
2365,NSW,151.67303,-30.11591,Outer Regional Australia,20,3668,54.5
2369,NSW,151.26508,-29.98537,Outer Regional Australia,7,831,84.2
2370,NSW,151.83947,-29.73853,Outer Regional Australia,56,7326,76.4
2371,NSW,151.81468,-29.36625,Outer Regional Australia,13,1232,105.5
2372,NSW,151.98283,-29.05632,Outer Regional Australia,42,4624,90.8
2379,NSW,149.70214,-31.1674,Outer Regional Australia,3,380,78.9
2380,NSW,150.19915,-31.04612,Outer Regional Australia,38,10695,35.5
2381,NSW,150.4579,-31.24417,Outer Regional Australia,4,1395,28.7
2382,NSW,150.17806,-30.59504,Outer Regional Australia,3,1497,20.0
2386,NSW,148.99968,-30.05653,Remote Australia,4,412,97.1
2387,NSW,149.00966,-29.7768,Remote Australia,0,290,0.0
2388,NSW,149.00154,-30.42733,Remote Australia,3,2688,11.2
2390,NSW,149.85175,-30.34066,Outer Regional Australia,30,8242,36.4
2395,NSW,149.45351,-31.57152,Outer Regional Australia,4,751,53.3
2396,NSW,148.98556,-30.86629,Remote Australia,6,848,70.8
2399,NSW,150.22266,-29.40932,Outer Regional Australia,0,682,0.0
2400,NSW,149.46215,-29.47492,Remote Australia,16,8584,18.6
2401,NSW,150.33162,-29.6119,Outer Regional Australia,3,302,99.3
2402,NSW,150.54755,-29.44182,Outer Regional Australia,12,1731,69.3
2403,NSW,150.78662,-29.58893,Outer Regional Australia,3,702,42.7
2404,NSW,150.48943,-29.86526,Outer Regional Australia,16,1873,85.4
2406,NSW,148.8074,-28.92363,Remote Australia,6,701,85.6
2408,NSW,150.49221,-29.05462,Outer Regional Australia,3,311,96.5
2409,Qld,150.36869,-28.73427,Outer Regional Australia,3,283,106.0
2410,NSW,150.71554,-28.80309,Outer Regional Australia,3,214,140.2
2415,NSW,151.85957,-32.27807,Outer Regional Australia,0,458,0.0
2420,NSW,151.69306,-32.27795,Outer Regional Australia,31,4178,74.2
2421,NSW,151.53311,-32.58285,Inner Regional Australia,10,2194,45.6
2422,NSW,151.86128,-31.96114,Outer Regional Australia,70,5893,118.8
2423,NSW,152.2906,-32.38255,Inner Regional Australia,56,3699,151.4
2424,NSW,151.99213,-31.64836,Outer Regional Australia,3,531,56.5
2425,NSW,152.00245,-32.4176,Inner Regional Australia,10,2163,46.2
2426,NSW,152.59534,-31.81793,Inner Regional Australia,4,803,49.8
2427,NSW,152.68658,-31.84232,Inner Regional Australia,49,3377,145.1
2428,NSW,152.45342,-32.20628,Inner Regional Australia,306,22880,133.7
2429,NSW,152.28376,-31.77288,Outer Regional Australia,79,9858,80.1
2430,NSW,152.41958,-31.89408,Inner Regional Australia,355,33964,104.5
2431,NSW,153.05379,-30.92523,Inner Regional Australia,59,5260,112.2
2439,NSW,152.66618,-31.64156,Inner Regional Australia,51,4039,126.3
2440,NSW,153.01536,-30.38924,Outer Regional Australia,200,21155,94.5
2441,NSW,152.80244,-30.86029,Outer Regional Australia,61,5211,117.1
2443,NSW,152.74634,-31.72918,Inner Regional Australia,106,8379,126.5
2444,NSW,152.87253,-31.43961,Inner Regional Australia,392,46569,84.2
2445,NSW,152.81181,-31.58492,Inner Regional Australia,82,7105,115.4
2446,NSW,152.46039,-31.38616,Outer Regional Australia,127,15138,83.9
2447,NSW,152.76676,-30.76468,Outer Regional Australia,69,8083,85.4
2448,NSW,152.95668,-30.60467,Inner Regional Australia,104,8032,129.5
2449,NSW,152.70982,-30.62239,Outer Regional Australia,18,2124,84.7
2450,NSW,152.77502,-30.14337,Outer Regional Australia,389,43040,90.4
2452,NSW,153.08188,-30.35717,Inner Regional Australia,113,11792,95.8
2453,NSW,152.64419,-30.30697,Outer Regional Australia,19,2925,65.0
2454,NSW,152.82491,-30.46332,Outer Regional Australia,82,7313,112.1
2455,NSW,152.96348,-30.52937,Inner Regional Australia,49,2970,165.0
2456,NSW,153.14343,-30.06597,Inner Regional Australia,161,14984,107.4
2460,NSW,153.22721,-29.33833,Outer Regional Australia,225,27481,81.9
2462,NSW,153.18705,-29.82919,Inner Regional Australia,27,2561,105.4
2463,NSW,153.11155,-29.37767,Inner Regional Australia,87,7424,117.2
2464,NSW,153.33363,-29.47863,Inner Regional Australia,77,5808,132.6
2465,NSW,153.2439,-29.41262,Inner Regional Australia,3,310,96.8
2466,NSW,153.35089,-29.40748,Inner Regional Australia,18,1543,116.7
2469,NSW,152.89546,-29.18348,Outer Regional Australia,47,4191,112.1
2470,NSW,152.76963,-28.9166,Outer Regional Australia,158,13206,119.6
2471,NSW,153.24406,-29.03373,Outer Regional Australia,33,2465,133.9
2472,NSW,153.31241,-29.15971,Inner Regional Australia,19,1880,101.1
2473,NSW,153.39761,-29.13704,Inner Regional Australia,53,2806,188.9
2474,NSW,152.90378,-28.50059,Outer Regional Australia,56,6132,91.3
2475,NSW,152.38531,-28.54949,Outer Regional Australia,3,316,94.9
2476,NSW,152.51395,-28.37776,Outer Regional Australia,3,622,48.2
2477,NSW,153.42922,-28.91277,Inner Regional Australia,112,11098,100.9
2478,NSW,153.53513,-28.85953,Inner Regional Australia,324,27546,117.6
2479,NSW,153.51496,-28.70954,Inner Regional Australia,51,5343,95.5
2480,NSW,153.26198,-28.7076,Inner Regional Australia,307,41119,74.7
2481,NSW,153.59167,-28.66241,Inner Regional Australia,166,13056,127.1
2482,NSW,153.4207,-28.55038,Inner Regional Australia,103,7273,141.6
2483,NSW,153.49424,-28.46113,Inner Regional Australia,147,10272,143.1
2484,NSW,153.31935,-28.37901,Inner Regional Australia,157,17740,88.5
2485,NSW,153.52682,-28.18424,Major Cities of Australia,105,9959,105.4
2486,NSW,153.48392,-28.21413,Inner Regional Australia,224,24019,93.3
2487,NSW,153.54864,-28.28219,Inner Regional Australia,133,11474,115.9
2488,NSW,153.56069,-28.34099,Major Cities of Australia,32,2395,133.6
2489,NSW,153.55075,-28.38781,Inner Regional Australia,62,5385,115.1
2490,NSW,153.47264,-28.27172,Inner Regional Australia,4,546,73.3
2500,NSW,150.87503,-34.42425,Inner Regional Australia,177,33997,52.1
2502,NSW,150.87308,-34.49472,Major Cities of Australia,63,9036,69.7
2505,NSW,150.9439,-34.46641,Major Cities of Australia,26,4806,54.1
2506,NSW,150.84079,-34.48494,Major Cities of Australia,29,5825,49.8
2508,NSW,150.96587,-34.22341,Inner Regional Australia,61,7718,79.0
2515,NSW,150.9299,-34.30029,Major Cities of Australia,86,8849,97.2
2516,NSW,150.90483,-34.33211,Inner Regional Australia,55,5233,105.1
2517,NSW,150.89117,-34.34936,Inner Regional Australia,63,10446,60.3
2518,NSW,150.89102,-34.37424,Inner Regional Australia,105,14934,70.3
2519,NSW,150.70962,-34.35558,Major Cities of Australia,74,13528,54.7
2525,NSW,150.8189,-34.43723,Major Cities of Australia,27,9359,28.8
2526,NSW,150.77773,-34.39101,Inner Regional Australia,76,17286,44.0
2527,NSW,150.7554,-34.58086,Inner Regional Australia,148,24576,60.2
2528,NSW,150.85513,-34.54872,Major Cities of Australia,152,18628,81.6
2529,NSW,150.84584,-34.59243,Major Cities of Australia,185,25298,73.1
2530,NSW,150.76628,-34.50365,Inner Regional Australia,167,28765,58.1
2533,NSW,150.75688,-34.64538,Inner Regional Australia,182,15152,120.1
2534,NSW,150.79444,-34.74012,Inner Regional Australia,57,5120,111.3
2535,NSW,150.67639,-34.76235,Inner Regional Australia,71,7532,94.3
2536,NSW,150.13936,-35.66738,Inner Regional Australia,208,18093,115.0
2537,NSW,149.9122,-35.93965,Outer Regional Australia,158,13195,119.7
2538,NSW,150.30636,-35.36949,Inner Regional Australia,32,2729,117.3
2539,NSW,150.37998,-35.4864,Inner Regional Australia,242,19689,122.9
2540,NSW,150.59172,-34.89064,Inner Regional Australia,477,44496,107.2
2541,NSW,150.4809,-34.96642,Inner Regional Australia,170,26702,63.7
2545,NSW,149.79229,-36.12766,Outer Regional Australia,10,1312,76.2
2546,NSW,150.21387,-36.26747,Outer Regional Australia,110,9522,115.5
2548,NSW,149.89815,-36.85776,Outer Regional Australia,68,7285,93.3
2549,NSW,149.85169,-36.9532,Outer Regional Australia,42,4247,98.9
2550,NSW,149.69954,-36.73923,Outer Regional Australia,147,17532,83.8
2551,NSW,149.74635,-37.27109,Outer Regional Australia,33,3448,95.7
2556,NSW,150.7296,-33.931,Inner Regional Australia,24,2978,80.6
2557,NSW,150.77643,-33.99818,Major Cities of Australia,58,18735,31.0
2558,NSW,150.79948,-34.0316,Major Cities of Australia,35,8010,43.7
2559,NSW,150.79361,-34.05127,Major Cities of Australia,10,1368,73.1
2560,NSW,150.77138,-34.19946,Inner Regional Australia,322,59118,54.5
2563,NSW,150.74985,-34.10274,Major Cities of Australia,3,705,42.6
2564,NSW,150.89492,-33.99836,Major Cities of Australia,42,8311,50.5
2565,NSW,150.84829,-33.99136,Major Cities of Australia,102,25509,40.0
2566,NSW,150.84226,-34.02728,Major Cities of Australia,104,20717,50.2
2567,NSW,150.75649,-34.05516,Major Cities of Australia,89,35607,25.0
2568,NSW,150.71801,-34.14738,Inner Regional Australia,7,1295,54.1
2569,NSW,150.70888,-34.196,Inner Regional Australia,8,1494,53.5
2570,NSW,150.51953,-34.04357,Inner Regional Australia,170,56590,30.0
2571,NSW,150.61058,-34.18219,Inner Regional Australia,82,14060,58.3
2572,NSW,150.55919,-34.19305,Inner Regional Australia,29,5486,52.9
2573,NSW,150.58463,-34.21844,Inner Regional Australia,21,5743,36.6
2574,NSW,150.59857,-34.32809,Inner Regional Australia,35,6144,57.0
2575,NSW,150.36028,-34.35968,Outer Regional Australia,92,17676,52.0
2576,NSW,150.5035,-34.52561,Inner Regional Australia,57,12316,46.3
2577,NSW,150.42303,-34.60607,Inner Regional Australia,90,17307,52.0
2578,NSW,150.29323,-34.71558,Inner Regional Australia,16,2608,61.3
2579,NSW,150.13033,-34.71185,Inner Regional Australia,29,5551,52.2
2580,NSW,149.73498,-34.69396,Outer Regional Australia,165,30870,53.4
2581,NSW,149.28663,-34.76448,Inner Regional Australia,7,2685,26.1
2582,NSW,148.84755,-34.88876,Outer Regional Australia,64,13504,47.4
2583,NSW,149.26697,-34.21788,Outer Regional Australia,21,5375,39.1
2584,NSW,148.55524,-34.71102,Inner Regional Australia,4,632,63.3
2585,NSW,148.4985,-34.57233,Outer Regional Australia,3,343,87.5
2586,NSW,148.79726,-34.37863,Outer Regional Australia,13,3099,41.9
2587,NSW,148.35984,-34.53225,Inner Regional Australia,18,3108,57.9
2588,NSW,148.2556,-34.59949,Inner Regional Australia,4,471,84.9
2590,NSW,147.89691,-34.71451,Outer Regional Australia,56,6895,81.2
2594,NSW,148.12962,-34.24412,Outer Regional Australia,61,13026,46.8
2600,ACT,149.20107,-35.30291,Major Cities of Australia,9,7158,12.6
2601,ACT,149.1138,-35.27586,Major Cities of Australia,5,3696,13.5
2602,ACT,149.14765,-35.2512,Major Cities of Australia,105,22138,47.4
2603,ACT,149.12574,-35.33038,Major Cities of Australia,24,8124,29.5
2604,ACT,149.14761,-35.33641,Major Cities of Australia,38,8677,43.8
2605,ACT,149.09346,-35.33582,Major Cities of Australia,27,8317,32.5
2606,ACT,149.0897,-35.3521,Major Cities of Australia,14,11526,12.1
2607,ACT,149.09483,-35.36999,Major Cities of Australia,25,11257,22.2
2609,ACT,149.17768,-35.30927,Major Cities of Australia,14,8172,17.1
2611,ACT,148.85601,-35.34633,Inner Regional Australia,83,29290,28.3
2612,ACT,149.13321,-35.27061,Major Cities of Australia,21,10562,19.9
2614,ACT,149.0498,-35.25731,Major Cities of Australia,48,14537,33.0
2615,ACT,149.02296,-35.21679,Major Cities of Australia,119,36393,32.7
2617,ACT,149.08668,-35.23128,Major Cities of Australia,83,25904,32.0
2618,NSW,149.05692,-35.12047,Major Cities of Australia,8,1584,50.5
2619,NSW,149.19454,-35.37816,Inner Regional Australia,22,7690,28.6
2620,NSW,149.24184,-35.33386,Inner Regional Australia,173,43612,39.7
2621,NSW,149.48404,-35.4698,Inner Regional Australia,30,6813,44.0
2622,NSW,149.81749,-35.54123,Outer Regional Australia,31,4983,62.2
2623,NSW,149.44508,-35.55283,Inner Regional Australia,4,590,67.8
2624,NSW,148.42925,-36.20962,Outer Regional Australia,3,116,258.6
2625,NSW,148.30101,-36.50661,Outer Regional Australia,4,273,146.5
2626,NSW,149.16855,-35.94123,Inner Regional Australia,6,549,109.3
2627,NSW,148.31358,-36.46224,Outer Regional Australia,43,5048,85.2
2628,NSW,148.81756,-36.42077,Outer Regional Australia,14,2433,57.5
2629,NSW,148.74303,-35.96482,Outer Regional Australia,8,569,140.6
2630,NSW,149.12904,-36.18575,Outer Regional Australia,43,9419,45.7
2631,NSW,149.29248,-36.54613,Outer Regional Australia,3,712,42.1
2632,NSW,149.22045,-37.02012,Outer Regional Australia,5,2010,24.9
2633,NSW,148.70156,-36.86521,Outer Regional Australia,3,337,89.0
2640,NSW,147.02655,-36.0162,Outer Regional Australia,156,34877,44.7
2641,NSW,146.93044,-36.03865,Inner Regional Australia,66,13076,50.5
2642,NSW,147.88628,-35.968,Outer Regional Australia,16,5585,28.6
2643,NSW,146.61754,-35.93656,Inner Regional Australia,13,2619,49.6
2644,NSW,147.41703,-35.76794,Outer Regional Australia,11,2635,41.7
2645,NSW,146.36586,-35.31335,Outer Regional Australia,4,474,84.4
2646,NSW,146.30371,-35.74958,Outer Regional Australia,29,6422,45.2
2647,NSW,145.97613,-35.90546,Outer Regional Australia,10,1970,50.8
2648,NSW,141.91751,-33.48446,Remote Australia,14,2193,63.8
2650,NSW,147.3678,-35.07269,Outer Regional Australia,209,53952,38.7
2651,NSW,147.46348,-35.16226,Inner Regional Australia,9,1963,45.8
2652,NSW,147.5717,-35.32468,Remote Australia,20,5726,34.9
2653,NSW,148.02701,-35.75745,Outer Regional Australia,10,2499,40.0
2655,NSW,147.04737,-35.2251,Outer Regional Australia,17,1499,113.4
2656,NSW,146.74196,-35.32025,Outer Regional Australia,3,1336,22.5
2658,NSW,146.97785,-35.53574,Outer Regional Australia,11,1458,75.4
2659,NSW,146.76748,-35.61015,Outer Regional Australia,4,1008,39.7
2660,NSW,147.07831,-35.69991,Inner Regional Australia,3,1601,18.7
2663,NSW,147.71677,-34.93348,Outer Regional Australia,27,4121,65.5
2665,NSW,146.87863,-34.31778,Outer Regional Australia,11,2497,44.1
2666,NSW,147.58381,-34.48778,Outer Regional Australia,32,5834,54.9
2668,NSW,147.40543,-34.1215,Outer Regional Australia,4,571,70.1
2669,NSW,146.66748,-33.81489,Remote Australia,8,1952,41.0
2671,NSW,147.26421,-33.84159,Remote Australia,25,4155,60.2
2672,NSW,146.40677,-33.24724,Remote Australia,3,1455,20.6
2675,NSW,145.47925,-33.45919,Remote Australia,3,1461,20.5
2680,NSW,145.91462,-34.32142,Outer Regional Australia,84,24242,34.7
2681,NSW,146.14674,-34.11671,Outer Regional Australia,7,2035,34.4
2700,NSW,146.28561,-34.89706,Outer Regional Australia,27,4769,56.6
2701,NSW,147.20377,-34.78536,Outer Regional Australia,18,2568,70.1
2702,NSW,147.01424,-34.86668,Outer Regional Australia,6,822,73.0
2703,NSW,146.37083,-34.60794,Outer Regional Australia,3,683,43.9
2705,NSW,146.37347,-34.48987,Outer Regional Australia,42,10208,41.1
2706,NSW,145.93753,-34.56946,Outer Regional Australia,8,1151,69.5
2707,NSW,145.80787,-34.76886,Outer Regional Australia,10,1608,62.2
2710,NSW,144.98719,-35.37425,Remote Australia,47,9779,48.1
2711,NSW,144.42305,-34.27846,Remote Australia,10,3301,30.3
2712,NSW,145.87281,-35.75418,Outer Regional Australia,3,1419,21.1
2713,NSW,145.52068,-35.58634,Outer Regional Australia,10,2575,38.8
2714,NSW,145.39728,-35.76577,Outer Regional Australia,22,2469,89.1
2715,NSW,143.32315,-34.25482,Remote Australia,0,1308,0.0
2716,NSW,145.66736,-35.23912,Outer Regional Australia,7,1163,60.2
2720,NSW,148.38725,-35.37065,Outer Regional Australia,45,8321,54.1
2721,NSW,147.71206,-34.04948,Outer Regional Australia,0,233,0.0
2722,NSW,148.09743,-35.04484,Outer Regional Australia,20,3113,64.2
2725,NSW,147.81581,-34.44817,Outer Regional Australia,3,391,76.7
2729,NSW,147.9238,-35.22775,Outer Regional Australia,6,1901,31.6
2730,NSW,148.03401,-35.51004,Outer Regional Australia,5,1407,35.5
2731,NSW,144.66226,-35.88369,Outer Regional Australia,29,4985,58.2
2732,NSW,144.14794,-35.5185,Outer Regional Australia,10,1581,63.3
2733,NSW,144.20614,-35.01371,Outer Regional Australia,3,693,43.3
2734,NSW,143.47812,-34.86298,Remote Australia,6,325,184.6
2736,Vic,143.37582,-34.96518,Outer Regional Australia,3,259,115.8
2737,Vic,142.87381,-34.57411,Remote Australia,0,575,0.0
2738,Vic,142.28549,-34.18172,Remote Australia,7,1660,42.2
2739,NSW,142.15142,-34.15455,Outer Regional Australia,6,843,71.2
2745,NSW,150.67149,-33.87134,Inner Regional Australia,71,25294,28.1
2747,NSW,150.73679,-33.72771,Major Cities of Australia,142,38393,37.0
2748,NSW,150.72319,-33.81104,Major Cities of Australia,11,2100,52.4
2749,NSW,150.68682,-33.70217,Major Cities of Australia,44,13534,32.5
2750,NSW,150.67855,-33.75548,Major Cities of Australia,148,41640,35.5
2752,NSW,150.58403,-33.93843,Inner Regional Australia,30,6670,45.0
2753,NSW,150.66287,-33.60301,Inner Regional Australia,95,16282,58.3
2754,NSW,150.72802,-33.55789,Inner Regional Australia,37,6976,53.0
2756,NSW,150.88327,-33.4624,Outer Regional Australia,153,35864,42.7
2757,NSW,150.69209,-33.55484,Inner Regional Australia,6,970,61.9
2758,NSW,150.5977,-33.48482,Outer Regional Australia,47,9795,48.0
2759,NSW,150.78177,-33.82252,Major Cities of Australia,56,21149,26.5
2760,NSW,150.78004,-33.759,Major Cities of Australia,117,26799,43.7
2761,NSW,150.84746,-33.74201,Major Cities of Australia,132,26689,49.5
2762,NSW,150.88426,-33.69891,Major Cities of Australia,33,15563,21.2
2763,NSW,150.89915,-33.72711,Major Cities of Australia,74,21747,34.0
2765,NSW,150.83545,-33.66655,Inner Regional Australia,158,49203,32.1
2766,NSW,150.85076,-33.81039,Major Cities of Australia,63,13379,47.1
2767,NSW,150.86915,-33.76914,Major Cities of Australia,54,14511,37.2
2768,NSW,150.92273,-33.73786,Major Cities of Australia,48,17673,27.2
2769,NSW,150.90549,-33.70546,Major Cities of Australia,27,10132,26.6
2770,NSW,150.81025,-33.75644,Major Cities of Australia,294,39686,74.1
2773,NSW,150.62679,-33.76884,Major Cities of Australia,31,4804,64.5
2774,NSW,150.62902,-33.73267,Major Cities of Australia,47,10285,45.7
2775,NSW,150.94713,-33.30516,Outer Regional Australia,11,1622,67.8
2776,NSW,150.55311,-33.66685,Major Cities of Australia,17,3449,49.3
2777,NSW,150.58796,-33.69253,Major Cities of Australia,76,14636,51.9
2778,NSW,150.48455,-33.72854,Inner Regional Australia,15,2093,71.7
2779,NSW,150.45933,-33.7237,Major Cities of Australia,29,3958,73.3
2780,NSW,150.43564,-33.83292,Inner Regional Australia,77,10399,74.0
2782,NSW,150.37123,-33.70713,Inner Regional Australia,42,4955,84.8
2783,NSW,150.43184,-33.72557,Major Cities of Australia,15,2446,61.3
2784,NSW,150.40705,-33.72992,Major Cities of Australia,10,1125,88.9
2785,NSW,150.19184,-33.71066,Inner Regional Australia,44,3844,114.5
2786,NSW,150.31779,-33.53305,Outer Regional Australia,10,1081,92.5
2787,NSW,150.17709,-34.04526,Outer Regional Australia,16,5096,31.4
2790,NSW,150.28415,-33.3762,Outer Regional Australia,74,14639,50.5
2791,NSW,149.16448,-33.63494,Inner Regional Australia,0,321,0.0
2792,NSW,149.08632,-33.62663,Outer Regional Australia,0,424,0.0
2793,NSW,148.944,-33.80183,Outer Regional Australia,8,1258,63.6
2794,NSW,148.66484,-33.89851,Outer Regional Australia,48,9935,48.3
2795,NSW,149.47155,-33.81726,Outer Regional Australia,183,44037,41.6
2797,NSW,148.95253,-33.60512,Outer Regional Australia,4,492,81.3
2798,NSW,149.15876,-33.46219,Inner Regional Australia,9,2263,39.8
2799,NSW,149.26767,-33.57133,Outer Regional Australia,20,4456,44.9
2800,NSW,149.10712,-33.24229,Outer Regional Australia,145,45264,32.0
2803,NSW,148.5237,-34.17673,Outer Regional Australia,3,415,72.3
2804,NSW,148.63399,-33.53956,Outer Regional Australia,21,2898,72.5
2805,NSW,148.42003,-33.64991,Outer Regional Australia,0,542,0.0
2806,NSW,148.37558,-33.37556,Outer Regional Australia,8,907,88.2
2807,NSW,148.56216,-34.03649,Outer Regional Australia,0,545,0.0
2808,NSW,149.02317,-33.97699,Outer Regional Australia,0,254,0.0
2809,NSW,148.43232,-33.97286,Outer Regional Australia,5,268,186.6
2810,NSW,148.05461,-33.90287,Outer Regional Australia,17,3397,50.0
2818,NSW,148.76157,-32.44857,Outer Regional Australia,0,850,0.0
2820,NSW,148.99594,-32.53749,Outer Regional Australia,29,5957,48.7
2821,NSW,148.11039,-32.25525,Outer Regional Australia,27,4580,59.0
2822,NSW,148.59405,-31.93985,Outer Regional Australia,0,445,0.0
2823,NSW,147.8385,-32.07687,Outer Regional Australia,6,1435,41.8
2824,NSW,147.81628,-31.37262,Remote Australia,7,2275,30.8
2825,NSW,147.14031,-31.8598,Remote Australia,4,2372,16.9
2826,NSW,147.56745,-31.94235,Remote Australia,3,170,176.5
2827,NSW,148.64835,-31.63315,Outer Regional Australia,17,3464,49.1
2828,NSW,148.61851,-31.2765,Remote Australia,3,761,39.4
2829,NSW,148.34115,-30.74872,Remote Australia,6,2897,20.7
2830,NSW,148.65947,-32.24539,Outer Regional Australia,145,41196,35.2
2831,NSW,146.65143,-31.88389,Very Remote Australia,18,2512,71.7
2832,NSW,147.93652,-29.92393,Very Remote Australia,6,2193,27.4
2833,NSW,148.37852,-29.39149,Remote Australia,0,443,0.0
2834,NSW,147.94767,-29.28379,Very Remote Australia,22,2111,104.2
2835,NSW,145.40658,-31.55182,Very Remote Australia,9,3491,25.8
2836,NSW,143.27056,-31.49812,Very Remote Australia,7,590,118.6
2840,NSW,145.26316,-30.08123,Very Remote Australia,4,2027,19.7
2842,NSW,149.08932,-31.66433,Outer Regional Australia,6,1035,58.0
2843,NSW,149.7278,-31.82434,Outer Regional Australia,11,1285,85.6
2844,NSW,149.3193,-31.92497,Outer Regional Australia,14,1450,96.6
2845,NSW,150.04201,-33.40496,Inner Regional Australia,8,2002,40.0
2846,NSW,150.11861,-33.07181,Outer Regional Australia,0,422,0.0
2847,NSW,149.9698,-33.40446,Inner Regional Australia,16,2436,65.7
2848,NSW,149.96413,-32.90141,Outer Regional Australia,12,1567,76.6
2849,NSW,150.05909,-32.70893,Outer Regional Australia,7,1921,36.4
2850,NSW,149.60292,-32.68503,Outer Regional Australia,81,20375,39.8
2852,NSW,149.45822,-32.28933,Outer Regional Australia,24,3871,62.0
2864,NSW,148.73181,-33.34027,Outer Regional Australia,4,969,41.3
2865,NSW,148.63611,-33.17429,Outer Regional Australia,5,1006,49.7
2866,NSW,148.90453,-33.00726,Outer Regional Australia,18,3269,55.1
2867,NSW,148.66807,-32.91489,Outer Regional Australia,0,592,0.0
2868,NSW,148.58943,-32.73641,Outer Regional Australia,0,695,0.0
2869,NSW,148.26665,-32.58403,Outer Regional Australia,9,1512,59.5
2870,NSW,148.16819,-33.0355,Outer Regional Australia,55,11125,49.4
2871,NSW,147.82888,-33.47334,Outer Regional Australia,36,9245,38.9
2873,NSW,147.13822,-32.27492,Remote Australia,3,808,37.1
2874,NSW,147.53857,-32.61993,Remote Australia,3,462,64.9
2875,NSW,147.5993,-32.95224,Remote Australia,5,870,57.5
2876,NSW,147.76666,-33.178,Outer Regional Australia,3,531,56.5
2877,NSW,146.23199,-32.74476,Remote Australia,15,3362,44.6
2879,NSW,142.55537,-32.33578,Very Remote Australia,0,443,0.0
2880,NSW,142.09172,-30.33357,Very Remote Australia,47,14473,32.5
2899,NSW,146.92878,-36.08423,Very Remote Australia,3,21,1428.6
2900,NSW,149.06381,-35.41891,Major Cities of Australia,3,4392,6.8
2902,ACT,149.05445,-35.38398,Major Cities of Australia,55,12269,44.8
2903,ACT,149.08178,-35.4027,Major Cities of Australia,27,7320,36.9
2904,ACT,149.1114,-35.41021,Major Cities of Australia,37,10218,36.2
2905,ACT,149.11002,-35.43101,Major Cities of Australia,76,22656,33.5
2906,ACT,149.08972,-35.45676,Major Cities of Australia,52,13971,37.2
2911,ACT,149.13251,-35.21874,Major Cities of Australia,4,5114,7.8
2912,ACT,149.12355,-35.17245,Major Cities of Australia,10,5580,17.9
2913,ACT,149.12338,-35.18897,Major Cities of Australia,62,30472,20.3
2914,ACT,149.13056,-35.16875,Major Cities of Australia,30,22413,13.4
3000,Vic,144.98258,-37.81444,Major Cities of Australia,368,45147,81.5
3001,Vic,144.98258,-37.81444,,3,83,361.4
3002,Vic,144.98258,-37.81444,Major Cities of Australia,5,7850,6.4
3003,Vic,144.94959,-37.81087,Major Cities of Australia,5,4939,10.1
3004,Vic,144.97625,-37.83183,Major Cities of Australia,14,10234,13.7
3006,Vic,144.959,-37.82427,Major Cities of Australia,19,17860,10.6
3008,Vic,144.94804,-37.81472,Major Cities of Australia,20,9703,20.6
3011,Vic,144.90795,-37.8071,Major Cities of Australia,49,14278,34.3
3012,Vic,144.86116,-37.80714,Major Cities of Australia,49,21462,22.8
3013,Vic,144.88869,-37.81418,Major Cities of Australia,35,10435,33.5
3015,Vic,144.88056,-37.83824,Major Cities of Australia,39,13449,29.0
3016,Vic,144.88846,-37.86374,Major Cities of Australia,59,13417,44.0
3018,Vic,144.81274,-37.86172,Major Cities of Australia,47,11333,41.5
3019,Vic,144.85401,-37.78468,Major Cities of Australia,1117,8272,1350.3
3020,Vic,144.82617,-37.78138,Major Cities of Australia,123,38888,31.6
3021,Vic,144.79669,-37.74336,Major Cities of Australia,210,37002,56.8
3022,Vic,144.79396,-37.79594,Major Cities of Australia,17,2736,62.1
3023,Vic,144.7685,-37.7755,Major Cities of Australia,193,49530,39.0
3024,Vic,144.58016,-37.8634,Inner Regional Australia,92,26787,34.3
3025,Vic,144.8397,-37.83556,Major Cities of Australia,25,16170,15.5
3026,Vic,144.70854,-37.87308,Major Cities of Australia,21,12549,16.7
3027,Vic,144.75044,-37.90895,Major Cities of Australia,22,6459,34.1
3028,Vic,144.77716,-37.87507,Major Cities of Australia,78,23976,32.5
3029,Vic,144.70583,-37.83716,Major Cities of Australia,477,110953,43.0
3030,Vic,144.64209,-37.91624,Inner Regional Australia,311,91202,34.1
3031,Vic,144.9234,-37.79119,Major Cities of Australia,34,10755,31.6
3032,Vic,144.89722,-37.77449,Major Cities of Australia,60,19771,30.3
3033,Vic,144.85764,-37.74107,Major Cities of Australia,37,13012,28.4
3034,Vic,144.86194,-37.76123,Major Cities of Australia,15,8800,17.0
3036,Vic,144.82246,-37.70532,Major Cities of Australia,13,5324,24.4
3037,Vic,144.78047,-37.71558,Major Cities of Australia,124,38712,32.0
3038,Vic,144.76687,-37.70045,Major Cities of Australia,72,21641,33.3
3039,Vic,144.92299,-37.76618,Major Cities of Australia,24,12281,19.5
3040,Vic,144.90256,-37.75185,Major Cities of Australia,33,19689,16.8
3041,Vic,144.90482,-37.73146,Major Cities of Australia,24,13717,17.5
3042,Vic,144.87123,-37.73047,Major Cities of Australia,36,15804,22.8
3043,Vic,144.88837,-37.69192,Major Cities of Australia,559,31114,179.7
3044,Vic,144.93636,-37.73114,Major Cities of Australia,46,19919,23.1
3045,Vic,144.8362,-37.67474,Major Cities of Australia,3,1007,29.8
3046,Vic,144.92797,-37.70658,Major Cities of Australia,64,25417,25.2
3047,Vic,144.93025,-37.68111,Major Cities of Australia,82,15288,53.6
3048,Vic,144.92361,-37.65392,Major Cities of Australia,73,13148,55.5
3049,Vic,144.88849,-37.67318,Major Cities of Australia,27,8186,33.0
3050,Vic,144.95617,-37.79892,,0,15,0.0
3051,Vic,144.94356,-37.8006,Major Cities of Australia,19,9060,21.0
3052,Vic,144.9489,-37.789,Major Cities of Australia,9,2899,31.0
3053,Vic,144.96611,-37.80357,Major Cities of Australia,53,6085,87.1
3054,Vic,144.96724,-37.78697,Major Cities of Australia,18,4450,40.4
3055,Vic,144.94222,-37.76358,Major Cities of Australia,25,8626,29.0
3056,Vic,144.96011,-37.76629,Major Cities of Australia,57,18736,30.4
3057,Vic,144.9783,-37.77075,Major Cities of Australia,17,7640,22.3
3058,Vic,144.96452,-37.7399,Major Cities of Australia,129,25532,50.5
3059,Vic,144.87963,-37.63989,Major Cities of Australia,39,19311,20.2
3060,Vic,144.96787,-37.70733,Major Cities of Australia,104,10870,95.7
3061,Vic,144.95676,-37.66627,Major Cities of Australia,51,13557,37.6
3062,Vic,144.93256,-37.63299,Major Cities of Australia,3,1963,15.3
3063,Vic,144.85608,-37.59501,Major Cities of Australia,3,675,44.4
3064,Vic,144.9422,-37.54652,Major Cities of Australia,413,94343,43.8
3065,Vic,144.97779,-37.80261,Major Cities of Australia,19,5718,33.2
3066,Vic,144.98691,-37.80485,Major Cities of Australia,35,6271,55.8
3067,Vic,144.9982,-37.80351,Major Cities of Australia,19,5645,33.7
3068,Vic,144.98622,-37.79097,Major Cities of Australia,41,10880,37.7
3070,Vic,144.99974,-37.77406,Major Cities of Australia,43,15561,27.6
3071,Vic,145.00701,-37.75943,Major Cities of Australia,26,12231,21.3
3072,Vic,145.0057,-37.74247,Major Cities of Australia,83,27639,30.0
3073,Vic,145.00596,-37.71247,Major Cities of Australia,111,35585,31.2
3074,Vic,145.00664,-37.68468,Major Cities of Australia,62,20630,30.1
3075,Vic,145.00268,-37.66607,Major Cities of Australia,57,16463,34.6
3076,Vic,145.02214,-37.6436,Major Cities of Australia,93,28276,32.9
3078,Vic,145.02585,-37.7783,Major Cities of Australia,28,10221,27.4
3079,Vic,145.04857,-37.77267,Major Cities of Australia,26,13014,20.0
3081,Vic,145.0464,-37.74301,Major Cities of Australia,33,11794,28.0
3082,Vic,145.06566,-37.66486,Major Cities of Australia,67,22128,30.3
3083,Vic,145.05622,-37.70135,Major Cities of Australia,81,24881,32.6
3084,Vic,145.08268,-37.74441,Major Cities of Australia,47,19459,24.2
3085,Vic,145.06988,-37.7244,Major Cities of Australia,22,9654,22.8
3087,Vic,145.08243,-37.71179,Major Cities of Australia,16,6398,25.0
3088,Vic,145.11362,-37.69751,Major Cities of Australia,64,21179,30.2
3089,Vic,145.15037,-37.66771,Major Cities of Australia,29,10722,27.0
3090,Vic,145.1078,-37.66841,Major Cities of Australia,10,2612,38.3
3091,Vic,145.13669,-37.63748,Major Cities of Australia,7,1964,35.6
3093,Vic,145.11521,-37.73919,Major Cities of Australia,7,3406,20.6
3094,Vic,145.12473,-37.71976,Major Cities of Australia,27,6900,39.1
3095,Vic,145.15858,-37.7133,Major Cities of Australia,58,23484,24.7
3096,Vic,145.18583,-37.67085,Major Cities of Australia,8,1716,46.6
3097,Vic,145.2242,-37.69525,Inner Regional Australia,6,1595,37.6
3099,Vic,145.19285,-37.5921,Inner Regional Australia,27,4740,57.0
3101,Vic,145.03657,-37.8074,Major Cities of Australia,28,17375,16.1
3102,Vic,145.05219,-37.7938,Major Cities of Australia,5,5138,9.7
3103,Vic,145.07004,-37.80947,Major Cities of Australia,15,11175,13.4
3104,Vic,145.08171,-37.79369,Major Cities of Australia,30,15327,19.6
3105,Vic,145.08481,-37.77248,Major Cities of Australia,19,8496,22.4
3106,Vic,145.14267,-37.75834,Major Cities of Australia,26,13414,19.4
3107,Vic,145.11068,-37.76523,Major Cities of Australia,24,10321,23.3
3108,Vic,145.1258,-37.78643,Major Cities of Australia,52,21868,23.8
3109,Vic,145.16165,-37.78479,Major Cities of Australia,77,22037,34.9
3111,Vic,145.18633,-37.79405,Major Cities of Australia,21,10144,20.7
3113,Vic,145.20469,-37.75212,Major Cities of Australia,35,7663,45.7
3114,Vic,145.2126,-37.7786,Major Cities of Australia,16,3632,44.1
3115,Vic,145.26759,-37.73673,Inner Regional Australia,10,3788,26.4
3116,Vic,145.31309,-37.73763,Major Cities of Australia,40,9818,40.7
3121,Vic,145.00245,-37.82375,Major Cities of Australia,48,27503,17.5
3122,Vic,145.0306,-37.82272,Major Cities of Australia,34,15521,21.9
3123,Vic,145.04942,-37.82975,Major Cities of Australia,16,10660,15.0
3124,Vic,145.06819,-37.84087,Major Cities of Australia,25,16179,15.5
3125,Vic,145.101,-37.85131,Major Cities of Australia,32,11196,28.6
3126,Vic,145.07575,-37.8272,Major Cities of Australia,7,5859,11.9
3127,Vic,145.09724,-37.82517,Major Cities of Australia,15,13993,10.7
3128,Vic,145.12239,-37.82887,Major Cities of Australia,48,15152,31.7
3129,Vic,145.12508,-37.80696,Major Cities of Australia,35,12018,29.1
3130,Vic,145.14965,-37.81805,Major Cities of Australia,82,24946,32.9
3131,Vic,145.17449,-37.8178,Major Cities of Australia,47,18379,25.6
3132,Vic,145.19669,-37.81922,Major Cities of Australia,38,12960,29.3
3133,Vic,145.1923,-37.84879,Major Cities of Australia,54,17691,30.5
3134,Vic,145.23763,-37.80148,Major Cities of Australia,89,28897,30.8
3135,Vic,145.24821,-37.81959,Major Cities of Australia,43,14804,29.0
3136,Vic,145.2824,-37.77988,Major Cities of Australia,125,36205,34.5
3137,Vic,145.31335,-37.81936,Major Cities of Australia,52,13696,38.0
3138,Vic,145.32279,-37.78391,Major Cities of Australia,54,17706,30.5
3139,Vic,145.53267,-37.81451,Inner Regional Australia,77,14900,51.7
3140,Vic,145.36318,-37.75915,Major Cities of Australia,67,17041,39.3
3141,Vic,144.99126,-37.84068,Major Cities of Australia,28,13909,20.1
3142,Vic,145.01773,-37.84411,Major Cities of Australia,14,10330,13.6
3143,Vic,145.01939,-37.85892,Major Cities of Australia,6,6329,9.5
3144,Vic,145.03413,-37.85744,Major Cities of Australia,11,9083,12.1
3145,Vic,145.04933,-37.87356,Major Cities of Australia,25,15686,15.9
3146,Vic,145.05783,-37.85712,Major Cities of Australia,21,17687,11.9
3147,Vic,145.09295,-37.86786,Major Cities of Australia,23,10261,22.4
3148,Vic,145.09563,-37.88032,Major Cities of Australia,23,6965,33.0
3149,Vic,145.12812,-37.88075,Major Cities of Australia,70,28796,24.3
3150,Vic,145.17017,-37.88944,Major Cities of Australia,144,45633,31.6
3151,Vic,145.15112,-37.85523,Major Cities of Australia,32,10429,30.7
3152,Vic,145.2217,-37.86495,Major Cities of Australia,90,26217,34.3
3153,Vic,145.27014,-37.84512,Major Cities of Australia,75,23486,31.9
3154,Vic,145.31784,-37.85601,Major Cities of Australia,14,3828,36.6
3155,Vic,145.28442,-37.8618,Major Cities of Australia,64,18745,34.1
3156,Vic,145.29289,-37.91793,Major Cities of Australia,128,33945,37.7
3158,Vic,145.32447,-37.91008,Major Cities of Australia,25,5614,44.5
3159,Vic,145.3892,-37.92189,Major Cities of Australia,18,2440,73.8
3160,Vic,145.35082,-37.9351,Major Cities of Australia,42,7608,55.2
3161,Vic,145.01993,-37.87373,Major Cities of Australia,27,10726,25.2
3162,Vic,145.02339,-37.89214,Major Cities of Australia,37,13361,27.7
3163,Vic,145.05724,-37.8965,Major Cities of Australia,46,21437,21.5
3164,Vic,145.23738,-38.02243,,0,651,0.0
3165,Vic,145.05943,-37.92237,Major Cities of Australia,52,21092,24.7
3166,Vic,145.08972,-37.90281,Major Cities of Australia,62,19412,31.9
3167,Vic,145.08761,-37.92334,Major Cities of Australia,29,8357,34.7
3168,Vic,145.12665,-37.91342,Major Cities of Australia,38,18862,20.1
3169,Vic,145.11527,-37.94515,Major Cities of Australia,60,15560,38.6
3170,Vic,145.16786,-37.92095,Major Cities of Australia,39,25267,15.4
3171,Vic,145.15678,-37.94461,Major Cities of Australia,170,17248,98.6
3172,Vic,145.13465,-37.97598,Major Cities of Australia,144,18002,80.0
3173,Vic,145.16486,-38.00677,Major Cities of Australia,143,26294,54.4
3174,Vic,145.17877,-37.96622,Major Cities of Australia,249,28451,87.5
3175,Vic,145.2085,-38.01611,Major Cities of Australia,242,61820,39.1
3177,Vic,145.23746,-37.99099,Major Cities of Australia,68,9004,75.5
3178,Vic,145.24159,-37.92443,Major Cities of Australia,82,28584,28.7
3179,Vic,145.22263,-37.89714,Major Cities of Australia,23,6973,33.0
3180,Vic,145.24673,-37.89326,Major Cities of Australia,30,8510,35.3
3181,Vic,144.9955,-37.85468,Major Cities of Australia,21,11366,18.5
3182,Vic,144.97948,-37.86532,Major Cities of Australia,53,13888,38.2
3183,Vic,144.99903,-37.86907,Major Cities of Australia,44,9861,44.6
3184,Vic,144.98403,-37.88141,Major Cities of Australia,37,10008,37.0
3185,Vic,145.00257,-37.89184,Major Cities of Australia,24,9730,24.7
3186,Vic,144.99633,-37.91507,Major Cities of Australia,35,18944,18.5
3187,Vic,145.01359,-37.92537,Major Cities of Australia,27,12403,21.8
3188,Vic,145.00724,-37.93889,Major Cities of Australia,38,13659,27.8
3189,Vic,145.0478,-37.94202,Major Cities of Australia,29,8977,32.3
3190,Vic,145.03815,-37.95139,Major Cities of Australia,20,8837,22.6
3191,Vic,145.01347,-37.95658,Major Cities of Australia,29,8179,35.5
3192,Vic,145.0623,-37.96565,Major Cities of Australia,49,20019,24.5
3193,Vic,145.03156,-37.9787,Major Cities of Australia,60,16163,37.1
3194,Vic,145.06736,-37.98506,Major Cities of Australia,40,10670,37.5
3195,Vic,145.10411,-38.00702,Major Cities of Australia,96,32635,29.4
3196,Vic,145.12276,-38.04648,Major Cities of Australia,81,19682,41.2
3197,Vic,145.13411,-38.07275,Major Cities of Australia,69,10041,68.7
3198,Vic,145.13781,-38.10319,Major Cities of Australia,61,15951,38.2
3199,Vic,145.13596,-38.16258,Major Cities of Australia,177,45571,38.8
3200,Vic,145.15757,-38.12646,Major Cities of Australia,19,3757,50.6
3201,Vic,145.17791,-38.09287,Major Cities of Australia,77,21810,35.3
3202,Vic,145.0927,-37.96055,Major Cities of Australia,6,2684,22.4
3204,Vic,145.03678,-37.91696,Major Cities of Australia,65,22827,28.5
3205,Vic,144.95818,-37.83169,Major Cities of Australia,20,20495,9.8
3206,Vic,144.95086,-37.84653,Major Cities of Australia,19,7228,26.3
3207,Vic,144.91804,-37.83218,Major Cities of Australia,53,20166,26.3
3211,Vic,144.49848,-37.94359,Inner Regional Australia,7,1682,41.6
3212,Vic,144.42267,-38.03996,Inner Regional Australia,93,18254,50.9
3213,Vic,144.29169,-38.02758,Inner Regional Australia,12,4160,28.8
3214,Vic,144.35238,-38.08478,Major Cities of Australia,70,18637,37.6
3215,Vic,144.33452,-38.111,Major Cities of Australia,60,19730,30.4
3216,Vic,144.334,-38.21591,Inner Regional Australia,186,47446,39.2
3217,Vic,144.48211,-38.16387,Inner Regional Australia,68,22369,30.4
3218,Vic,144.27462,-38.12717,Inner Regional Australia,50,11718,42.7
3219,Vic,144.38953,-38.17277,Major Cities of Australia,95,16639,57.1
3220,Vic,144.34652,-38.15704,Major Cities of Australia,78,18675,41.8
3221,Vic,144.42742,-38.18161,Inner Regional Australia,39,4772,81.7
3222,Vic,144.56281,-38.21266,Inner Regional Australia,129,16882,76.4
3223,Vic,144.65679,-38.14505,Inner Regional Australia,126,11196,112.5
3224,Vic,144.44361,-38.19139,Inner Regional Australia,85,13887,61.2
3225,Vic,144.61419,-38.27107,Inner Regional Australia,66,5715,115.5
3226,Vic,144.52376,-38.26381,Inner Regional Australia,133,15975,83.3
3227,Vic,144.40814,-38.26305,Inner Regional Australia,45,5003,89.9
3228,Vic,144.29998,-38.30754,Inner Regional Australia,161,21839,73.7
3230,Vic,144.1764,-38.40936,Inner Regional Australia,29,3334,87.0
3231,Vic,144.0871,-38.46319,Inner Regional Australia,18,1880,95.7
3232,Vic,143.97017,-38.54498,Inner Regional Australia,5,1665,30.0
3233,Vic,143.67178,-38.67942,Outer Regional Australia,35,2437,143.6
3234,Vic,143.82577,-38.64923,Inner Regional Australia,3,254,118.1
3235,Vic,143.93814,-38.41616,Inner Regional Australia,8,538,148.7
3236,Vic,143.71238,-38.5219,Inner Regional Australia,3,313,95.8
3237,Vic,143.47439,-38.71684,Outer Regional Australia,4,322,124.2
3238,Vic,143.42998,-38.78179,Outer Regional Australia,5,349,143.3
3239,Vic,143.4481,-38.56401,Outer Regional Australia,0,595,0.0
3240,Vic,144.17441,-38.263,Inner Regional Australia,16,2610,61.3
3241,Vic,143.89282,-38.20363,Inner Regional Australia,14,3579,39.1
3242,Vic,143.74033,-38.3467,Inner Regional Australia,7,1152,60.8
3243,Vic,143.82588,-38.36403,Inner Regional Australia,3,545,55.0
3249,Vic,143.56266,-38.39088,Inner Regional Australia,30,3990,75.2
3250,Vic,143.58474,-38.31151,Inner Regional Australia,65,12527,51.9
3251,Vic,143.63725,-38.1534,Outer Regional Australia,4,762,52.5
3254,Vic,143.52228,-38.28964,Inner Regional Australia,3,384,78.1
3260,Vic,143.24477,-38.20958,Inner Regional Australia,42,5347,78.5
3264,Vic,142.88439,-38.23244,Inner Regional Australia,26,2643,98.4
3265,Vic,142.95237,-38.17824,Inner Regional Australia,19,3161,60.1
3266,Vic,143.13372,-38.40709,Outer Regional Australia,25,3650,68.5
3267,Vic,143.06073,-38.46665,Outer Regional Australia,0,291,0.0
3268,Vic,142.90065,-38.52974,Outer Regional Australia,13,3263,39.8
3269,Vic,143.17712,-38.66064,Outer Regional Australia,10,764,130.9
3270,Vic,142.87016,-38.60212,Outer Regional Australia,5,358,139.7
3271,Vic,142.98753,-37.88855,Outer Regional Australia,3,281,106.8
3272,Vic,142.85363,-37.98219,Outer Regional Australia,7,1847,37.9
3274,Vic,142.47861,-37.96078,Outer Regional Australia,3,378,79.4
3275,Vic,142.45761,-38.30179,Inner Regional Australia,0,551,0.0
3277,Vic,142.66022,-38.38983,Inner Regional Australia,12,2348,51.1
3278,Vic,142.58963,-38.28735,Inner Regional Australia,0,407,0.0
3279,Vic,142.65748,-38.21455,Inner Regional Australia,6,384,156.2
3280,Vic,142.48289,-38.37884,Inner Regional Australia,208,31900,65.2
3281,Vic,142.63011,-38.25445,Inner Regional Australia,13,2117,61.4
3282,Vic,142.35166,-38.26818,Inner Regional Australia,19,2768,68.6
3283,Vic,142.32876,-38.31343,Inner Regional Australia,11,1626,67.7
3284,Vic,142.11927,-38.2704,Outer Regional Australia,31,3730,83.1
3285,Vic,142.05892,-38.2902,Outer Regional Australia,11,1501,73.3
3286,Vic,141.95948,-38.01307,Outer Regional Australia,5,730,68.5
3287,Vic,142.31953,-38.05987,Outer Regional Australia,3,555,54.1
3289,Vic,142.22182,-37.91294,Outer Regional Australia,3,962,31.2
3292,Vic,141.05199,-38.03887,Outer Regional Australia,3,236,127.1
3293,Vic,142.52725,-37.65595,Outer Regional Australia,0,465,0.0
3294,Vic,142.31276,-37.57398,Outer Regional Australia,4,1241,32.2
3300,Vic,142.01336,-37.74316,Outer Regional Australia,62,10557,58.7
3301,Vic,142.03414,-38.11886,Outer Regional Australia,0,1560,0.0
3302,Vic,141.70638,-37.84798,Outer Regional Australia,3,463,64.8
3304,Vic,141.95216,-38.18208,Outer Regional Australia,21,3137,66.9
3305,Vic,141.43723,-38.23548,Outer Regional Australia,123,13911,88.4
3309,Vic,141.51101,-37.82644,Outer Regional Australia,0,130,0.0
3310,Vic,141.54916,-37.70789,Outer Regional Australia,0,342,0.0
3311,Vic,141.22972,-37.46816,Outer Regional Australia,14,1992,70.3
3312,Vic,141.36865,-37.62911,Outer Regional Australia,8,1224,65.4
3314,Vic,142.00137,-37.54709,Outer Regional Australia,3,704,42.6
3315,Vic,141.67956,-37.41754,Outer Regional Australia,8,2274,35.2
3317,Vic,141.45165,-37.16667,Outer Regional Australia,4,260,153.8
3318,Vic,141.26957,-37.02532,Outer Regional Australia,9,1511,59.6
3319,Vic,141.05139,-36.87396,Outer Regional Australia,8,637,125.6
3321,Vic,143.88056,-38.08776,Inner Regional Australia,8,2079,38.5
3323,Vic,143.52093,-38.02631,Outer Regional Australia,3,167,179.6
3324,Vic,143.37541,-37.94194,Outer Regional Australia,3,771,38.9
3325,Vic,143.18591,-37.87745,Outer Regional Australia,3,731,41.0
3328,Vic,144.04306,-38.01866,Inner Regional Australia,12,2505,47.9
3329,Vic,143.86337,-38.00398,Inner Regional Australia,3,410,73.2
3331,Vic,144.19463,-38.04919,Inner Regional Australia,26,7238,35.9
3332,Vic,144.09718,-37.94445,Inner Regional Australia,0,1465,0.0
3333,Vic,144.04476,-37.87179,Inner Regional Australia,7,1116,62.7
3335,Vic,144.66669,-37.71631,Major Cities of Australia,34,12370,27.5
3336,Vic,144.69504,-37.71901,Major Cities of Australia,56,21860,25.6
3337,Vic,144.56641,-37.65629,Inner Regional Australia,143,33908,42.2
3338,Vic,144.5786,-37.71316,Inner Regional Australia,164,31844,51.5
3340,Vic,144.38372,-37.79123,Inner Regional Australia,91,25386,35.8
3341,Vic,144.30823,-37.57371,Inner Regional Australia,13,2073,62.7
3342,Vic,144.2391,-37.65146,Inner Regional Australia,26,4427,58.7
3345,Vic,144.12366,-37.5878,Inner Regional Australia,4,1591,25.1
3350,Vic,143.86036,-37.57117,Inner Regional Australia,284,57241,49.6
3351,Vic,143.63746,-37.75825,Outer Regional Australia,79,11028,71.6
3352,Vic,143.66483,-37.48409,Outer Regional Australia,110,22340,49.2
3355,Vic,143.82561,-37.53028,Inner Regional Australia,57,15098,37.8
3356,Vic,143.82846,-37.59228,Inner Regional Australia,65,13921,46.7
3357,Vic,143.88342,-37.65395,Inner Regional Australia,25,3568,70.1
3358,Vic,143.7928,-37.58013,Inner Regional Australia,14,4669,30.0
3360,Vic,143.52913,-37.76926,Outer Regional Australia,5,1018,49.1
3361,Vic,143.37309,-37.75264,Outer Regional Australia,5,909,55.0
3363,Vic,143.90025,-37.42557,Inner Regional Australia,21,3594,58.4
3364,Vic,143.91587,-37.33424,Inner Regional Australia,10,2766,36.2
3370,Vic,143.83371,-37.25861,Inner Regional Australia,17,2043,83.2
3371,Vic,143.64873,-37.19491,Inner Regional Australia,13,1390,93.5
3373,Vic,143.34343,-37.45779,Outer Regional Australia,101,3391,297.8
3374,Vic,142.95692,-37.23152,Outer Regional Australia,0,524,0.0
3375,Vic,143.14362,-37.42429,Inner Regional Australia,3,366,82.0
3377,Vic,142.96338,-37.22128,Outer Regional Australia,62,9156,67.7
3379,Vic,142.53942,-37.55989,Outer Regional Australia,5,1071,46.7
3380,Vic,142.77116,-37.0666,Inner Regional Australia,53,6465,82.0
3381,Vic,142.70753,-37.00465,Outer Regional Australia,24,1513,158.6
3384,Vic,143.08037,-37.00118,Outer Regional Australia,8,925,86.5
3385,Vic,142.61345,-36.89372,Outer Regional Australia,7,751,93.2
3387,Vic,142.87471,-36.81326,Outer Regional Australia,0,545,0.0
3388,Vic,142.69395,-36.59786,Outer Regional Australia,7,857,81.7
3390,Vic,142.48747,-36.58374,Outer Regional Australia,9,1141,78.9
3392,Vic,142.67832,-36.40075,Outer Regional Australia,4,777,51.5
3393,Vic,142.38734,-36.25773,Outer Regional Australia,16,3373,47.4
3395,Vic,142.48769,-35.9073,Remote Australia,4,723,55.3
3396,Vic,142.32916,-35.7157,Remote Australia,6,1006,59.6
3400,Vic,142.20373,-36.72525,Outer Regional Australia,76,14671,51.8
3401,Vic,141.98799,-36.87623,Outer Regional Australia,26,6068,42.8
3407,Vic,141.94837,-37.29806,Outer Regional Australia,3,610,49.2
3409,Vic,141.80049,-36.81741,Outer Regional Australia,5,1307,38.3
3412,Vic,141.36607,-36.6588,Outer Regional Australia,3,433,69.3
3413,Vic,141.20107,-36.69933,Outer Regional Australia,3,276,108.7
3414,Vic,142.09388,-36.38863,Outer Regional Australia,16,1987,80.5
3418,Vic,141.53807,-36.07414,Outer Regional Australia,14,3560,39.3
3419,Vic,141.10193,-36.22601,Outer Regional Australia,3,1148,26.1
3423,Vic,141.94076,-36.13191,Outer Regional Australia,3,543,55.2
3424,Vic,141.93087,-35.72779,Remote Australia,5,1155,43.3
3427,Vic,144.70797,-37.64346,Major Cities of Australia,17,5967,28.5
3428,Vic,144.81149,-37.59107,Major Cities of Australia,3,857,35.0
3429,Vic,144.72897,-37.56762,Inner Regional Australia,107,35109,30.5
3430,Vic,144.80663,-37.49406,Inner Regional Australia,0,390,0.0
3431,Vic,144.69202,-37.47455,Inner Regional Australia,25,4640,53.9
3432,Vic,144.79258,-37.44846,Inner Regional Australia,3,259,115.8
3433,Vic,144.75209,-37.4133,Inner Regional Australia,0,302,0.0
3434,Vic,144.7508,-37.35388,Inner Regional Australia,26,6436,40.4
3435,Vic,144.74336,-37.17945,Inner Regional Australia,12,3703,32.4
3437,Vic,144.51302,-37.50162,Inner Regional Australia,36,11748,30.6
3438,Vic,144.60203,-37.45753,Inner Regional Australia,14,2794,50.1
3440,Vic,144.54615,-37.41338,Inner Regional Australia,17,2087,81.5
3441,Vic,144.60389,-37.39922,Inner Regional Australia,6,1438,41.7
3442,Vic,144.54885,-37.33066,Inner Regional Australia,38,8297,45.8
3444,Vic,144.54472,-37.17179,Inner Regional Australia,56,10610,52.8
3446,Vic,144.37434,-37.18483,Inner Regional Australia,13,1228,105.9
3447,Vic,144.32249,-37.15774,Inner Regional Australia,6,601,99.8
3448,Vic,144.38763,-37.07536,Inner Regional Australia,8,1292,61.9
3450,Vic,144.2149,-37.06164,Inner Regional Australia,57,6504,87.6
3451,Vic,144.21419,-37.12534,Inner Regional Australia,39,6075,64.2
3453,Vic,144.28149,-36.95036,Inner Regional Australia,25,2203,113.5
3458,Vic,144.33471,-37.42412,Inner Regional Australia,24,2695,89.1
3460,Vic,144.14422,-37.3517,Inner Regional Australia,26,2956,88.0
3461,Vic,144.17099,-37.28785,Inner Regional Australia,30,5308,56.5
3462,Vic,144.05361,-37.08356,Inner Regional Australia,11,1443,76.2
3463,Vic,144.05934,-36.96268,Inner Regional Australia,27,3197,84.5
3464,Vic,143.84141,-37.01981,Inner Regional Australia,11,1344,81.8
3465,Vic,143.61134,-37.02148,Outer Regional Australia,80,10440,76.6
3467,Vic,143.41268,-37.10599,Inner Regional Australia,12,1680,71.4
3468,Vic,143.37949,-37.26148,Inner Regional Australia,6,404,148.5
3469,Vic,143.28063,-37.17296,Outer Regional Australia,4,365,109.6
3472,Vic,143.65764,-36.86495,Outer Regional Australia,21,2007,104.6
3475,Vic,143.51213,-36.70633,Outer Regional Australia,5,572,87.4
3477,Vic,143.1627,-36.73225,Outer Regional Australia,7,1164,60.1
3478,Vic,143.2307,-36.68855,Outer Regional Australia,24,3041,78.9
3480,Vic,142.9844,-36.31069,Outer Regional Australia,15,2289,65.5
3482,Vic,142.76659,-36.17028,Outer Regional Australia,4,245,163.3
3483,Vic,142.8908,-35.90177,Outer Regional Australia,4,1269,31.5
3485,Vic,142.67196,-35.71153,Outer Regional Australia,0,448,0.0
3487,Vic,142.61608,-35.51563,Outer Regional Australia,3,137,219.0
3488,Vic,142.4355,-35.44739,Outer Regional Australia,0,213,0.0
3489,Vic,142.4253,-35.33248,Outer Regional Australia,0,100,0.0
3490,Vic,142.07715,-35.00537,Remote Australia,8,1652,48.4
3491,Vic,142.21827,-35.4341,Outer Regional Australia,3,214,140.2
3494,Vic,142.34832,-34.48641,Outer Regional Australia,0,880,0.0
3496,Vic,141.71571,-34.27179,Outer Regional Australia,52,6936,75.0
3498,Vic,142.17252,-34.23839,Outer Regional Australia,34,6551,51.9
3500,Vic,142.15416,-34.1931,Outer Regional Australia,187,32672,57.2
3501,Vic,142.1009,-34.24328,Outer Regional Australia,21,3496,60.1
3502,Vic,145.25835,-37.97289,,3,277,108.3
3505,Vic,142.00419,-34.18053,Outer Regional Australia,31,5358,57.9
3509,Vic,141.68039,-35.15503,Remote Australia,3,349,86.0
3512,Vic,141.08752,-35.30166,Remote Australia,3,565,53.1
3515,Vic,144.06317,-36.76866,Inner Regional Australia,21,2722,77.1
3516,Vic,144.04172,-36.60762,Inner Regional Australia,6,964,62.2
3517,Vic,143.88683,-36.48312,Outer Regional Australia,12,1826,65.7
3518,Vic,143.58622,-36.47494,Outer Regional Australia,19,1912,99.4
3520,Vic,143.81079,-36.40577,Outer Regional Australia,0,255,0.0
3521,Vic,144.91269,-37.09007,Inner Regional Australia,5,888,56.3
3522,Vic,144.73184,-37.05786,Inner Regional Australia,3,444,67.6
3523,Vic,144.76836,-36.83746,Inner Regional Australia,37,5039,73.4
3525,Vic,143.33673,-36.27263,Outer Regional Australia,9,1649,54.6
3527,Vic,143.27626,-36.07612,Outer Regional Australia,5,1032,48.4
3530,Vic,143.13497,-35.70689,Outer Regional Australia,0,185,0.0
3531,Vic,142.94381,-35.61641,Outer Regional Australia,0,326,0.0
3533,Vic,142.78105,-35.37992,Outer Regional Australia,4,1041,38.4
3537,Vic,143.74445,-36.07934,Outer Regional Australia,6,1302,46.1
3540,Vic,143.45008,-35.89277,Outer Regional Australia,0,410,0.0
3542,Vic,143.39566,-35.71377,Outer Regional Australia,0,260,0.0
3544,Vic,143.19119,-35.51465,Outer Regional Australia,0,442,0.0
3546,Vic,142.84322,-35.07621,Outer Regional Australia,3,633,47.4
3549,Vic,142.81042,-34.72699,Outer Regional Australia,40,4803,83.3
3550,Vic,144.28485,-36.76427,Inner Regional Australia,174,38121,45.6
3551,Vic,144.46467,-36.78316,Inner Regional Australia,183,37132,49.3
3555,Vic,144.24524,-36.77723,Inner Regional Australia,99,18434,53.7
3556,Vic,144.17828,-36.65642,Inner Regional Australia,87,13283,65.5
3557,Vic,144.57679,-36.63511,Inner Regional Australia,3,1228,24.4
3558,Vic,144.64368,-36.52036,Inner Regional Australia,4,1364,29.3
3559,Vic,144.81685,-36.57852,Inner Regional Australia,4,761,52.6
3561,Vic,144.71026,-36.32812,Inner Regional Australia,44,5302,83.0
3562,Vic,144.46276,-36.06254,Inner Regional Australia,4,438,91.3
3563,Vic,144.51559,-36.25625,Inner Regional Australia,3,886,33.9
3564,Vic,144.71971,-36.16985,Inner Regional Australia,119,20144,59.1
3566,Vic,144.38333,-35.94575,Outer Regional Australia,6,694,86.5
3567,Vic,144.26294,-35.93167,Outer Regional Australia,8,871,91.8
3568,Vic,144.18409,-35.80946,Outer Regional Australia,33,4069,81.1
3570,Vic,144.28053,-36.5153,Outer Regional Australia,7,1026,68.2
3571,Vic,144.20686,-36.36819,Outer Regional Australia,3,465,64.5
3573,Vic,144.29796,-36.16486,Outer Regional Australia,0,484,0.0
3575,Vic,144.15903,-36.05573,Outer Regional Australia,15,1060,141.5
3579,Vic,143.76463,-35.76323,Outer Regional Australia,37,6112,60.5
3580,Vic,144.09467,-35.63976,Outer Regional Australia,9,1446,62.2
3581,Vic,143.78521,-35.62833,Outer Regional Australia,3,268,111.9
3584,Vic,143.63762,-35.43103,Outer Regional Australia,10,1242,80.5
3585,Vic,143.32834,-35.3443,Outer Regional Australia,65,12459,52.2
3586,Vic,143.79259,-35.11402,Outer Regional Australia,3,933,32.2
3588,Vic,143.47033,-35.29429,Outer Regional Australia,5,399,125.3
3589,Vic,143.44125,-35.22844,Outer Regional Australia,5,496,100.8
3590,Vic,143.49353,-35.23571,Outer Regional Australia,3,372,80.6
3594,Vic,143.34603,-35.13815,Outer Regional Australia,5,730,68.5
3595,Vic,143.35168,-35.20275,Outer Regional Australia,5,696,71.8
3596,Vic,143.32768,-35.12381,Outer Regional Australia,0,196,0.0
3597,Vic,143.18979,-34.96536,Outer Regional Australia,5,744,67.2
3599,Vic,143.14323,-34.72974,Outer Regional Australia,3,247,121.5
3607,Vic,145.17976,-36.83971,Inner Regional Australia,3,178,168.5
3608,Vic,145.09575,-36.74071,Inner Regional Australia,25,3588,69.7
3610,Vic,145.22935,-36.57763,Inner Regional Australia,13,1783,72.9
3612,Vic,145.03129,-36.57129,Inner Regional Australia,15,2343,64.0
3614,Vic,145.28493,-36.4814,Inner Regional Australia,4,1047,38.2
3616,Vic,145.13667,-36.46719,Inner Regional Australia,34,6066,56.1
3617,Vic,145.17837,-36.42382,Inner Regional Australia,0,197,0.0
3618,Vic,145.12501,-36.37708,Inner Regional Australia,11,822,133.8
3620,Vic,145.08312,-36.29713,Inner Regional Australia,50,8853,56.5
3621,Vic,144.96858,-36.2185,Inner Regional Australia,17,2637,64.5
3622,Vic,144.87573,-36.23196,Inner Regional Australia,4,605,66.1
3623,Vic,144.97681,-36.46138,Inner Regional Australia,8,1054,75.9
3624,Vic,144.96576,-36.41019,Inner Regional Australia,3,646,46.4
3629,Vic,145.26065,-36.28731,Inner Regional Australia,64,9067,70.6
3630,Vic,145.40318,-36.38085,Inner Regional Australia,158,30549,51.7
3631,Vic,145.52669,-36.42869,Inner Regional Australia,73,16257,44.9
3633,Vic,145.46296,-36.30794,Inner Regional Australia,4,728,54.9
3634,Vic,145.44032,-36.22419,Inner Regional Australia,17,2159,78.7
3635,Vic,145.30827,-36.1426,Inner Regional Australia,6,708,84.7
3636,Vic,145.47947,-36.09388,Inner Regional Australia,36,5946,60.5
3637,Vic,145.32903,-36.05069,Outer Regional Australia,5,708,70.6
3638,Vic,145.24657,-36.03202,Outer Regional Australia,15,2540,59.1
3639,Vic,145.04725,-36.0213,Outer Regional Australia,6,784,76.5
3640,Vic,145.48602,-36.00978,Inner Regional Australia,8,1266,63.2
3641,Vic,145.42831,-35.89718,Outer Regional Australia,9,1504,59.8
3644,Vic,145.64552,-35.92592,Inner Regional Australia,66,11013,59.9
3646,Vic,145.7119,-36.24713,Inner Regional Australia,6,780,76.9
3649,Vic,145.68867,-36.08266,Inner Regional Australia,3,548,54.7
3658,Vic,145.108,-37.24163,Inner Regional Australia,29,7296,39.7
3659,Vic,145.07088,-37.11034,Inner Regional Australia,5,1011,49.5
3660,Vic,145.24019,-37.03602,Inner Regional Australia,43,8311,51.7
3663,Vic,145.15886,-36.91088,Inner Regional Australia,0,313,0.0
3664,Vic,145.35083,-36.91137,Inner Regional Australia,7,1384,50.6
3665,Vic,145.35763,-36.84409,Inner Regional Australia,10,566,176.7
3666,Vic,145.54831,-36.78659,Inner Regional Australia,32,5803,55.1
3669,Vic,145.717,-36.61364,Inner Regional Australia,21,1782,117.8
3670,Vic,145.85245,-36.62375,Inner Regional Australia,7,765,91.5
3672,Vic,145.97776,-36.55494,Inner Regional Australia,81,11310,71.6
3673,Vic,146.06251,-36.66993,Outer Regional Australia,20,2384,83.9
3675,Vic,146.26683,-36.56508,Inner Regional Australia,17,2339,72.7
3677,Vic,146.33056,-36.35802,Inner Regional Australia,69,17765,38.8
3678,Vic,146.48244,-36.68892,Outer Regional Australia,39,8314,46.9
3682,Vic,146.42866,-36.17427,Inner Regional Australia,5,936,53.4
3683,Vic,146.60462,-36.18079,Inner Regional Australia,13,2186,59.5
3685,Vic,146.47193,-36.05215,Inner Regional Australia,35,3632,96.4
3687,Vic,146.41593,-36.01877,Inner Regional Australia,11,1230,89.4
3688,Vic,146.71719,-36.11919,Inner Regional Australia,9,1872,48.1
3690,Vic,146.86436,-36.13572,Inner Regional Australia,183,37128,49.3
3691,Vic,147.75588,-36.05163,Outer Regional Australia,71,14641,48.5
3695,Vic,147.12367,-36.30429,Inner Regional Australia,3,688,43.6
3697,Vic,147.17925,-36.68753,Outer Regional Australia,3,672,44.6
3698,Vic,147.14947,-36.72203,Outer Regional Australia,8,1088,73.5
3699,Vic,147.31585,-36.84171,Outer Regional Australia,13,1161,112.0
3700,Vic,147.33585,-36.29884,Outer Regional Australia,8,1766,45.3
3701,Vic,147.41516,-36.54887,Outer Regional Australia,5,1454,34.4
3705,Vic,147.76991,-36.32288,Outer Regional Australia,0,440,0.0
3707,Vic,148.03187,-36.54541,Outer Regional Australia,11,2187,50.3
3709,Vic,147.69324,-36.02406,Outer Regional Australia,3,507,59.2
3711,Vic,145.68216,-37.41047,Inner Regional Australia,0,775,0.0
3712,Vic,145.83906,-37.3209,Outer Regional Australia,3,495,60.6
3713,Vic,145.89756,-37.23033,Outer Regional Australia,10,1352,74.0
3714,Vic,145.7019,-37.20128,Outer Regional Australia,30,4874,61.6
3715,Vic,145.73942,-36.98575,Outer Regional Australia,5,558,89.6
3717,Vic,145.43578,-37.28661,Inner Regional Australia,35,4199,83.4
3718,Vic,145.54096,-37.14407,Inner Regional Australia,3,173,173.4
3719,Vic,145.60849,-37.04122,Inner Regional Australia,0,799,0.0
3720,Vic,145.8503,-37.01724,Outer Regional Australia,6,1154,52.0
3722,Vic,146.25327,-37.20263,Outer Regional Australia,37,7147,51.8
3723,Vic,146.25132,-36.93505,Outer Regional Australia,26,4332,60.0
3725,Vic,145.93733,-36.41436,Inner Regional Australia,6,904,66.4
3726,Vic,145.96021,-36.33225,Inner Regional Australia,0,574,0.0
3727,Vic,145.95778,-36.24244,Inner Regional Australia,6,544,110.3
3728,Vic,145.95901,-36.14892,Inner Regional Australia,9,878,102.5
3730,Vic,145.95375,-36.04972,Inner Regional Australia,75,11037,68.0
3732,Vic,146.31375,-36.68681,Outer Regional Australia,3,725,41.4
3733,Vic,146.31634,-36.81209,Outer Regional Australia,3,296,101.4
3735,Vic,146.60357,-36.51571,Inner Regional Australia,3,901,33.3
3737,Vic,146.84289,-36.6318,Outer Regional Australia,31,5342,58.0
3738,Vic,146.75397,-36.58792,Inner Regional Australia,3,249,120.5
3739,Vic,146.86419,-36.64102,Inner Regional Australia,0,290,0.0
3740,Vic,146.83456,-36.73169,Outer Regional Australia,12,1487,80.7
3741,Vic,147.06316,-36.96232,Outer Regional Australia,25,3782,66.1
3744,Vic,146.95979,-36.78848,Outer Regional Australia,9,539,167.0
3746,Vic,146.51767,-36.31396,Inner Regional Australia,5,534,93.6
3747,Vic,146.72571,-36.36106,Inner Regional Australia,26,5232,49.7
3749,Vic,146.85294,-36.38886,Inner Regional Australia,20,2395,83.5
3750,Vic,145.00558,-37.59608,Major Cities of Australia,83,22368,37.1
3752,Vic,145.07435,-37.6191,Major Cities of Australia,46,19727,23.3
3753,Vic,144.95951,-37.47647,Inner Regional Australia,24,6617,36.3
3754,Vic,145.11299,-37.59355,Major Cities of Australia,95,36986,25.7
3755,Vic,145.14203,-37.5639,Inner Regional Australia,3,292,102.7
3756,Vic,144.95664,-37.41233,Inner Regional Australia,65,16466,39.5
3757,Vic,145.18222,-37.46978,Inner Regional Australia,50,9692,51.6
3758,Vic,145.05255,-37.35465,Inner Regional Australia,13,2557,50.8
3759,Vic,145.24728,-37.65038,Inner Regional Australia,0,1171,0.0
3761,Vic,145.29238,-37.58563,Inner Regional Australia,9,1333,67.5
3762,Vic,144.93671,-37.35414,Inner Regional Australia,4,223,179.4
3763,Vic,145.35338,-37.52186,Inner Regional Australia,8,1951,41.0
3764,Vic,144.90064,-37.26374,Inner Regional Australia,41,11046,37.1
3765,Vic,145.34662,-37.81477,Major Cities of Australia,17,5921,28.7
3766,Vic,145.38495,-37.81782,Major Cities of Australia,4,1103,36.3
3767,Vic,145.34751,-37.83939,Major Cities of Australia,6,1057,56.8
3770,Vic,145.416,-37.70878,Inner Regional Australia,14,3460,40.5
3775,Vic,145.36599,-37.64285,Inner Regional Australia,20,4261,46.9
3777,Vic,145.5138,-37.60609,Inner Regional Australia,71,10745,66.1
3778,Vic,145.62301,-37.53749,Inner Regional Australia,3,337,89.0
3779,Vic,145.78475,-37.53927,Inner Regional Australia,4,559,71.6
3781,Vic,145.48786,-37.93847,Inner Regional Australia,15,4230,35.5
3782,Vic,145.43302,-37.93807,Major Cities of Australia,42,7711,54.5
3783,Vic,145.59658,-37.94738,Inner Regional Australia,18,2628,68.5
3786,Vic,145.33243,-37.87819,Major Cities of Australia,7,1351,51.8
3787,Vic,145.35089,-37.86679,Major Cities of Australia,5,913,54.8
3788,Vic,145.37713,-37.84804,Major Cities of Australia,13,1629,79.8
3789,Vic,145.35734,-37.88977,Major Cities of Australia,0,252,0.0
3791,Vic,145.37962,-37.89692,Major Cities of Australia,8,1380,58.0
3792,Vic,145.40539,-37.89424,Major Cities of Australia,3,943,31.8
3793,Vic,145.42971,-37.87453,Major Cities of Australia,20,3585,55.8
3795,Vic,145.43031,-37.83666,Major Cities of Australia,7,1787,39.2
3796,Vic,145.38492,-37.78698,Major Cities of Australia,40,8759,45.7
3797,Vic,145.78634,-37.86781,Inner Regional Australia,24,3868,62.0
3799,Vic,145.81851,-37.72757,Inner Regional Australia,46,5860,78.5
3802,Vic,145.2556,-37.97176,Major Cities of Australia,93,18504,50.3
3803,Vic,145.26552,-38.00944,Major Cities of Australia,62,12533,49.5
3804,Vic,145.32599,-37.98006,Major Cities of Australia,43,8503,50.6
3805,Vic,145.3042,-38.03703,Major Cities of Australia,230,45187,50.9
3806,Vic,145.34949,-38.02502,Major Cities of Australia,178,43658,40.8
3807,Vic,145.37163,-38.04832,Major Cities of Australia,30,6836,43.9
3808,Vic,145.42327,-38.00252,Major Cities of Australia,12,3367,35.6
3809,Vic,145.40689,-38.06909,Major Cities of Australia,52,18260,28.5
3810,Vic,145.47251,-38.04658,Inner Regional Australia,212,47796,44.4
3812,Vic,145.5653,-38.07014,Inner Regional Australia,17,2781,61.1
3813,Vic,145.63434,-38.06425,Inner Regional Australia,6,1220,49.2
3814,Vic,145.66911,-38.10718,Inner Regional Australia,12,2786,43.1
3815,Vic,145.72631,-38.01378,Inner Regional Australia,8,3823,20.9
3816,Vic,145.78799,-38.04354,Inner Regional Australia,13,3474,37.4
3818,Vic,145.86734,-38.09629,Inner Regional Australia,103,17352,59.4
3820,Vic,145.92221,-38.20748,Inner Regional Australia,96,20258,47.4
3821,Vic,145.94054,-37.94499,Inner Regional Australia,18,3659,49.2
3822,Vic,145.9899,-38.19438,Inner Regional Australia,4,1238,32.3
3823,Vic,146.06566,-38.21038,Inner Regional Australia,16,2299,69.6
3824,Vic,146.16397,-38.24565,Inner Regional Australia,32,5522,58.0
3825,Vic,146.35272,-37.96467,Outer Regional Australia,114,20738,55.0
3831,Vic,146.01314,-37.99326,Inner Regional Australia,16,2285,70.0
3832,Vic,145.94521,-37.91994,Inner Regional Australia,4,312,128.2
3833,Vic,146.03895,-37.83951,Outer Regional Australia,4,474,84.4
3835,Vic,146.17527,-38.29064,Inner Regional Australia,4,679,58.9
3840,Vic,146.42446,-38.24522,Inner Regional Australia,89,17438,51.0
3842,Vic,146.41436,-38.31545,Inner Regional Australia,25,4274,58.5
3844,Vic,146.62334,-38.33306,Outer Regional Australia,143,30804,46.4
3847,Vic,146.78343,-38.19809,Outer Regional Australia,25,2620,95.4
3850,Vic,147.10618,-38.22419,Inner Regional Australia,102,14218,71.7
3851,Vic,147.08497,-38.04846,Outer Regional Australia,72,6915,104.1
3852,Vic,147.13672,-38.10569,Inner Regional Australia,0,92,0.0
3854,Vic,146.59688,-38.12413,Inner Regional Australia,9,1767,50.9
3856,Vic,146.67221,-38.06391,Inner Regional Australia,5,1234,40.5
3857,Vic,146.69489,-38.01862,Inner Regional Australia,4,488,82.0
3858,Vic,146.64366,-37.66158,Outer Regional Australia,16,3995,40.1
3859,Vic,146.84826,-37.88614,Outer Regional Australia,3,1122,26.7
3860,Vic,146.86826,-37.6091,Outer Regional Australia,49,8395,58.4
3862,Vic,147.21183,-37.58885,Outer Regional Australia,22,4176,52.7
3864,Vic,147.34151,-37.86088,Outer Regional Australia,4,276,144.9
3865,Vic,147.45595,-37.79674,Outer Regional Australia,3,706,42.5
3869,Vic,146.35984,-38.36469,Inner Regional Australia,15,2192,68.4
3870,Vic,146.33077,-38.44285,Inner Regional Australia,11,1547,71.1
3871,Vic,146.16073,-38.42017,Inner Regional Australia,15,3145,47.7
3873,Vic,146.70878,-38.29827,Inner Regional Australia,7,421,166.3
3874,Vic,146.83625,-38.51444,Remote Australia,9,795,113.2
3875,Vic,147.63201,-37.79565,Outer Regional Australia,150,21804,68.8
3878,Vic,147.68012,-37.89854,Outer Regional Australia,14,1471,95.2
3880,Vic,147.72739,-37.91473,Outer Regional Australia,81,4651,174.2
3882,Vic,147.76439,-37.81202,Outer Regional Australia,6,1591,37.7
3885,Vic,148.11564,-37.27559,Remote Australia,10,2335,42.8
3886,Vic,148.42685,-37.77098,Outer Regional Australia,5,529,94.5
3887,Vic,148.11664,-37.75789,Outer Regional Australia,6,401,149.6
3888,Vic,148.65953,-37.36692,Remote Australia,37,3949,93.7
3889,Vic,148.86656,-37.61426,Remote Australia,3,237,126.6
3890,Vic,149.21722,-37.56649,Remote Australia,7,460,152.2
3891,Vic,149.53891,-37.56768,Outer Regional Australia,0,190,0.0
3892,Vic,149.90987,-37.56377,Outer Regional Australia,15,1284,116.8
3895,Vic,147.89333,-37.38468,Outer Regional Australia,3,237,126.6
3896,Vic,147.70796,-37.26467,Outer Regional Australia,3,500,60.0
3898,Vic,147.47641,-37.05701,Outer Regional Australia,6,916,65.5
3902,Vic,147.81489,-37.79704,Outer Regional Australia,4,533,75.0
3903,Vic,147.86753,-37.8113,Outer Regional Australia,8,1091,73.3
3904,Vic,147.83937,-37.88104,Outer Regional Australia,21,2131,98.5
3909,Vic,147.97024,-37.82192,Outer Regional Australia,81,8415,96.3
3910,Vic,145.19833,-38.15637,Major Cities of Australia,95,19767,48.1
3911,Vic,145.16956,-38.19691,Major Cities of Australia,27,3800,71.1
3912,Vic,145.22737,-38.21799,Major Cities of Australia,76,15343,49.5
3913,Vic,145.16643,-38.26227,Major Cities of Australia,21,3842,54.7
3915,Vic,145.13662,-38.30581,Major Cities of Australia,48,9556,50.2
3916,Vic,145.05059,-38.4152,Inner Regional Australia,14,1128,124.1
3918,Vic,145.15555,-38.33987,Major Cities of Australia,30,4121,72.8
3919,Vic,145.19978,-38.35233,Major Cities of Australia,16,3055,52.4
3921,Vic,145.36763,-38.41823,Outer Regional Australia,0,205,0.0
3922,Vic,145.23197,-38.48218,Inner Regional Australia,106,10545,100.5
3923,Vic,145.29363,-38.46555,Inner Regional Australia,13,913,142.4
3925,Vic,145.37968,-38.52821,Inner Regional Australia,50,4780,104.6
3926,Vic,145.0945,-38.35523,Inner Regional Australia,24,3326,72.2
3927,Vic,145.15327,-38.38337,Major Cities of Australia,12,1784,67.3
3928,Vic,144.97513,-38.40783,Inner Regional Australia,4,550,72.7
3929,Vic,144.97667,-38.46097,Inner Regional Australia,4,1355,29.5
3930,Vic,145.09374,-38.19502,Major Cities of Australia,75,15586,48.1
3931,Vic,145.0495,-38.23004,Major Cities of Australia,136,23581,57.7
3933,Vic,145.09699,-38.26117,Major Cities of Australia,7,1382,50.7
3934,Vic,145.0316,-38.2783,Major Cities of Australia,75,16537,45.4
3936,Vic,145.00763,-38.32645,Major Cities of Australia,112,12892,86.9
3937,Vic,145.01994,-38.37369,Inner Regional Australia,9,1663,54.1
3938,Vic,144.93183,-38.35432,Major Cities of Australia,36,3350,107.5
3939,Vic,144.90041,-38.42776,Inner Regional Australia,103,14548,70.8
3940,Vic,144.87426,-38.3785,Major Cities of Australia,35,4145,84.4
3941,Vic,144.8272,-38.39608,Major Cities of Australia,79,12770,61.9
3942,Vic,144.7683,-38.36787,Major Cities of Australia,17,3055,55.6
3943,Vic,144.7391,-38.34553,Major Cities of Australia,7,2395,29.2
3944,Vic,144.69271,-38.32187,Major Cities of Australia,5,1210,41.3
3945,Vic,145.69705,-38.38158,Inner Regional Australia,5,1209,41.4
3946,Vic,145.72354,-38.44815,Inner Regional Australia,3,319,94.0
3950,Vic,145.81295,-38.43522,Inner Regional Australia,46,5275,87.2
3951,Vic,145.79842,-38.47372,Inner Regional Australia,11,1197,91.9
3953,Vic,145.99686,-38.45646,Inner Regional Australia,42,9150,45.9
3954,Vic,145.93797,-38.55038,Inner Regional Australia,0,447,0.0
3956,Vic,145.95283,-38.64153,Outer Regional Australia,28,3564,78.6
3957,Vic,146.12672,-38.5893,Inner Regional Australia,0,380,0.0
3958,Vic,145.98706,-38.67384,Inner Regional Australia,0,302,0.0
3959,Vic,146.06653,-38.73464,Outer Regional Australia,13,1433,90.7
3960,Vic,146.36041,-39.14076,Outer Regional Australia,25,3064,81.6
3962,Vic,146.36394,-38.59472,Inner Regional Australia,6,1099,54.6
3964,Vic,146.2788,-38.68512,Inner Regional Australia,3,209,143.5
3965,Vic,146.47213,-38.69344,Outer Regional Australia,4,278,143.9
3966,Vic,146.43658,-38.63057,Outer Regional Australia,10,747,133.9
3967,Vic,146.50793,-38.64756,Remote Australia,0,158,0.0
3971,Vic,146.80245,-38.63707,Remote Australia,38,5038,75.4
3975,Vic,145.23111,-38.05354,Major Cities of Australia,59,13339,44.2
3976,Vic,145.2643,-38.044,Major Cities of Australia,119,18121,65.7
3977,Vic,145.26392,-38.13177,Inner Regional Australia,392,93110,42.1
3978,Vic,145.38461,-38.13501,Major Cities of Australia,159,46772,34.0
3979,Vic,145.59128,-38.44818,Inner Regional Australia,3,457,65.6
3980,Vic,145.35694,-38.20445,Inner Regional Australia,29,3640,79.7
3981,Vic,145.575,-38.2073,Inner Regional Australia,26,5862,44.4
3984,Vic,145.56398,-38.31265,Inner Regional Australia,72,8458,85.1
3987,Vic,145.68914,-38.30905,Inner Regional Australia,10,1845,54.2
3988,Vic,145.81186,-38.31345,Inner Regional Australia,10,1303,76.7
3990,Vic,145.50128,-38.4554,Inner Regional Australia,3,188,159.6
3991,Vic,145.46678,-38.48304,Inner Regional Australia,3,557,53.9
3992,Vic,145.53431,-38.56914,Inner Regional Australia,13,1405,92.5
3995,Vic,145.63071,-38.57807,Inner Regional Australia,92,11857,77.6
3996,Vic,145.74561,-38.62956,Inner Regional Australia,81,6566,123.4
4000,Qld,153.023,-27.46845,Major Cities of Australia,54,43860,12.3
4001,Qld,152.82314,-27.60348,,3,2498,12.0
4005,Qld,153.04675,-27.4631,Major Cities of Australia,35,12087,29.0
4006,Qld,153.17524,-27.36618,Major Cities of Australia,42,26264,16.0
4007,Qld,153.06191,-27.43609,Major Cities of Australia,29,14829,19.6
4008,Vic,153.1365,-27.39755,Major Cities of Australia,6,32704,1.8
4009,Qld,153.10525,-27.40575,Major Cities of Australia,812,16169,502.2
4010,Qld,153.04354,-27.43324,Major Cities of Australia,13,4758,27.3
4011,Qld,153.05975,-27.41948,Major Cities of Australia,68,15935,42.7
4012,Qld,153.05355,-27.39934,Major Cities of Australia,49,17937,27.3
4013,Qld,153.07498,-27.39706,Major Cities of Australia,1264,6947,1819.5
4014,Qld,153.08478,-27.37395,Major Cities of Australia,511,19268,265.2
4017,Qld,153.04734,-27.31807,Major Cities of Australia,153,30263,50.6
4018,Qld,153.0318,-27.34907,Major Cities of Australia,31,9580,32.4
4019,Qld,153.0885,-27.24834,Major Cities of Australia,171,19028,89.9
4020,Qld,153.1023,-27.21344,Major Cities of Australia,205,23844,86.0
4021,Qld,153.07529,-27.2201,Major Cities of Australia,48,7884,60.9
4022,Qld,153.04641,-27.21189,Major Cities of Australia,30,5797,51.8
4025,Qld,153.39565,-27.15988,Remote Australia,0,242,0.0
4030,Qld,153.02968,-27.42687,Major Cities of Australia,33,14085,23.4
4031,Qld,153.0307,-27.40854,Major Cities of Australia,29,15638,18.5
4032,Qld,153.01945,-27.38561,Major Cities of Australia,49,13320,36.8
4034,Qld,153.04005,-27.35471,Major Cities of Australia,120,40255,29.8
4035,Qld,152.97908,-27.35602,Major Cities of Australia,71,23230,30.6
4036,Qld,153.00873,-27.31402,Major Cities of Australia,23,5627,40.9
4037,Qld,152.93652,-27.34113,Major Cities of Australia,18,6838,26.3
4051,Qld,153.0003,-27.42751,Major Cities of Australia,55,22804,24.1
4053,Qld,152.98725,-27.39957,Major Cities of Australia,104,37941,27.4
4054,Qld,152.95601,-27.40982,Major Cities of Australia,45,11096,40.6
4055,Qld,152.92424,-27.39368,Major Cities of Australia,56,17836,31.4
4059,Qld,153.00889,-27.45207,Major Cities of Australia,18,8856,20.3
4060,Qld,152.98454,-27.44433,Major Cities of Australia,26,9848,26.4
4061,Qld,152.94426,-27.45085,Major Cities of Australia,47,13434,35.0
4064,Qld,152.99904,-27.46468,Major Cities of Australia,35,14250,24.6
4065,Qld,152.97599,-27.4625,Major Cities of Australia,17,7187,23.7
4066,Qld,152.96415,-27.47987,Major Cities of Australia,29,13201,22.0
4067,Qld,153.00504,-27.50052,Major Cities of Australia,19,5896,32.2
4068,Qld,152.97693,-27.50691,Major Cities of Australia,35,17600,19.9
4069,Qld,152.89891,-27.50278,Inner Regional Australia,91,28794,31.6
4070,Qld,152.87114,-27.55994,Major Cities of Australia,30,10014,30.0
4073,Qld,152.95138,-27.54918,Major Cities of Australia,18,7827,23.0
4074,Qld,152.92152,-27.55408,Major Cities of Australia,77,20105,38.3
4075,Qld,152.97562,-27.55213,Major Cities of Australia,52,18992,27.4
4076,Qld,152.92107,-27.58456,Major Cities of Australia,29,10421,27.8
4077,Qld,152.96782,-27.60555,Major Cities of Australia,160,25937,61.7
4078,Qld,152.95058,-27.61265,Major Cities of Australia,96,19506,49.2
4101,Qld,153.00966,-27.48425,Major Cities of Australia,97,23431,41.4
4102,Qld,153.0328,-27.49546,Major Cities of Australia,25,8295,30.1
4103,Qld,153.02877,-27.51218,Major Cities of Australia,33,10139,32.5
4104,Qld,153.01154,-27.51576,Major Cities of Australia,12,5347,22.4
4105,Qld,153.01889,-27.53444,Major Cities of Australia,43,13164,32.7
4106,Qld,153.00462,-27.55214,Major Cities of Australia,11,6008,18.3
4107,Qld,153.03064,-27.55205,Major Cities of Australia,35,8505,41.2
4108,Qld,150.6048,-24.94761,Major Cities of Australia,31,9696,32.0
4109,Qld,153.05745,-27.57925,Major Cities of Australia,120,28520,42.1
4110,Qld,152.10509,-26.62392,Major Cities of Australia,73,23129,31.6
4111,Qld,153.05223,-27.55064,Major Cities of Australia,3,949,31.6
4112,Qld,153.08784,-27.61113,Major Cities of Australia,25,6067,41.2
4113,Qld,153.07793,-27.59072,Major Cities of Australia,62,24446,25.4
4114,Qld,153.11076,-27.65281,Major Cities of Australia,196,21399,91.6
4115,Qld,153.0225,-27.64384,Major Cities of Australia,71,15797,44.9
4116,Qld,153.05079,-27.63399,Major Cities of Australia,64,20298,31.5
4117,Qld,153.08304,-27.64469,Major Cities of Australia,20,5097,39.2
4118,Qld,153.02732,-27.67381,Major Cities of Australia,123,27899,44.1
4119,Qld,153.10977,-27.6115,Major Cities of Australia,32,8951,35.8
4120,Qld,153.04422,-27.50871,Major Cities of Australia,34,7545,45.1
4121,Qld,153.05395,-27.52697,Major Cities of Australia,63,19104,33.0
4122,Qld,153.08816,-27.54332,Major Cities of Australia,119,35941,33.1
4123,Qld,153.11615,-27.58353,Major Cities of Australia,74,19063,38.8
4124,Qld,152.9595,-27.71931,Inner Regional Australia,137,26232,52.2
4125,Qld,153.04108,-27.73043,Major Cities of Australia,98,15537,63.1
4127,Qld,153.14203,-27.62947,Major Cities of Australia,142,27417,51.8
4128,Qld,153.17421,-27.6524,Major Cities of Australia,73,15265,47.8
4129,Qld,153.18682,-27.68152,Major Cities of Australia,53,8620,61.5
4130,Qld,153.24333,-27.66924,Major Cities of Australia,57,8973,63.5
4131,Qld,153.13607,-27.66991,Major Cities of Australia,56,10562,53.0
4132,Qld,153.0844,-27.68106,Major Cities of Australia,136,20496,66.4
4133,Qld,153.10266,-27.72384,Major Cities of Australia,168,23459,71.6
4151,Qld,153.05861,-27.50081,Major Cities of Australia,27,13984,19.3
4152,Qld,153.09681,-27.50135,Major Cities of Australia,99,36082,27.4
4153,Qld,153.13143,-27.51003,Major Cities of Australia,8,4017,19.9
4154,Qld,153.15873,-27.49069,Major Cities of Australia,22,9518,23.1
4155,Qld,153.15645,-27.5181,Major Cities of Australia,11,1923,57.2
4156,Qld,153.15418,-27.55886,Major Cities of Australia,19,3274,58.0
4157,Qld,153.2071,-27.56818,Major Cities of Australia,92,20221,45.5
4158,Qld,153.1998,-27.48769,Major Cities of Australia,26,3305,78.7
4159,Qld,153.20962,-27.50229,Major Cities of Australia,67,12763,52.5
4160,Qld,153.24331,-27.50641,Major Cities of Australia,94,16377,57.4
4161,Qld,153.22686,-27.53341,Major Cities of Australia,71,13771,51.6
4163,Qld,153.26571,-27.53522,Major Cities of Australia,125,15319,81.6
4164,Qld,153.26083,-27.56996,Major Cities of Australia,72,16310,44.1
4165,Qld,153.2638,-27.62398,Inner Regional Australia,192,35847,53.6
4169,Qld,153.04098,-27.48418,Major Cities of Australia,52,13015,40.0
4170,Qld,153.07423,-27.47078,Major Cities of Australia,52,24388,21.3
4171,Qld,150.39952,-23.28785,Major Cities of Australia,42,13453,31.2
4172,Qld,153.10333,-27.45877,Major Cities of Australia,9,9311,9.7
4173,Qld,153.12063,-27.47581,Major Cities of Australia,27,7983,33.8
4174,Qld,153.12942,-27.45009,Major Cities of Australia,17,4494,37.8
4178,Qld,153.22577,-27.4212,Remote Australia,124,25293,49.0
4179,Qld,153.23404,-27.39082,Major Cities of Australia,78,16213,48.1
4183,Qld,153.45174,-27.54701,Remote Australia,30,3074,97.6
4184,Qld,153.38466,-27.6765,Remote Australia,218,11810,184.6
4205,Qld,153.15629,-27.68739,Major Cities of Australia,33,5137,64.2
4207,Qld,153.20173,-27.73824,Inner Regional Australia,470,73338,64.1
4208,Qld,153.27631,-27.76703,Inner Regional Australia,133,24558,54.2
4209,Qld,153.39289,-27.8055,Major Cities of Australia,296,62132,47.6
4210,Qld,153.27948,-27.93221,Major Cities of Australia,142,21277,66.7
4211,Qld,153.24126,-28.03545,Inner Regional Australia,323,59569,54.2
4212,Qld,153.35772,-27.87787,Major Cities of Australia,219,33659,65.1
4213,Qld,153.31792,-28.1113,Inner Regional Australia,227,29597,76.7
4214,Qld,153.36558,-27.96701,Major Cities of Australia,243,40144,60.5
4215,Qld,153.39795,-27.96713,Major Cities of Australia,319,50342,63.4
4216,Qld,153.41941,-27.83935,Inner Regional Australia,315,36046,87.4
4217,Qld,153.4122,-28.00878,Major Cities of Australia,266,40519,65.6
4218,Qld,153.41692,-28.03763,Major Cities of Australia,220,32308,68.1
4219,Qld,153.4342,-28.11175,,0,205,0.0
4220,Qld,153.43441,-28.08495,Major Cities of Australia,267,33169,80.5
4221,Qld,153.45837,-28.12732,Major Cities of Australia,253,26707,94.7
4223,Qld,153.41509,-28.19076,Inner Regional Australia,154,15990,96.3
4224,Qld,153.48933,-28.15022,Major Cities of Australia,60,6974,86.0
4225,Qld,153.52053,-28.16902,Major Cities of Australia,124,10563,117.4
4226,Qld,153.40282,-28.06794,Major Cities of Australia,147,31217,47.1
4227,Qld,153.41039,-28.10189,Major Cities of Australia,100,20260,49.4
4228,Qld,153.37739,-28.18208,Inner Regional Australia,64,5806,110.2
4270,Qld,153.13557,-27.86235,Inner Regional Australia,37,5412,68.4
4271,Qld,153.20147,-27.91838,,3,360,83.3
4272,Qld,153.18684,-27.9546,Inner Regional Australia,75,7535,99.5
4275,Qld,153.13794,-28.103,Inner Regional Australia,42,4493,93.5
4280,Qld,153.02043,-27.81923,Inner Regional Australia,141,24378,57.8
4285,Qld,152.97113,-28.04391,Inner Regional Australia,158,24604,64.2
4287,Qld,152.82297,-28.25914,Outer Regional Australia,11,888,123.9
4300,Qld,152.88605,-27.68385,Major Cities of Australia,222,55435,40.0
4301,Qld,152.85809,-27.62939,Major Cities of Australia,142,31523,45.0
4303,Qld,152.84019,-27.60459,Major Cities of Australia,20,3321,60.2
4304,Qld,152.80457,-27.62066,Major Cities of Australia,72,15972,45.1
4305,Qld,152.7537,-27.62752,Inner Regional Australia,245,55518,44.1
4306,Qld,152.72797,-27.48983,Inner Regional Australia,213,48144,44.2
4307,Qld,152.5924,-27.8518,Inner Regional Australia,7,2061,34.0
4309,Qld,152.52337,-27.98728,Inner Regional Australia,30,4017,74.7
4310,Qld,152.6006,-28.1214,Inner Regional Australia,51,6757,75.5
4311,Qld,152.43812,-27.41768,Inner Regional Australia,76,11669,65.1
4312,Qld,152.48264,-27.25606,Inner Regional Australia,36,3268,110.2
4313,Qld,152.32154,-27.08952,Inner Regional Australia,30,2659,112.8
4314,Qld,152.13839,-26.86608,Outer Regional Australia,46,3668,125.4
4340,Qld,152.4727,-27.80345,Inner Regional Australia,44,6406,68.7
4341,Qld,152.39666,-27.68768,Inner Regional Australia,120,17787,67.5
4342,Qld,152.37769,-27.54385,Inner Regional Australia,23,3088,74.5
4343,Qld,152.22462,-27.65607,Inner Regional Australia,78,12946,60.3
4344,Qld,152.06363,-27.57359,Inner Regional Australia,17,3043,55.9
4346,Qld,152.58823,-27.56237,Inner Regional Australia,7,1228,57.0
4347,Qld,152.1427,-27.65506,Inner Regional Australia,13,1861,69.9
4350,Qld,151.85269,-27.57631,Inner Regional Australia,479,106741,44.9
4352,Qld,151.94711,-27.62121,Outer Regional Australia,176,33710,52.2
4353,Qld,151.90458,-27.25698,Inner Regional Australia,3,435,69.0
4354,Qld,151.88792,-27.34388,Inner Regional Australia,13,1477,88.0
4355,Qld,152.01761,-27.18637,Inner Regional Australia,27,2960,91.2
4356,Qld,151.55027,-27.66307,Inner Regional Australia,23,5880,39.1
4357,Qld,151.10387,-27.95765,Outer Regional Australia,22,3368,65.3
4358,Qld,151.8812,-27.72755,Inner Regional Australia,20,3081,64.9
4359,Qld,152.0247,-27.79142,Inner Regional Australia,9,1544,58.3
4360,Qld,151.90704,-27.8538,Inner Regional Australia,8,702,114.0
4361,Qld,151.94828,-27.96521,Inner Regional Australia,15,3269,45.9
4362,Qld,151.92468,-28.04555,Inner Regional Australia,31,3111,99.6
4363,Qld,151.7397,-27.67665,Inner Regional Australia,4,790,50.6
4364,Qld,151.39618,-27.71049,Inner Regional Australia,0,358,0.0
4365,Qld,151.59753,-28.01715,Inner Regional Australia,9,682,132.0
4370,Qld,152.02906,-28.21826,Outer Regional Australia,152,20718,73.4
4371,Qld,152.23424,-28.19902,Inner Regional Australia,4,921,43.4
4372,Qld,152.23309,-28.30307,Inner Regional Australia,0,209,0.0
4373,Qld,152.37666,-28.3099,Outer Regional Australia,16,1317,121.5
4374,Qld,151.76521,-28.4098,Outer Regional Australia,4,572,69.9
4375,Qld,151.88844,-28.52056,Outer Regional Australia,3,272,110.3
4376,Qld,151.93378,-28.54149,Outer Regional Australia,7,395,177.2
4377,Qld,151.9793,-28.56611,Outer Regional Australia,5,715,69.9
4378,Qld,151.95549,-28.61395,Outer Regional Australia,0,623,0.0
4380,Qld,151.82536,-28.68873,Outer Regional Australia,65,8666,75.0
4381,Qld,151.85504,-28.75703,Outer Regional Australia,8,666,120.1
4382,Qld,151.83224,-28.83243,Outer Regional Australia,7,647,108.2
4383,Qld,151.95889,-28.92256,Outer Regional Australia,13,712,182.6
4385,Qld,151.21459,-28.77552,Outer Regional Australia,8,1372,58.3
4387,Qld,150.96784,-28.34163,Outer Regional Australia,7,1506,46.5
4388,Qld,150.64626,-28.5088,Outer Regional Australia,5,494,101.2
4390,Qld,150.32102,-28.22891,Outer Regional Australia,23,8911,25.8
4400,Qld,151.8563,-27.4855,Inner Regional Australia,15,2222,67.5
4401,Qld,151.70291,-27.46317,Inner Regional Australia,37,6017,61.5
4402,Qld,151.80397,-26.97898,Outer Regional Australia,5,433,115.5
4403,Qld,151.59696,-27.32063,Inner Regional Australia,8,1048,76.3
4404,Qld,151.48067,-27.33128,Inner Regional Australia,0,663,0.0
4405,Qld,150.98444,-27.29461,Remote Australia,76,15380,49.4
4406,Qld,151.16037,-27.29576,Remote Australia,8,1963,40.8
4407,Qld,150.96198,-27.56368,Outer Regional Australia,4,637,62.8
4408,Qld,151.39305,-26.83571,Outer Regional Australia,3,726,41.3
4410,Qld,151.10227,-26.74979,Outer Regional Australia,8,1632,49.0
4411,Qld,150.89467,-26.90398,Outer Regional Australia,0,391,0.0
4412,Qld,150.79881,-26.83584,Outer Regional Australia,0,312,0.0
4413,Qld,150.60793,-26.5446,Outer Regional Australia,44,8886,49.5
4415,Qld,150.1933,-26.62193,Remote Australia,13,2360,55.1
4416,Qld,149.79804,-26.99575,Outer Regional Australia,3,669,44.8
4417,Qld,149.07017,-27.3482,Remote Australia,3,769,39.0
4419,Qld,149.90168,-26.04577,Remote Australia,3,1215,24.7
4420,Qld,149.58437,-25.44063,Remote Australia,4,1635,24.5
4421,Qld,150.4443,-27.32437,Outer Regional Australia,31,2823,109.8
4422,Qld,149.682,-27.72492,Remote Australia,3,704,42.6
4424,Qld,149.96027,-26.59839,Outer Regional Australia,0,255,0.0
4425,Qld,149.77314,-26.64907,Outer Regional Australia,4,323,123.8
4427,Qld,149.38194,-26.75002,Remote Australia,0,431,0.0
4428,Qld,149.20649,-26.40373,Remote Australia,0,796,0.0
4454,Qld,148.56527,-25.54716,Very Remote Australia,3,1049,28.6
4455,Qld,148.69023,-26.73282,Remote Australia,24,9544,25.1
4465,Qld,147.88782,-26.68616,Very Remote Australia,9,1470,61.2
4467,Qld,147.47153,-26.30014,Very Remote Australia,3,192,156.2
4470,Qld,146.10728,-26.40546,Very Remote Australia,9,3445,26.1
4472,Qld,145.14118,-24.78415,Very Remote Australia,9,1632,55.1
4477,Qld,148.32457,-26.22291,Very Remote Australia,3,581,51.6
4478,Qld,146.39941,-24.8894,Very Remote Australia,3,601,49.9
4480,Qld,143.27416,-26.2485,Very Remote Australia,3,1050,28.6
4481,Qld,141.58127,-25.37758,Very Remote Australia,0,143,0.0
4486,Qld,147.83012,-28.61221,Very Remote Australia,3,1179,25.4
4487,Qld,148.40851,-27.93119,Remote Australia,9,3641,24.7
4488,Qld,147.23432,-28.07102,Very Remote Australia,0,302,0.0
4490,Qld,145.59626,-28.41805,Very Remote Australia,10,1503,66.5
4491,Qld,145.08366,-27.91583,Very Remote Australia,0,112,0.0
4492,Qld,142.9669,-28.02435,Very Remote Australia,3,442,67.9
4494,Qld,149.60655,-28.14351,Remote Australia,3,280,107.1
4496,Qld,149.26797,-28.36499,Remote Australia,3,428,70.1
4497,Qld,148.75358,-28.64548,Remote Australia,0,455,0.0
4500,Qld,152.93944,-27.30784,Major Cities of Australia,158,44070,35.9
4501,Qld,152.9462,-27.27763,Major Cities of Australia,22,5642,39.0
4502,Qld,152.96681,-27.26497,Major Cities of Australia,32,7055,45.4
4503,Qld,152.99319,-27.24064,Major Cities of Australia,166,42682,38.9
4504,Qld,152.93208,-27.18662,Inner Regional Australia,95,20236,46.9
4505,Qld,152.98599,-27.14953,Major Cities of Australia,159,27007,58.9
4506,Qld,152.93629,-27.1284,Major Cities of Australia,129,23606,54.6
4507,Qld,153.12414,-26.98778,Inner Regional Australia,303,18927,160.1
4508,Qld,153.01372,-27.1812,Major Cities of Australia,123,16275,75.6
4509,Qld,153.01557,-27.22733,Major Cities of Australia,77,30565,25.2
4510,Qld,152.36142,-26.4565,Inner Regional Australia,397,52337,75.9
4511,Qld,153.0808,-27.07793,Major Cities of Australia,88,9415,93.5
4512,Qld,152.85831,-27.02248,Inner Regional Australia,27,4659,58.0
4514,Qld,152.73785,-26.9213,Inner Regional Australia,78,9046,86.2
4515,Qld,152.52903,-26.86339,Outer Regional Australia,36,5046,71.3
4516,Qld,152.95724,-27.00554,Major Cities of Australia,38,5041,75.4
4517,Qld,152.98765,-26.95108,Inner Regional Australia,16,954,167.7
4518,Qld,152.98603,-26.90243,Inner Regional Australia,48,6118,78.5
4519,Qld,152.91803,-26.84939,Inner Regional Australia,74,9744,75.9
4520,Qld,152.81343,-27.31751,Inner Regional Australia,73,14890,49.0
4521,Qld,152.78617,-27.16977,Inner Regional Australia,41,5846,70.1
4550,Qld,152.97135,-26.81208,Inner Regional Australia,43,5197,82.7
4551,Qld,153.09382,-26.81815,Major Cities of Australia,552,64652,85.4
4552,Qld,152.7669,-26.73431,Inner Regional Australia,102,9819,103.9
4553,Qld,153.01796,-26.7718,Inner Regional Australia,70,13355,52.4
4554,Qld,152.96504,-26.73169,Inner Regional Australia,25,2307,108.4
4555,Qld,152.95452,-26.6917,Inner Regional Australia,69,8739,79.0
4556,Qld,153.04978,-26.70038,Major Cities of Australia,288,44405,64.9
4557,Qld,153.11342,-26.68632,Major Cities of Australia,120,16697,71.9
4558,Qld,153.07537,-26.65507,Major Cities of Australia,193,25133,76.8
4559,Qld,152.96501,-26.66324,Inner Regional Australia,52,7581,68.6
4560,Qld,152.91738,-26.63509,Inner Regional Australia,281,36013,78.0
4561,Qld,152.96481,-26.53149,Inner Regional Australia,90,10743,83.8
4562,Qld,152.80309,-26.50586,Inner Regional Australia,90,10234,87.9
4563,Qld,152.90921,-26.42575,Inner Regional Australia,96,11028,87.1
4564,Qld,153.07924,-26.61236,Major Cities of Australia,105,10988,95.6
4565,Qld,153.04251,-26.16751,Inner Regional Australia,144,15125,95.2
4566,Qld,153.04742,-26.41173,Major Cities of Australia,71,9911,71.6
4567,Qld,153.09696,-26.4086,Major Cities of Australia,87,12594,69.1
4568,Qld,152.87661,-26.31399,Inner Regional Australia,47,4351,108.0
4569,Qld,152.82284,-26.33457,Inner Regional Australia,18,1857,96.9
4570,Qld,152.61694,-26.15383,Outer Regional Australia,461,52583,87.7
4571,Qld,152.93188,-26.21974,Inner Regional Australia,8,1052,76.0
4572,Qld,153.102,-26.67159,Major Cities of Australia,35,3709,94.4
4573,Qld,153.06857,-26.51419,Major Cities of Australia,212,27856,76.1
4574,Qld,152.76113,-26.63037,Inner Regional Australia,15,1756,85.4
4575,Qld,153.11948,-26.74204,Major Cities of Australia,210,26289,79.9
4580,Qld,152.92899,-25.891,Inner Regional Australia,101,5735,176.1
4581,Qld,153.10744,-25.84163,Remote Australia,21,1944,108.0
4600,Qld,152.22108,-26.0551,Outer Regional Australia,11,1254,87.7
4601,Qld,152.01241,-26.145,Outer Regional Australia,7,1369,51.1
4605,Qld,151.87697,-26.117,Outer Regional Australia,25,4129,60.5
4606,Qld,151.82308,-26.26117,Outer Regional Australia,26,2623,99.1
4608,Qld,151.74134,-26.35256,Outer Regional Australia,11,1160,94.8
4610,Qld,151.52257,-26.5769,Outer Regional Australia,106,16026,66.1
4611,Qld,151.77601,-26.17672,Outer Regional Australia,4,199,201.0
4612,Qld,151.58981,-26.00464,Outer Regional Australia,6,375,160.0
4613,Qld,151.3389,-26.27977,Outer Regional Australia,12,1022,117.4
4614,Qld,151.96467,-26.84833,Outer Regional Australia,17,1319,128.9
4615,Qld,152.01043,-26.65956,Outer Regional Australia,108,8237,131.1
4620,Qld,152.28087,-25.55705,Outer Regional Australia,6,603,99.5
4621,Qld,152.0428,-25.53583,Outer Regional Australia,34,2223,152.9
4625,Qld,151.64853,-25.56762,Outer Regional Australia,23,3106,74.1
4626,Qld,151.12293,-25.75828,Outer Regional Australia,21,2294,91.5
4627,Qld,150.77866,-25.35018,Remote Australia,9,976,92.2
4630,Qld,150.9755,-24.86067,Remote Australia,14,2909,48.1
4650,Qld,152.7858,-25.64189,Outer Regional Australia,442,35622,124.1
4655,Qld,152.79231,-25.33984,Remote Australia,750,64471,116.3
4659,Qld,152.56868,-25.26628,Inner Regional Australia,102,6283,162.3
4660,Qld,152.30097,-25.1893,Inner Regional Australia,126,9687,130.1
4662,Qld,152.59878,-25.34721,Inner Regional Australia,8,846,94.6
4670,Qld,152.29274,-24.87955,Outer Regional Australia,726,82375,88.1
4671,Qld,151.78638,-25.07653,Outer Regional Australia,79,7458,105.9
4673,Qld,152.08882,-24.72964,Outer Regional Australia,9,796,113.1
4674,Qld,151.87253,-24.6885,Outer Regional Australia,30,2221,135.1
4676,Qld,151.62196,-24.63232,Outer Regional Australia,0,236,0.0
4677,Qld,151.72774,-24.31847,Outer Regional Australia,66,5534,119.3
4678,Qld,151.63429,-24.1469,Outer Regional Australia,8,1099,72.8
4680,Qld,151.86616,-23.47847,Remote Australia,257,55632,46.2
4695,Qld,150.96586,-23.80712,Outer Regional Australia,6,1380,43.5
4697,Qld,150.81952,-23.71136,Outer Regional Australia,3,247,121.5
4699,Qld,150.64317,-23.65789,Outer Regional Australia,3,585,51.3
4700,Qld,150.95811,-23.18017,Remote Australia,66,16862,39.1
4701,Qld,150.55565,-23.35594,Inner Regional Australia,142,37659,37.7
4702,Qld,150.67772,-23.43826,Very Remote Australia,145,31960,45.4
4703,Qld,150.89433,-23.07456,Outer Regional Australia,179,25591,69.9
4704,Qld,150.38116,-23.13574,Outer Regional Australia,0,230,0.0
4705,Qld,149.71921,-22.77175,Remote Australia,0,488,0.0
4706,Qld,149.67538,-22.58087,Remote Australia,0,67,0.0
4707,Qld,149.23551,-22.51501,Very Remote Australia,8,325,246.2
4709,Qld,148.42916,-23.05965,Remote Australia,3,736,40.8
4710,Qld,150.82635,-23.25722,Inner Regional Australia,42,5116,82.1
4711,Qld,150.47623,-23.25253,Inner Regional Australia,9,1963,45.8
4712,Qld,149.67373,-23.69521,Outer Regional Australia,3,453,66.2
4714,Qld,150.39491,-23.66268,Inner Regional Australia,24,2883,83.2
4715,Qld,150.45869,-24.39362,Outer Regional Australia,33,7739,42.6
4716,Qld,150.80605,-24.48347,Outer Regional Australia,4,1035,38.6
4717,Qld,148.89133,-23.63282,Outer Regional Australia,15,4317,34.7
4718,Qld,149.61503,-24.67505,Remote Australia,13,2784,46.7
4719,Qld,150.21377,-24.99957,Remote Australia,8,1384,57.8
4720,Qld,148.17893,-23.63223,Remote Australia,37,15797,23.4
4721,Qld,147.32155,-22.55462,Very Remote Australia,12,4658,25.8
4722,Qld,147.79774,-24.34076,Very Remote Australia,6,2287,26.2
4723,Qld,148.13829,-23.03136,Remote Australia,9,1885,47.7
4724,Qld,146.76924,-23.63326,Very Remote Australia,3,893,33.6
4725,Qld,145.17287,-23.65767,Very Remote Australia,7,1698,41.2
4727,Qld,144.61698,-23.51564,Very Remote Australia,0,334,0.0
4730,Qld,143.45201,-23.78437,Very Remote Australia,9,3381,26.6
4731,Qld,144.24817,-24.69589,Very Remote Australia,3,267,112.4
4732,Vic,144.56633,-22.4112,Very Remote Australia,6,215,279.1
4735,Qld,141.86177,-22.81058,Very Remote Australia,7,1529,45.8
4736,Qld,143.10313,-24.93661,Very Remote Australia,3,240,125.0
4737,Qld,149.17807,-21.43004,Outer Regional Australia,47,9399,50.0
4738,Qld,149.26745,-21.62224,Outer Regional Australia,7,1541,45.4
4739,Qld,149.39505,-21.93057,Remote Australia,4,474,84.4
4740,Qld,149.10047,-21.35031,Outer Regional Australia,354,87284,40.6
4741,Qld,149.2717,-20.8086,Remote Australia,41,8536,48.0
4742,Qld,148.57204,-21.72803,Remote Australia,4,1411,28.3
4743,Qld,147.90699,-21.45373,Remote Australia,0,389,0.0
4744,Qld,148.04513,-22.01839,Outer Regional Australia,17,8575,19.8
4745,Qld,148.25959,-22.49788,Remote Australia,8,2395,33.4
4746,Qld,148.85093,-22.85194,Remote Australia,3,1331,22.5
4750,Qld,149.15228,-21.04257,Inner Regional Australia,23,5446,42.2
4751,Qld,149.0407,-21.22186,Outer Regional Australia,15,4797,31.3
4753,Qld,148.95255,-21.16902,Outer Regional Australia,19,4512,42.1
4754,Qld,148.83276,-21.18806,Outer Regional Australia,15,2459,61.0
4756,Qld,148.60968,-21.12633,Outer Regional Australia,6,702,85.5
4757,Qld,148.50081,-21.05427,Outer Regional Australia,4,441,90.7
4798,Qld,148.73779,-20.88991,Outer Regional Australia,8,836,95.7
4799,Qld,148.62201,-20.72042,Outer Regional Australia,14,1477,94.8
4800,Qld,148.51547,-20.45579,Outer Regional Australia,61,11875,51.4
4802,Qld,148.98904,-20.27107,Very Remote Australia,85,10970,77.5
4803,Qld,148.95882,-20.35407,,7,491,142.6
4804,Qld,147.51846,-20.86795,Remote Australia,5,2041,24.5
4805,Qld,148.45799,-20.01661,Remote Australia,81,11642,69.6
4806,Qld,147.4273,-19.85103,Outer Regional Australia,24,3899,61.6
4807,Qld,147.15793,-19.89437,Remote Australia,45,11391,39.5
4808,Qld,147.3044,-19.51007,Outer Regional Australia,5,1259,39.7
4809,Qld,147.13982,-19.53085,Outer Regional Australia,5,1334,37.5
4810,Qld,146.76579,-19.2262,Outer Regional Australia,85,20696,41.1
4811,Qld,146.84033,-19.32311,Outer Regional Australia,49,11684,41.9
4812,Qld,146.78772,-19.28663,Outer Regional Australia,60,16100,37.3
4814,Qld,146.75474,-19.28582,Outer Regional Australia,154,41041,37.5
4815,Qld,146.69172,-19.4035,Outer Regional Australia,68,17266,39.4
4816,Qld,146.7704,-19.73859,Very Remote Australia,73,9604,76.0
4817,Qld,146.65231,-19.3105,Remote Australia,82,26535,30.9
4818,Qld,146.55897,-19.24032,Outer Regional Australia,123,31565,39.0
4819,Qld,146.83501,-19.13956,Outer Regional Australia,31,3450,89.9
4820,Qld,146.2697,-20.29437,Very Remote Australia,49,10274,47.7
4821,Qld,144.2076,-20.88493,Very Remote Australia,0,1853,0.0
4822,Qld,142.96453,-20.5955,Very Remote Australia,3,1153,26.0
4823,Qld,141.24375,-19.21447,Very Remote Australia,5,1190,42.0
4824,Qld,140.63413,-20.76831,Very Remote Australia,0,3056,0.0
4825,Qld,137.70597,-20.95642,Very Remote Australia,38,15654,24.3
4828,Qld,138.35072,-19.54375,Very Remote Australia,3,173,173.4
4829,Qld,140.22124,-23.32994,Very Remote Australia,3,631,47.5
4830,Qld,138.87976,-17.81476,Very Remote Australia,3,647,46.4
4849,Qld,146.02793,-18.26565,Very Remote Australia,16,1518,105.4
4850,Qld,146.48882,-18.56317,Remote Australia,52,11743,44.3
4852,Qld,146.09889,-17.83992,Remote Australia,44,4122,106.7
4854,Qld,145.84275,-18.01755,Remote Australia,40,5824,68.7
4855,Qld,146.01211,-17.81219,Outer Regional Australia,5,853,58.6
4856,Qld,145.9391,-17.74267,Outer Regional Australia,3,712,42.1
4858,Qld,146.07881,-17.62258,Outer Regional Australia,6,1518,39.5
4859,Qld,145.95776,-17.60361,Outer Regional Australia,3,501,59.9
4860,Qld,145.89438,-17.52174,Outer Regional Australia,64,10041,63.7
4861,Qld,145.87217,-17.35282,Outer Regional Australia,12,1482,81.0
4865,Qld,145.79142,-17.0782,Outer Regional Australia,36,8375,43.0
4868,Qld,145.73182,-16.97975,Outer Regional Australia,74,18064,41.0
4869,Qld,145.73042,-17.02559,Outer Regional Australia,70,17285,40.5
4870,Qld,145.73881,-16.92621,Outer Regional Australia,396,65443,60.5
4871,Qld,145.72407,-17.04604,Very Remote Australia,59,10911,54.1
4872,Qld,145.10857,-17.99833,Very Remote Australia,35,5264,66.5
4873,Qld,145.30525,-16.24578,Remote Australia,42,6974,60.2
4874,Qld,142.37426,-12.41308,Very Remote Australia,5,5188,9.6
4875,Qld,143.76921,-9.5849,Very Remote Australia,7,2265,30.9
4876,Qld,142.47086,-11.18831,Very Remote Australia,3,1164,25.8
4877,Qld,145.4676,-16.53529,Outer Regional Australia,35,5093,68.7
4878,Qld,145.71153,-16.83938,Outer Regional Australia,63,13598,46.3
4879,Qld,145.66647,-16.78978,Outer Regional Australia,101,19687,51.3
4880,Qld,145.34566,-16.99201,Outer Regional Australia,92,13626,67.5
4881,Qld,145.47095,-17.14362,Outer Regional Australia,42,4888,85.9
4882,Qld,145.47284,-17.20252,Outer Regional Australia,21,3478,60.4
4883,Qld,145.47666,-17.33327,Outer Regional Australia,64,8795,72.8
4884,Qld,145.65142,-17.27222,Outer Regional Australia,25,2305,108.5
4885,Qld,145.62414,-17.38419,Outer Regional Australia,38,4383,86.7
4886,Qld,145.63379,-17.53568,Outer Regional Australia,7,1007,69.5
4887,Qld,145.38805,-17.39644,Outer Regional Australia,21,2333,90.0
4888,Qld,145.49105,-17.49934,Remote Australia,34,3310,102.7
4890,Qld,141.18506,-17.74187,Very Remote Australia,3,1198,25.0
4891,Qld,140.92883,-17.44738,Very Remote Australia,3,541,55.5
4892,Qld,143.3735,-14.6604,Very Remote Australia,4,1590,25.2
4895,Qld,145.26785,-16.07163,Very Remote Australia,33,4224,78.1
5000,SA,138.60776,-34.93646,Major Cities of Australia,18,30175,6.0
5006,SA,138.5845,-34.91152,Major Cities of Australia,3,4885,6.1
5007,SA,138.56787,-34.90326,Major Cities of Australia,131,8435,155.3
5008,SA,138.55941,-34.88751,Major Cities of Australia,22,11562,19.0
5009,SA,138.54249,-34.89691,Major Cities of Australia,7,5640,12.4
5010,SA,138.55832,-34.8575,Major Cities of Australia,16,6510,24.6
5011,SA,138.53072,-34.88027,Major Cities of Australia,14,11521,12.2
5012,SA,138.54164,-34.86303,Major Cities of Australia,35,8656,40.4
5013,SA,138.55345,-34.84198,Major Cities of Australia,19,14274,13.3
5014,SA,138.50925,-34.86475,Major Cities of Australia,21,12134,17.3
5015,SA,138.5203,-34.81911,Major Cities of Australia,10,6340,15.8
5016,SA,138.4938,-34.82452,Major Cities of Australia,20,8087,24.7
5017,SA,138.49813,-34.80649,Major Cities of Australia,14,3785,37.0
5018,SA,138.49958,-34.77906,Major Cities of Australia,20,5128,39.0
5019,SA,138.47705,-34.84771,Major Cities of Australia,15,7272,20.6
5020,SA,138.48164,-34.86732,Major Cities of Australia,9,2772,32.5
5021,SA,138.49291,-34.86628,Major Cities of Australia,16,5984,26.7
5022,SA,138.49264,-34.90546,Major Cities of Australia,30,13322,22.5
5023,SA,138.51199,-34.90073,Major Cities of Australia,18,14157,12.7
5024,SA,138.50605,-34.94883,Major Cities of Australia,21,12317,17.0
5025,SA,138.52957,-34.91238,Major Cities of Australia,7,7616,9.2
5031,SA,138.57087,-34.93693,Major Cities of Australia,8,12523,6.4
5032,SA,138.54436,-34.93573,Major Cities of Australia,15,11417,13.1
5033,SA,138.55845,-34.93886,Major Cities of Australia,10,11312,8.8
5034,SA,138.58811,-34.95623,Major Cities of Australia,14,8941,15.7
5035,SA,138.57519,-34.95208,Major Cities of Australia,8,7818,10.2
5037,SA,138.54583,-34.9574,Major Cities of Australia,12,10139,11.8
5038,SA,138.54837,-34.96805,Major Cities of Australia,17,13218,12.9
5039,SA,138.57074,-34.97626,Major Cities of Australia,13,9548,13.6
5040,SA,138.52741,-34.96308,Major Cities of Australia,3,1793,16.7
5041,SA,138.59418,-35.00298,Major Cities of Australia,15,10448,14.4
5042,SA,138.57435,-35.00774,Major Cities of Australia,12,9519,12.6
5043,SA,138.55385,-35.00549,Major Cities of Australia,21,14512,14.5
5044,SA,138.51631,-35.00121,Major Cities of Australia,23,9786,23.5
5045,SA,138.51697,-34.97712,Major Cities of Australia,32,12881,24.8
5046,SA,138.53543,-35.00379,Major Cities of Australia,13,7141,18.2
5047,SA,138.54657,-35.0307,Major Cities of Australia,13,7099,18.3
5048,SA,138.52046,-35.01742,Major Cities of Australia,36,12157,29.6
5049,SA,138.52272,-35.04539,Major Cities of Australia,26,8775,29.6
5050,SA,138.60127,-35.02631,Major Cities of Australia,7,4814,14.5
5051,SA,138.62041,-35.03377,Major Cities of Australia,30,12812,23.4
5052,SA,138.61868,-35.00389,Major Cities of Australia,10,5505,18.2
5061,SA,138.60648,-34.9572,Major Cities of Australia,8,8845,9.0
5062,SA,138.60239,-35.00406,Major Cities of Australia,16,12557,12.7
5063,SA,138.62148,-34.95432,Major Cities of Australia,18,10107,17.8
5064,SA,138.64918,-34.96319,Major Cities of Australia,10,8086,12.4
5065,SA,138.63397,-34.94036,Major Cities of Australia,7,8856,7.9
5066,SA,138.66029,-34.94096,Major Cities of Australia,12,9894,12.1
5067,SA,138.63057,-34.91998,Major Cities of Australia,4,9886,4.0
5068,SA,138.655,-34.9226,Major Cities of Australia,9,10190,8.8
5069,SA,138.62353,-34.9076,Major Cities of Australia,8,7304,11.0
5070,SA,138.64217,-34.9005,Major Cities of Australia,11,12113,9.1
5072,SA,138.69611,-34.91208,Major Cities of Australia,18,11031,16.3
5073,SA,138.68315,-34.89528,Major Cities of Australia,9,13005,6.9
5074,SA,138.66927,-34.88423,Major Cities of Australia,12,11366,10.6
5075,SA,138.67525,-34.86133,Major Cities of Australia,16,9139,17.5
5076,SA,138.70368,-34.87384,Inner Regional Australia,10,8241,12.1
5081,SA,138.61767,-34.89142,Major Cities of Australia,11,7822,14.1
5082,SA,138.58708,-34.88602,Major Cities of Australia,13,12441,10.4
5083,SA,138.60993,-34.87936,Major Cities of Australia,7,6588,10.6
5084,SA,138.5816,-34.86441,Major Cities of Australia,31,8743,35.5
5085,SA,138.61535,-34.85719,Major Cities of Australia,32,18925,16.9
5086,SA,138.64344,-34.85425,Major Cities of Australia,26,13668,19.0
5087,SA,138.63771,-34.87699,Major Cities of Australia,19,9973,19.1
5088,SA,138.67378,-34.84714,Major Cities of Australia,10,3472,28.8
5089,SA,138.72449,-34.85105,Major Cities of Australia,11,5907,18.6
5090,SA,138.70463,-34.84335,Major Cities of Australia,17,6204,27.4
5091,SA,138.73557,-34.82261,Major Cities of Australia,15,6640,22.6
5092,SA,138.68023,-34.82132,Major Cities of Australia,33,14871,22.2
5093,SA,138.65797,-34.83977,Major Cities of Australia,13,7408,17.5
5094,SA,138.58151,-34.80274,Major Cities of Australia,6,4740,12.7
5095,SA,138.6199,-34.82068,Major Cities of Australia,30,17418,17.2
5096,SA,138.64469,-34.79855,Major Cities of Australia,20,12229,16.4
5097,SA,138.70726,-34.81961,Major Cities of Australia,31,11280,27.5
5098,SA,138.63895,-34.8296,Major Cities of Australia,15,10231,14.7
5106,SA,138.62946,-34.79317,Major Cities of Australia,0,1151,0.0
5107,SA,138.60987,-34.78445,Major Cities of Australia,50,14962,33.4
5108,SA,138.61884,-34.76155,Major Cities of Australia,92,31711,29.0
5109,SA,138.66233,-34.77446,Major Cities of Australia,39,16911,23.1
5110,SA,138.56504,-34.72213,Inner Regional Australia,28,8814,31.8
5112,SA,138.66662,-34.72623,Major Cities of Australia,53,13655,38.8
5113,SA,138.67263,-34.70271,Major Cities of Australia,53,13497,39.3
5114,SA,138.75425,-34.71868,Inner Regional Australia,71,29019,24.5
5115,SA,138.6817,-34.66949,Major Cities of Australia,17,10962,15.5
5116,SA,138.72406,-34.62278,Major Cities of Australia,22,9319,23.6
5117,SA,138.63654,-34.64127,Major Cities of Australia,27,6401,42.2
5118,SA,138.7074,-34.58465,Inner Regional Australia,48,18611,25.8
5120,SA,138.5079,-34.66855,Inner Regional Australia,10,4794,20.9
5121,SA,138.62481,-34.68295,Major Cities of Australia,6,2522,23.8
5125,SA,138.73873,-34.77323,Major Cities of Australia,32,16814,19.0
5126,SA,138.72495,-34.79341,Major Cities of Australia,20,6159,32.5
5127,SA,138.67466,-34.79668,Major Cities of Australia,11,6186,17.8
5131,SA,138.75811,-34.79529,Inner Regional Australia,3,1114,26.9
5132,SA,138.75703,-34.85732,Inner Regional Australia,3,525,57.1
5133,SA,138.77698,-34.81093,Inner Regional Australia,5,484,103.3
5134,SA,138.76055,-34.89186,Inner Regional Australia,0,441,0.0
5136,SA,138.73511,-34.92112,Major Cities of Australia,3,526,57.0
5137,SA,138.73596,-34.94578,Inner Regional Australia,3,635,47.2
5138,SA,138.76859,-34.93491,Inner Regional Australia,3,336,89.3
5141,SA,138.72242,-34.95732,Major Cities of Australia,3,723,41.5
5142,SA,138.74022,-34.96081,Major Cities of Australia,0,618,0.0
5144,SA,138.76903,-34.9685,Inner Regional Australia,0,500,0.0
5151,SA,138.7239,-34.97428,Major Cities of Australia,0,440,0.0
5152,SA,138.70396,-34.9984,Major Cities of Australia,12,6064,19.8
5153,SA,138.76143,-35.09834,Inner Regional Australia,20,7079,28.3
5154,SA,138.73592,-35.02325,Major Cities of Australia,11,3453,31.9
5155,SA,138.75673,-35.02008,Inner Regional Australia,6,3449,17.4
5156,SA,138.6567,-35.03019,Major Cities of Australia,3,962,31.2
5157,SA,138.63312,-35.14349,Inner Regional Australia,10,3578,27.9
5158,SA,138.51928,-35.08201,Major Cities of Australia,48,20362,23.6
5159,SA,138.6039,-35.06171,Inner Regional Australia,81,28818,28.1
5160,SA,138.50172,-35.11012,Major Cities of Australia,3,2471,12.1
5161,SA,138.51565,-35.09638,Major Cities of Australia,21,8897,23.6
5162,SA,138.56522,-35.11212,Major Cities of Australia,58,28096,20.6
5163,SA,138.54621,-35.1508,Major Cities of Australia,41,12019,34.1
5164,SA,138.50036,-35.12482,Major Cities of Australia,5,3375,14.8
5165,SA,138.47509,-35.13739,Major Cities of Australia,16,4847,33.0
5166,SA,138.47683,-35.11825,Major Cities of Australia,5,1673,29.9
5167,SA,138.48121,-35.16687,Major Cities of Australia,20,5509,36.3
5168,SA,138.49632,-35.14974,Major Cities of Australia,21,4696,44.7
5169,SA,138.47796,-35.19421,Major Cities of Australia,30,16473,18.2
5170,SA,138.47894,-35.23727,Major Cities of Australia,0,1182,0.0
5171,SA,138.55344,-35.19648,Inner Regional Australia,19,6198,30.7
5172,SA,138.55517,-35.28775,Inner Regional Australia,14,4316,32.4
5173,SA,138.47,-35.29057,Major Cities of Australia,46,11022,41.7
5174,SA,138.47117,-35.33057,Inner Regional Australia,9,2997,30.0
5201,SA,138.71803,-35.20787,Inner Regional Australia,6,2647,22.7
5202,SA,138.50592,-35.38602,Inner Regional Australia,0,1152,0.0
5203,SA,138.38813,-35.45084,Inner Regional Australia,6,1504,39.9
5204,SA,138.32457,-35.57216,Inner Regional Australia,16,3602,44.4
5210,SA,138.65568,-35.38771,Inner Regional Australia,15,2009,74.7
5211,SA,138.61944,-35.5637,Inner Regional Australia,89,16472,54.0
5212,SA,138.66878,-35.5208,Inner Regional Australia,9,2097,42.9
5213,SA,138.71019,-35.50062,Inner Regional Australia,9,1355,66.4
5214,SA,138.83481,-35.49121,Inner Regional Australia,73,10186,71.7
5220,SA,137.23675,-35.74496,Remote Australia,0,370,0.0
5221,SA,137.72022,-35.79378,Remote Australia,3,562,53.4
5222,SA,137.92009,-35.80312,Remote Australia,3,1323,22.7
5223,SA,137.53965,-35.78616,Remote Australia,14,4582,30.6
5231,SA,138.82719,-34.80293,Inner Regional Australia,8,1318,60.7
5232,SA,138.81596,-34.85545,Inner Regional Australia,0,464,0.0
5233,SA,138.88589,-34.84383,Inner Regional Australia,8,1599,50.0
5234,SA,138.96607,-34.80514,Inner Regional Australia,4,1477,27.1
5235,SA,139.07815,-34.68801,Inner Regional Australia,10,3025,33.1
5237,SA,139.19187,-34.82311,Inner Regional Australia,3,518,57.9
5238,SA,139.48456,-34.86489,Outer Regional Australia,33,5543,59.5
5240,SA,138.81528,-34.90691,Inner Regional Australia,3,680,44.1
5241,SA,138.86436,-34.89717,Inner Regional Australia,7,2565,27.3
5242,SA,138.81913,-34.99842,Inner Regional Australia,10,1661,60.2
5243,SA,138.82816,-34.96322,Inner Regional Australia,3,1036,29.0
5244,SA,138.94638,-34.93866,Inner Regional Australia,11,4869,22.6
5245,SA,138.79997,-35.03159,Inner Regional Australia,5,3145,15.9
5250,SA,138.86191,-35.04361,Major Cities of Australia,10,3512,28.5
5251,SA,138.89115,-35.08506,Inner Regional Australia,30,18821,15.9
5252,SA,138.94587,-35.05009,Inner Regional Australia,21,6109,34.4
5253,SA,139.27622,-35.11153,Inner Regional Australia,93,18987,49.0
5254,SA,139.38978,-35.08072,Inner Regional Australia,12,3508,34.2
5255,SA,138.97586,-35.24854,Inner Regional Australia,33,11168,29.5
5256,SA,139.01364,-35.48868,Inner Regional Australia,11,1914,57.5
5259,SA,139.24436,-35.51442,Outer Regional Australia,9,1419,63.4
5260,SA,139.52956,-35.25872,Inner Regional Australia,11,1997,55.1
5261,SA,139.93516,-35.59601,Outer Regional Australia,0,584,0.0
5262,SA,140.90454,-36.78052,Outer Regional Australia,0,670,0.0
5264,SA,139.27574,-35.66995,Remote Australia,6,1646,36.5
5265,SA,139.74342,-35.71882,Outer Regional Australia,0,466,0.0
5266,SA,139.81554,-35.90284,Outer Regional Australia,0,801,0.0
5267,SA,140.34237,-36.08425,Remote Australia,7,2424,28.9
5268,SA,140.7882,-36.18938,Remote Australia,13,4138,31.4
5269,SA,140.84258,-36.38927,Outer Regional Australia,3,288,104.2
5270,SA,140.5956,-36.40769,Outer Regional Australia,4,784,51.0
5271,SA,140.64709,-36.87936,Remote Australia,22,8221,26.8
5272,SA,140.3218,-37.16286,Outer Regional Australia,0,1342,0.0
5275,SA,139.93713,-36.61323,Remote Australia,15,2947,50.9
5276,SA,139.91738,-37.21415,Outer Regional Australia,7,1756,39.9
5277,SA,140.81827,-37.40971,Outer Regional Australia,20,3546,56.4
5278,SA,140.67615,-37.50556,Outer Regional Australia,6,640,93.8
5280,SA,140.3045,-37.50606,Outer Regional Australia,26,8390,31.0
5290,SA,140.76454,-37.83984,Outer Regional Australia,85,25252,33.7
5291,SA,140.72431,-37.9227,Outer Regional Australia,40,11198,35.7
5301,SA,140.02354,-35.45646,Outer Regional Australia,0,890,0.0
5302,SA,140.32532,-35.57951,Remote Australia,6,1002,59.9
5304,SA,140.74476,-35.42638,Remote Australia,4,1101,36.3
5311,SA,140.73125,-34.68935,Outer Regional Australia,3,543,55.2
5320,SA,139.6235,-34.005,Remote Australia,4,926,43.2
5322,SA,139.95594,-34.17788,Outer Regional Australia,0,1010,0.0
5330,SA,140.02949,-33.97265,Remote Australia,19,3964,47.9
5331,SA,140.3182,-34.21707,Outer Regional Australia,3,430,69.8
5332,SA,140.28104,-34.2511,Outer Regional Australia,0,470,0.0
5333,SA,140.63364,-34.47278,Outer Regional Australia,17,6379,26.6
5340,SA,140.80011,-34.19562,Remote Australia,4,1589,25.2
5341,SA,140.73375,-33.77509,Remote Australia,20,8054,24.8
5342,SA,140.55187,-34.2403,Outer Regional Australia,6,1303,46.0
5343,SA,140.55618,-34.32129,Outer Regional Australia,17,4860,35.0
5344,SA,140.51443,-34.28534,Outer Regional Australia,0,1105,0.0
5345,SA,140.45451,-34.18703,Outer Regional Australia,13,3673,35.4
5346,SA,140.3972,-34.25001,Outer Regional Australia,0,405,0.0
5350,SA,138.83423,-34.5509,Inner Regional Australia,3,701,42.8
5351,SA,138.88648,-34.6409,Inner Regional Australia,22,6551,33.6
5352,SA,138.95954,-34.54704,Inner Regional Australia,13,5598,23.2
5353,SA,139.36998,-34.57894,Outer Regional Australia,10,4722,21.2
5354,SA,139.62268,-34.54122,Outer Regional Australia,3,570,52.6
5355,SA,139.00789,-34.44397,Inner Regional Australia,20,9523,21.0
5356,SA,139.28108,-34.3728,Outer Regional Australia,4,1091,36.7
5357,SA,139.54088,-34.33498,Outer Regional Australia,3,555,54.1
5360,SA,138.89795,-34.44681,Inner Regional Australia,4,1339,29.9
5371,SA,138.76303,-34.49233,Inner Regional Australia,3,2073,14.5
5372,SA,138.79855,-34.43592,Inner Regional Australia,7,2589,27.0
5373,SA,138.93034,-34.30301,Inner Regional Australia,14,3918,35.7
5374,SA,139.12488,-34.15248,Outer Regional Australia,6,2044,29.4
5400,SA,138.68003,-34.45754,Inner Regional Australia,7,1130,61.9
5401,SA,138.65987,-34.29774,Inner Regional Australia,3,903,33.2
5410,SA,138.76833,-34.36682,Inner Regional Australia,0,410,0.0
5411,SA,138.77235,-34.25636,Inner Regional Australia,3,460,65.2
5412,SA,138.77527,-34.18289,Inner Regional Australia,10,1293,77.3
5413,SA,138.88346,-34.08028,Outer Regional Australia,0,1179,0.0
5415,SA,138.72288,-33.94268,Outer Regional Australia,0,286,0.0
5416,SA,138.83666,-33.81406,Outer Regional Australia,0,326,0.0
5417,SA,139.86582,-33.46741,Remote Australia,3,1912,15.7
5418,SA,139.14383,-33.35733,Outer Regional Australia,0,169,0.0
5419,Vic,138.89334,-33.39774,Outer Regional Australia,0,271,0.0
5422,SA,138.80379,-32.93984,Remote Australia,5,1688,29.6
5431,SA,138.86895,-32.27837,Remote Australia,3,1149,26.1
5432,SA,138.77479,-32.07238,Remote Australia,0,270,0.0
5433,SA,138.0799,-32.23141,Remote Australia,4,1402,28.5
5434,SA,138.75799,-31.63812,Remote Australia,3,489,61.3
5440,SA,140.15343,-32.08988,Very Remote Australia,3,322,93.2
5451,SA,138.62088,-34.09223,Inner Regional Australia,0,891,0.0
5453,SA,138.58268,-33.80293,Outer Regional Australia,11,5716,19.2
5454,SA,138.61607,-33.48615,Outer Regional Australia,3,497,60.4
5460,SA,138.51797,-34.31243,Inner Regional Australia,3,902,33.3
5461,SA,138.44446,-34.09531,Outer Regional Australia,14,2968,47.2
5464,SA,138.39411,-33.67642,Outer Regional Australia,3,783,38.3
5470,SA,138.48268,-33.57538,Outer Regional Australia,0,195,0.0
5472,SA,138.41029,-33.38723,Outer Regional Australia,3,255,117.6
5473,SA,138.35128,-33.25713,Outer Regional Australia,0,889,0.0
5480,SA,138.31983,-33.12575,Outer Regional Australia,5,1073,46.6
5481,SA,138.23972,-33.01245,Outer Regional Australia,5,734,68.1
5483,SA,138.12371,-32.8863,Outer Regional Australia,0,406,0.0
5485,SA,138.20704,-32.54638,Outer Regional Australia,3,699,42.9
5490,SA,138.45191,-33.14738,Outer Regional Australia,0,239,0.0
5491,SA,138.59212,-33.21714,Outer Regional Australia,3,2421,12.4
5495,SA,137.97132,-32.95255,Outer Regional Australia,3,769,39.0
5501,SA,138.548,-34.59507,Inner Regional Australia,33,10616,31.1
5502,SA,138.57071,-34.50554,Inner Regional Australia,7,1904,36.8
5520,SA,138.12018,-33.76911,Outer Regional Australia,3,632,47.5
5521,SA,138.21004,-33.56755,Outer Regional Australia,0,206,0.0
5522,SA,138.00332,-33.57819,Outer Regional Australia,8,1756,45.6
5523,SA,138.14008,-33.37189,Outer Regional Australia,5,2364,21.2
5540,SA,138.06662,-33.21712,Outer Regional Australia,39,13792,28.3
5550,SA,138.24379,-34.09304,Outer Regional Australia,6,1045,57.4
5552,SA,137.93411,-34.07108,Outer Regional Australia,3,489,61.3
5554,SA,137.7715,-33.92961,Outer Regional Australia,16,6010,26.6
5555,SA,138.19348,-33.65207,Outer Regional Australia,3,753,39.8
5556,SA,137.61083,-33.95085,Outer Regional Australia,31,4671,66.4
5558,SA,137.59845,-34.10521,Outer Regional Australia,18,5916,30.4
5560,SA,138.03187,-33.89505,Outer Regional Australia,3,579,51.8
5570,SA,137.94535,-34.27271,Outer Regional Australia,3,785,38.2
5571,SA,137.82328,-34.4981,Outer Regional Australia,12,2290,52.4
5573,SA,137.50567,-34.503,Outer Regional Australia,12,2930,41.0
5575,SA,137.54127,-34.8201,Remote Australia,13,2966,43.8
5576,SA,137.56046,-35.05077,Remote Australia,4,1367,29.3
5577,SA,137.25765,-34.98078,Remote Australia,4,809,49.4
5580,SA,137.78682,-34.65316,Outer Regional Australia,3,544,55.1
5581,SA,137.74883,-34.78963,Outer Regional Australia,3,672,44.6
5582,SA,137.73459,-34.94231,Remote Australia,3,693,43.3
5583,SA,137.79698,-35.11791,Remote Australia,6,1050,57.1
5600,SA,137.27729,-33.03634,Outer Regional Australia,24,6321,38.0
5602,SA,136.8494,-33.52395,Remote Australia,6,1650,36.4
5603,SA,136.49996,-33.83121,Remote Australia,3,573,52.4
5604,SA,136.30176,-34.00333,Remote Australia,3,283,106.0
5605,SA,136.15409,-34.2583,Remote Australia,6,2224,27.0
5606,SA,136.51144,-35.15671,Remote Australia,45,13841,32.5
5607,SA,136.37914,-35.10076,Very Remote Australia,27,5604,48.2
5608,SA,137.52679,-33.03888,Outer Regional Australia,25,10078,24.8
5609,SA,137.39528,-33.16758,Remote Australia,3,1659,18.1
5611,SA,137.02251,-32.94219,Remote Australia,3,192,156.2
5631,SA,135.66453,-34.28578,Remote Australia,3,1268,23.7
5632,SA,135.62348,-34.07109,Remote Australia,0,358,0.0
5640,SA,136.43766,-33.60602,Remote Australia,8,1453,55.1
5641,SA,136.31106,-33.05868,Remote Australia,3,1304,23.0
5642,SA,136.10317,-33.55873,Remote Australia,0,392,0.0
5650,SA,135.74015,-33.15229,Very Remote Australia,0,251,0.0
5651,SA,135.52843,-33.16961,Very Remote Australia,3,187,160.4
5652,SA,135.31245,-33.0321,Very Remote Australia,3,896,33.5
5654,SA,134.99083,-32.86079,Very Remote Australia,0,330,0.0
5661,SA,134.59555,-32.34937,Very Remote Australia,0,184,0.0
5670,SA,135.02078,-33.40936,Very Remote Australia,0,629,0.0
5680,SA,134.3921,-32.68883,Very Remote Australia,11,2798,39.3
5690,SA,133.25248,-31.98642,Very Remote Australia,11,3728,29.5
5700,SA,137.74925,-32.6348,Remote Australia,23,9335,24.6
5710,SA,134.43004,-27.46722,Outer Regional Australia,7,2214,31.6
5722,SA,137.18278,-30.71795,Very Remote Australia,3,465,64.5
5723,SA,135.01332,-28.58052,Very Remote Australia,9,1750,51.4
5725,SA,136.72027,-30.49654,Very Remote Australia,3,3963,7.6
5730,SA,138.54634,-31.01104,Very Remote Australia,0,138,0.0
5731,SA,139.3418,-29.70006,Very Remote Australia,3,340,88.2
6000,WA,115.85991,-31.94876,Major Cities of Australia,19,28661,6.6
6003,WA,115.86914,-31.93927,Major Cities of Australia,4,3811,10.5
6004,WA,115.8746,-31.95693,Major Cities of Australia,7,16328,4.3
6005,WA,115.8369,-31.95707,Major Cities of Australia,4,11412,3.5
6006,WA,115.85291,-31.92934,Major Cities of Australia,5,7151,7.0
6007,WA,115.83433,-31.93567,Major Cities of Australia,3,8220,3.6
6008,WA,115.81143,-31.9566,Major Cities of Australia,6,15365,3.9
6009,WA,115.80469,-31.98579,Major Cities of Australia,8,14290,5.6
6010,WA,115.77639,-31.97165,Major Cities of Australia,8,15178,5.3
6011,WA,115.75765,-31.99637,Major Cities of Australia,3,8806,3.4
6012,NSW,115.7634,-32.01598,Major Cities of Australia,0,7540,0.0
6014,WA,115.80817,-31.93639,Major Cities of Australia,9,17644,5.1
6015,WA,115.76468,-31.93845,Major Cities of Australia,3,6192,4.8
6016,WA,115.83118,-31.92122,Major Cities of Australia,4,7918,5.1
6017,WA,115.81456,-31.90836,Major Cities of Australia,5,20186,2.5
6018,WA,115.78682,-31.89196,Major Cities of Australia,22,33881,6.5
6019,WA,115.76918,-31.90733,Major Cities of Australia,19,19984,9.5
6020,WA,115.7654,-31.8527,Major Cities of Australia,15,19559,7.7
6021,WA,115.81193,-31.87167,Major Cities of Australia,8,22805,3.5
6022,WA,115.80924,-31.852,Major Cities of Australia,4,4543,8.8
6023,WA,115.77403,-31.83447,Major Cities of Australia,5,13152,3.8
6024,WA,115.80307,-31.83489,Major Cities of Australia,6,11673,5.1
6025,WA,115.75441,-31.79583,Major Cities of Australia,18,28026,6.4
6026,WA,115.79983,-31.80171,Major Cities of Australia,11,19400,5.7
6027,WA,115.7564,-31.76335,Major Cities of Australia,40,38623,10.4
6028,WA,115.74765,-31.73372,Major Cities of Australia,10,20405,4.9
6029,WA,115.75569,-31.8769,Major Cities of Australia,3,2621,11.4
6030,WA,115.71168,-31.68734,Major Cities of Australia,25,34389,7.3
6031,WA,115.77214,-31.69254,Major Cities of Australia,21,15856,13.2
6034,WA,115.66388,-31.58561,Major Cities of Australia,4,4371,9.2
6035,WA,115.7299,-31.52472,Inner Regional Australia,7,9886,7.1
6036,WA,115.70986,-31.64938,Major Cities of Australia,3,13945,2.2
6037,WA,115.61611,-31.48847,Inner Regional Australia,4,4251,9.4
6038,WA,115.72305,-32.28915,Major Cities of Australia,4,9242,4.3
6041,WA,115.56855,-31.37967,Inner Regional Australia,10,2155,46.4
6044,WA,115.42466,-30.97285,Outer Regional Australia,3,1840,16.3
6050,WA,115.87186,-31.93057,Major Cities of Australia,3,12314,2.4
6051,WA,115.89959,-31.93811,Major Cities of Australia,7,12219,5.7
6052,WA,115.88398,-31.91546,Major Cities of Australia,6,9457,6.3
6053,WA,115.91485,-31.92086,Major Cities of Australia,21,15634,13.4
6054,WA,115.94257,-31.9018,Major Cities of Australia,26,22183,11.7
6055,WA,115.98469,-31.85176,Major Cities of Australia,21,34758,6.0
6056,WA,116.0261,-31.8384,Inner Regional Australia,42,44097,9.5
6057,WA,116.00424,-31.94994,Major Cities of Australia,17,17132,9.9
6058,WA,116.00669,-31.98524,Major Cities of Australia,16,14270,11.2
6059,WA,115.86173,-31.88286,Major Cities of Australia,14,20436,6.9
6060,WA,115.84258,-31.90142,Major Cities of Australia,12,19941,6.0
6061,WA,115.84348,-31.86411,Major Cities of Australia,33,31665,10.4
6062,WA,115.89088,-31.88632,Major Cities of Australia,26,30300,8.6
6063,WA,115.94001,-31.86287,Major Cities of Australia,17,13066,13.0
6064,WA,115.8491,-31.83533,Major Cities of Australia,27,25231,10.7
6065,WA,115.84533,-31.69444,Major Cities of Australia,38,70419,5.4
6066,WA,115.89651,-31.84269,Major Cities of Australia,18,15574,11.6
6069,WA,116.00503,-31.77303,Inner Regional Australia,22,39823,5.5
6070,WA,116.07927,-31.92904,Major Cities of Australia,5,3696,13.5
6071,WA,116.10043,-31.88909,Major Cities of Australia,4,3864,10.4
6072,WA,116.13205,-31.90783,Major Cities of Australia,3,1010,29.7
6073,WA,116.28143,-31.94935,Major Cities of Australia,0,3684,0.0
6074,WA,116.20454,-31.89659,Inner Regional Australia,5,1241,40.3
6076,WA,116.20826,-32.10896,Inner Regional Australia,26,23250,11.2
6077,WA,115.84533,-31.69444,Major Cities of Australia,5,2959,16.9
6078,WA,115.84533,-31.69444,Inner Regional Australia,0,1240,0.0
6081,WA,116.14607,-31.87605,Major Cities of Australia,7,5858,11.9
6082,WA,116.29571,-31.73837,Inner Regional Australia,3,4017,7.5
6083,WA,116.19664,-31.79305,Inner Regional Australia,10,5174,19.3
6084,WA,116.07283,-31.62202,Outer Regional Australia,9,11975,7.5
6090,WA,115.89425,-31.86259,Major Cities of Australia,4,9104,4.4
6100,WA,115.89603,-31.97173,Major Cities of Australia,12,17017,7.1
6101,WA,115.90858,-31.98525,Major Cities of Australia,12,14304,8.4
6102,WA,115.90806,-32.00468,Major Cities of Australia,7,13902,5.0
6103,WA,115.91346,-31.96036,Major Cities of Australia,4,9671,4.1
6104,WA,115.97763,-31.9655,Major Cities of Australia,16,19393,8.3
6105,WA,115.96329,-31.95388,Major Cities of Australia,15,38197,3.9
6106,WA,115.94556,-31.99208,Major Cities of Australia,3,15340,2.0
6107,WA,115.96714,-32.01766,Major Cities of Australia,68,45264,15.0
6108,WA,115.95358,-32.06089,Major Cities of Australia,31,19423,16.0
6109,WA,116.01317,-32.0399,Major Cities of Australia,29,17057,17.0
6110,WA,116.0086,-32.07854,Major Cities of Australia,69,38145,18.1
6111,WA,116.12496,-32.09971,Inner Regional Australia,33,23575,14.0
6112,WA,115.99722,-32.1579,Major Cities of Australia,75,63250,11.9
6121,WA,115.91646,-32.20893,Major Cities of Australia,7,4423,15.8
6122,WA,116.0072,-32.22172,Major Cities of Australia,22,21708,10.1
6123,WA,115.98589,-32.29518,Inner Regional Australia,3,2640,11.4
6124,WA,116.07249,-32.33832,Inner Regional Australia,0,1443,0.0
6125,WA,115.90128,-32.36443,Inner Regional Australia,8,4584,17.5
6147,WA,115.94135,-32.04377,Major Cities of Australia,34,12546,27.1
6148,WA,115.92469,-32.03018,Major Cities of Australia,12,15284,7.9
6149,WA,115.85868,-32.06494,Major Cities of Australia,11,15141,7.3
6150,WA,115.83361,-32.06168,Major Cities of Australia,7,10346,6.8
6151,WA,115.86948,-31.9822,Major Cities of Australia,11,16001,6.9
6152,WA,115.87006,-32.00851,Major Cities of Australia,8,20007,4.0
6153,WA,115.83753,-32.02436,Major Cities of Australia,18,19229,9.4
6154,WA,115.82599,-32.04006,Major Cities of Australia,10,10881,9.2
6155,WA,115.89078,-32.0615,Major Cities of Australia,33,49346,6.7
6156,WA,115.80023,-32.03954,Major Cities of Australia,10,16380,6.1
6157,WA,115.78373,-32.03823,Major Cities of Australia,13,11852,11.0
6158,WA,115.76656,-32.03854,Major Cities of Australia,5,6579,7.6
6159,WA,115.75031,-32.03522,Major Cities of Australia,0,3835,0.0
6160,WA,115.75454,-32.05407,Major Cities of Australia,5,9689,5.2
6162,WA,115.75902,-32.06877,Major Cities of Australia,22,10373,21.2
6163,WA,115.80166,-32.08667,Major Cities of Australia,57,57383,9.9
6164,WA,115.85744,-32.13021,Major Cities of Australia,63,60422,10.4
6165,WA,115.79943,-32.19598,Major Cities of Australia,3,1931,15.5
6166,WA,115.78976,-32.15229,Major Cities of Australia,11,12617,8.7
6167,WA,115.83531,-32.22366,Major Cities of Australia,35,25370,13.8
6168,WA,115.75773,-32.28196,Inner Regional Australia,57,23652,24.1
6169,WA,115.76395,-32.3385,Major Cities of Australia,39,30713,12.7
6170,WA,115.83597,-32.26564,Major Cities of Australia,9,14311,6.3
6171,WA,115.83326,-32.32886,Inner Regional Australia,23,33196,6.9
6172,WA,115.75315,-32.37547,Major Cities of Australia,10,11441,8.7
6173,WA,115.75791,-32.40741,Major Cities of Australia,9,10223,8.8
6174,WA,115.76022,-32.42656,Major Cities of Australia,9,5242,17.2
6175,WA,115.75529,-32.4459,Major Cities of Australia,9,3804,23.7
6176,WA,115.81432,-32.42167,Major Cities of Australia,0,2059,0.0
6180,WA,115.72829,-32.55798,Major Cities of Australia,6,6408,9.4
6181,WA,115.72829,-32.55798,Inner Regional Australia,3,748,40.1
6207,NSW,115.95959,-32.51429,Inner Regional Australia,0,2031,0.0
6208,WA,115.84759,-32.63062,Inner Regional Australia,34,14638,23.2
6209,WA,115.72829,-32.55798,Inner Regional Australia,9,2674,33.7
6210,WA,115.72829,-32.55798,Major Cities of Australia,126,70691,17.8
6211,WA,115.70694,-32.60721,Inner Regional Australia,11,9377,11.7
6213,WA,116.12825,-32.70206,Inner Regional Australia,4,899,44.5
6214,WA,115.85938,-32.75043,Inner Regional Australia,0,973,0.0
6215,WA,115.89671,-32.85381,Inner Regional Australia,10,6175,16.2
6218,WA,115.90311,-32.94615,Inner Regional Australia,3,698,43.0
6220,WA,116.02978,-33.03122,Inner Regional Australia,10,5577,17.9
6221,Vic,115.90735,-33.11933,Inner Regional Australia,6,404,148.5
6224,WA,115.84679,-33.24514,Inner Regional Australia,0,1612,0.0
6225,WA,116.20489,-33.35257,Outer Regional Australia,17,10607,16.0
6226,Vic,115.84723,-33.29183,Inner Regional Australia,0,1256,0.0
6227,WA,115.8686,-33.32281,Inner Regional Australia,3,973,30.8
6229,WA,115.70738,-33.3521,Inner Regional Australia,3,1766,17.0
6230,WA,115.6492,-33.34108,Inner Regional Australia,56,45722,12.2
6232,WA,115.70426,-33.31663,Inner Regional Australia,11,10252,10.7
6233,WA,115.71443,-33.27903,Inner Regional Australia,21,20684,10.2
6236,WA,115.82892,-33.41044,Inner Regional Australia,3,2996,10.0
6237,WA,115.67406,-33.47599,Inner Regional Australia,6,3362,17.8
6239,WA,115.92393,-33.56487,Inner Regional Australia,7,5878,11.9
6240,WA,115.96614,-33.54959,Inner Regional Australia,0,199,0.0
6244,WA,116.51544,-33.76389,Outer Regional Australia,5,2418,20.7
6251,WA,115.88866,-33.68266,Inner Regional Australia,0,571,0.0
6253,WA,116.03654,-33.77394,Inner Regional Australia,0,886,0.0
6254,WA,116.07264,-33.84441,Outer Regional Australia,3,882,34.0
6255,WA,116.15538,-33.97161,Outer Regional Australia,13,5425,24.0
6258,WA,116.40218,-34.31282,Remote Australia,10,7697,13.0
6260,WA,115.86063,-34.43874,Remote Australia,3,1771,16.9
6262,WA,116.14653,-34.67776,Remote Australia,3,1008,29.8
6271,WA,115.61567,-33.62118,Inner Regional Australia,4,4199,9.5
6275,WA,115.62652,-34.0553,Outer Regional Australia,4,1959,20.4
6280,WA,115.30474,-33.72873,Inner Regional Australia,39,32232,12.1
6281,WA,115.0768,-33.61079,Inner Regional Australia,14,9348,15.0
6284,WA,115.18868,-33.85759,Inner Regional Australia,4,3329,12.0
6285,WA,115.25255,-33.93983,Outer Regional Australia,21,11766,17.8
6286,WA,115.17653,-34.06182,Inner Regional Australia,3,1522,19.7
6288,WA,115.23362,-34.17102,Outer Regional Australia,3,974,30.8
6290,WA,115.14223,-34.29383,Outer Regional Australia,5,2353,21.2
6302,WA,116.73884,-31.89641,Outer Regional Australia,7,5233,13.4
6304,WA,116.76028,-32.17661,Outer Regional Australia,9,2607,34.5
6306,WA,117.14063,-32.29652,Remote Australia,3,1471,20.4
6308,WA,116.66524,-32.57901,Outer Regional Australia,5,2404,20.8
6309,WA,117.12923,-32.66832,Outer Regional Australia,3,573,52.4
6312,WA,117.30686,-32.97912,Remote Australia,0,4944,0.0
6313,WA,117.24328,-33.05792,Outer Regional Australia,3,308,97.4
6315,WA,117.3428,-33.28627,Remote Australia,11,2628,41.9
6316,WA,117.38456,-33.53231,Outer Regional Australia,3,607,49.4
6317,WA,117.73891,-33.64736,Remote Australia,8,4262,18.8
6322,WA,117.49162,-34.41197,Outer Regional Australia,3,405,74.1
6323,WA,117.62552,-34.48624,Outer Regional Australia,8,1459,54.8
6324,WA,117.78147,-34.61829,Outer Regional Australia,10,4732,21.1
6326,WA,117.78534,-34.76936,Outer Regional Australia,0,829,0.0
6328,WA,118.47699,-34.88389,Remote Australia,3,740,40.5
6330,WA,117.86329,-34.90544,Outer Regional Australia,67,41108,16.3
6333,WA,117.17081,-34.89784,Outer Regional Australia,17,7178,23.7
6335,WA,118.11278,-33.86902,Remote Australia,3,1206,24.9
6338,WA,118.65712,-34.36286,Remote Australia,3,1334,22.5
6343,WA,118.79925,-33.53556,Remote Australia,3,490,61.2
6346,WA,120.34901,-33.31907,Very Remote Australia,3,1292,23.2
6348,WA,120.14577,-33.88131,Very Remote Australia,0,1155,0.0
6353,WA,118.51034,-33.13138,Remote Australia,0,1298,0.0
6355,WA,119.09834,-33.03269,Very Remote Australia,3,1090,27.5
6365,WA,118.28878,-32.72314,Remote Australia,3,971,30.9
6367,WA,118.35194,-32.42265,Remote Australia,3,504,59.5
6369,WA,118.80645,-32.02368,Remote Australia,0,1110,0.0
6370,WA,117.59759,-32.78459,Remote Australia,0,761,0.0
6372,WA,117.72681,-32.63398,Remote Australia,0,263,0.0
6373,WA,117.7639,-32.49542,Remote Australia,0,79,0.0
6375,WA,117.87984,-32.28628,Remote Australia,3,1472,20.4
6383,WA,117.37688,-31.953,Outer Regional Australia,0,1421,0.0
6386,Vic,117.81514,-31.95007,Remote Australia,3,171,175.4
6390,WA,116.41337,-32.80544,Outer Regional Australia,5,2212,22.6
6395,WA,117.06528,-33.88515,Outer Regional Australia,4,2712,14.7
6397,WA,116.95536,-34.54367,Outer Regional Australia,0,131,0.0
6398,WA,116.60404,-34.78861,Remote Australia,0,668,0.0
6401,WA,116.6755,-31.63964,Outer Regional Australia,17,8394,20.3
6405,WA,117.02019,-31.60582,Outer Regional Australia,0,514,0.0
6407,WA,117.22206,-31.65114,Outer Regional Australia,3,1306,23.0
6409,WA,117.48042,-31.61169,Outer Regional Australia,3,662,45.3
6410,WA,117.67999,-31.57999,Outer Regional Australia,5,1323,37.8
6414,WA,118.1678,-31.52676,Outer Regional Australia,3,80,375.0
6415,WA,118.28998,-31.48122,Remote Australia,6,3226,18.6
6420,WA,118.71826,-31.74834,Remote Australia,3,201,149.3
6421,WA,118.52421,-31.32754,Remote Australia,3,246,122.0
6423,WA,118.69292,-31.1255,Remote Australia,3,315,95.2
6426,WA,119.31127,-30.36131,Remote Australia,4,1041,38.4
6429,WA,120.89889,-30.94979,Very Remote Australia,0,893,0.0
6430,WA,121.44655,-30.61266,Very Remote Australia,28,23168,12.1
6431,WA,122.68388,-30.40364,Very Remote Australia,0,170,0.0
6432,WA,121.54178,-30.87101,Very Remote Australia,9,7281,12.4
6437,WA,120.5298,-27.68439,Very Remote Australia,3,403,74.4
6438,WA,121.09265,-28.90003,Very Remote Australia,3,526,57.0
6440,WA,125.73316,-26.16894,Very Remote Australia,3,360,83.3
6442,WA,121.76074,-31.24161,Very Remote Australia,6,2628,22.8
6445,WA,121.63873,-32.9817,Very Remote Australia,3,365,82.2
6450,WA,122.21113,-33.40115,Very Remote Australia,23,16035,14.3
6460,WA,116.77903,-31.26665,Outer Regional Australia,3,1163,25.8
6461,WA,117.08333,-31.14072,Outer Regional Australia,3,938,32.0
6472,WA,117.79198,-30.25183,Remote Australia,3,352,85.2
6479,WA,118.4653,-30.73397,Remote Australia,3,956,31.4
6484,WA,119.07891,-30.96068,Remote Australia,0,78,0.0
6485,WA,117.38106,-31.18472,Outer Regional Australia,0,739,0.0
6488,WA,117.73584,-31.12757,Remote Australia,0,309,0.0
6501,WA,115.9455,-31.54181,Inner Regional Australia,0,1500,0.0
6502,WA,116.18427,-31.29756,Outer Regional Australia,3,1775,16.9
6503,WA,115.82111,-31.23741,Outer Regional Australia,5,3534,14.1
6506,WA,116.11028,-31.07028,Outer Regional Australia,3,105,285.7
6507,WA,115.71871,-30.72155,Outer Regional Australia,0,942,0.0
6510,WA,116.09027,-30.70115,Outer Regional Australia,5,2421,20.7
6511,WA,115.2502,-30.56812,Outer Regional Australia,3,725,41.4
6512,WA,116.07017,-30.44667,Outer Regional Australia,0,136,0.0
6514,WA,115.08715,-30.02737,Remote Australia,6,939,63.9
6516,WA,115.20926,-30.22554,Outer Regional Australia,8,2745,29.1
6517,WA,115.83942,-29.74067,Remote Australia,0,728,0.0
6518,WA,115.18074,-29.77492,Remote Australia,0,320,0.0
6519,WA,115.59771,-29.5143,Remote Australia,3,774,38.8
6521,WA,115.64092,-30.34851,Outer Regional Australia,0,632,0.0
6522,WA,115.48557,-29.13937,Outer Regional Australia,3,968,31.0
6525,WA,115.09807,-29.32732,Outer Regional Australia,9,4569,19.7
6530,WA,114.80773,-28.79597,Very Remote Australia,48,33558,14.3
6532,WA,115.0046,-28.44089,Very Remote Australia,9,9322,9.7
6535,WA,114.85244,-27.8322,Remote Australia,5,2012,24.9
6536,WA,114.37968,-27.54184,Remote Australia,10,1654,60.5
6537,WA,114.43057,-26.76589,Very Remote Australia,0,879,0.0
6556,WA,116.31025,-31.86059,Inner Regional Australia,3,2757,10.9
6558,WA,116.31339,-31.77145,Inner Regional Australia,6,1099,54.6
6560,WA,116.42856,-31.81767,Inner Regional Australia,0,1741,0.0
6562,WA,116.47343,-31.74619,Inner Regional Australia,3,1897,15.8
6564,WA,116.53897,-31.72661,Inner Regional Australia,3,574,52.3
6566,WA,116.38064,-31.48485,Outer Regional Australia,15,5083,29.5
6567,WA,116.41996,-31.45921,Outer Regional Australia,0,439,0.0
6569,Qld,116.45825,-31.05591,Outer Regional Australia,0,467,0.0
6603,WA,116.72598,-30.87424,Outer Regional Australia,0,1533,0.0
6606,WA,116.8239,-30.58072,Remote Australia,3,334,89.8
6609,WA,116.75063,-30.26649,Remote Australia,3,1541,19.5
6612,WA,117.83518,-29.54514,Very Remote Australia,0,348,0.0
6630,WA,115.66607,-27.731,Very Remote Australia,3,922,32.5
6638,WA,118.15757,-28.61245,Very Remote Australia,0,614,0.0
6640,WA,117.67465,-27.0032,Very Remote Australia,0,274,0.0
6642,WA,118.57472,-25.72034,Very Remote Australia,3,686,43.7
6701,WA,115.15198,-24.73455,Very Remote Australia,12,4968,24.2
6705,SA,115.01149,-25.11129,Very Remote Australia,3,124,241.9
6707,WA,113.95479,-22.26503,Very Remote Australia,4,3361,11.9
6713,WA,116.70955,-20.67631,Very Remote Australia,3,1290,23.3
6714,WA,116.34993,-21.14506,Very Remote Australia,10,16593,6.0
6718,WA,117.74097,-20.9715,Very Remote Australia,0,609,0.0
6721,WA,118.44172,-20.7108,Very Remote Australia,3,5035,6.0
6722,WA,118.60667,-20.40785,Very Remote Australia,11,8759,12.6
6725,WA,122.75379,-18.77337,Very Remote Australia,14,10977,12.8
6726,WA,122.19642,-17.95018,Remote Australia,5,3903,12.8
6728,WA,124.52668,-17.19253,Very Remote Australia,0,2831,0.0
6740,WA,128.39719,-14.96269,Very Remote Australia,0,501,0.0
6743,WA,129.50325,-16.99077,Very Remote Australia,6,5420,11.1
6751,WA,117.05778,-22.14125,Very Remote Australia,3,2639,11.4
6753,WA,120.26174,-23.25003,Very Remote Australia,0,3725,0.0
6765,WA,125.6034,-18.79548,Very Remote Australia,0,874,0.0
7000,Tas,147.308,-42.87835,Inner Regional Australia,95,23610,40.2
7004,Tas,147.32893,-42.89015,Inner Regional Australia,63,5953,105.8
7005,Tas,147.3368,-42.9162,Inner Regional Australia,61,10311,59.2
7007,Tas,147.3195,-42.92286,Inner Regional Australia,23,2622,87.7
7008,Tas,147.29327,-42.86193,Inner Regional Australia,70,10497,66.7
7009,Tas,147.28968,-42.84261,Inner Regional Australia,93,14031,66.3
7010,Tas,147.21237,-42.85913,Inner Regional Australia,140,15145,92.4
7011,Tas,147.23006,-42.79339,Inner Regional Australia,112,13054,85.8
7012,Tas,147.17438,-42.83372,Inner Regional Australia,7,999,70.1
7015,Tas,147.36017,-42.83903,Inner Regional Australia,91,9174,99.2
7016,Tas,147.34638,-42.81355,Inner Regional Australia,16,2221,72.0
7017,Tas,147.31511,-42.71927,Outer Regional Australia,76,6499,116.9
7018,Tas,147.38568,-42.87759,Inner Regional Australia,159,19200,82.8
7019,Tas,147.43334,-42.89878,Inner Regional Australia,37,6315,58.6
7020,Tas,147.47851,-42.96574,Outer Regional Australia,32,2839,112.7
7021,Tas,147.48002,-42.9068,Inner Regional Australia,27,2286,118.1
7022,Tas,147.47988,-43.05316,Outer Regional Australia,18,979,183.9
7023,Tas,147.40932,-42.98831,Outer Regional Australia,7,423,165.5
7024,Tas,147.51218,-42.95041,Inner Regional Australia,3,531,56.5
7025,Tas,147.43967,-42.73026,Outer Regional Australia,18,2068,87.0
7026,Tas,147.45136,-42.64604,Outer Regional Australia,19,1304,145.7
7027,Tas,147.3835,-42.53638,Outer Regional Australia,7,451,155.2
7030,Tas,146.96714,-42.31704,Remote Australia,183,19456,94.1
7050,Tas,147.29818,-42.9755,Inner Regional Australia,124,12548,98.8
7052,Tas,147.3093,-43.00805,Inner Regional Australia,70,6337,110.5
7053,Tas,147.3347,-42.94731,Inner Regional Australia,34,2939,115.7
7054,Tas,147.2567,-43.00658,Outer Regional Australia,107,9018,118.7
7055,Tas,147.2852,-42.99471,Inner Regional Australia,4,716,55.9
7109,Tas,146.52406,-43.57109,Remote Australia,129,10324,125.0
7112,Tas,147.1362,-43.28661,Outer Regional Australia,51,3702,137.8
7113,Tas,146.97049,-43.09105,Outer Regional Australia,20,1287,155.4
7116,Tas,147.03435,-43.26212,Remote Australia,42,2611,160.9
7117,Tas,147.04013,-43.33843,Outer Regional Australia,29,1043,278.0
7120,Tas,147.48727,-42.31694,Outer Regional Australia,17,2355,72.2
7140,Tas,146.45502,-42.54421,Remote Australia,141,12355,114.1
7150,Tas,147.95844,-43.07759,Outer Regional Australia,58,3717,156.0
7155,Tas,147.21692,-43.12887,Outer Regional Australia,9,1063,84.7
7162,Tas,147.20963,-43.15865,Outer Regional Australia,12,709,169.3
7163,Tas,147.22748,-43.20977,Outer Regional Australia,9,415,216.9
7170,Tas,147.44979,-42.85132,Inner Regional Australia,221,10086,219.1
7171,Tas,147.48828,-42.78011,Inner Regional Australia,50,3451,144.9
7172,Tas,147.6317,-42.73029,Outer Regional Australia,43,4732,90.9
7173,Tas,147.63074,-42.82365,Outer Regional Australia,148,8118,182.3
7174,Tas,147.74328,-42.80768,Outer Regional Australia,0,230,0.0
7175,Tas,147.82859,-42.81861,Outer Regional Australia,0,239,0.0
7176,Tas,147.83767,-42.7531,Outer Regional Australia,3,186,161.3
7177,Tas,147.97649,-42.88419,Outer Regional Australia,7,590,118.6
7178,Tas,147.90615,-42.95847,Outer Regional Australia,3,401,74.8
7179,Tas,147.94496,-43.03383,Outer Regional Australia,10,561,178.3
7180,Tas,148.00656,-43.13871,Outer Regional Australia,7,216,324.1
7182,Tas,147.86154,-43.17434,Outer Regional Australia,4,288,138.9
7183,Tas,147.75059,-43.17119,Outer Regional Australia,3,58,517.2
7184,Tas,147.72853,-43.16934,Outer Regional Australia,12,1046,114.7
7185,Tas,147.75378,-43.0629,Outer Regional Australia,3,151,198.7
7186,Tas,147.66398,-43.02952,Outer Regional Australia,5,233,214.6
7187,Tas,147.84803,-43.02774,Outer Regional Australia,4,178,224.7
7190,Tas,148.0917,-42.62988,Remote Australia,82,4194,195.5
7209,Tas,147.61431,-42.10458,Remote Australia,5,549,91.1
7210,Tas,147.41075,-41.91592,Remote Australia,0,1142,0.0
7211,Tas,147.31709,-41.78862,Outer Regional Australia,6,256,234.4
7212,Tas,147.48841,-41.56788,Outer Regional Australia,41,3894,105.3
7213,Tas,147.7663,-41.81691,Remote Australia,5,386,129.5
7214,Tas,147.8974,-41.60072,Outer Regional Australia,21,844,248.8
7215,Tas,148.27553,-42.28145,Remote Australia,111,4582,242.3
7216,Tas,148.0764,-41.28424,Outer Regional Australia,93,4043,230.0
7248,Tas,147.13019,-41.39724,Inner Regional Australia,121,14136,85.6
7249,Tas,147.15779,-41.47243,Inner Regional Australia,102,12967,78.7
7250,Tas,147.07759,-41.43225,Inner Regional Australia,394,46657,84.4
7252,Tas,146.99252,-41.14803,Outer Regional Australia,36,3668,98.1
7253,Tas,146.83066,-41.11742,Outer Regional Australia,85,4868,174.6
7254,Tas,147.19802,-41.13407,Outer Regional Australia,12,733,163.7
7255,Tas,148.32925,-39.94938,Very Remote Australia,6,1337,44.9
7256,Tas,144.15978,-39.83095,Very Remote Australia,0,1895,0.0
7258,Tas,147.20945,-41.49994,Outer Regional Australia,10,1321,75.7
7259,Tas,147.35769,-41.35882,Outer Regional Australia,7,649,107.9
7260,Tas,147.50208,-41.15879,Outer Regional Australia,29,4024,72.1
7261,Tas,147.56782,-41.12694,Outer Regional Australia,4,272,147.1
7262,Tas,147.63004,-40.80151,Outer Regional Australia,42,2197,191.2
7263,Tas,147.70265,-41.30879,Outer Regional Australia,4,753,53.1
7264,Tas,148.05178,-41.01635,Remote Australia,15,858,174.8
7267,Tas,147.0864,-41.26491,Outer Regional Australia,18,1012,177.9
7268,Tas,147.15276,-41.33389,Outer Regional Australia,17,1446,117.6
7270,Tas,146.78395,-41.17792,Outer Regional Australia,112,5001,224.0
7275,Tas,146.83532,-41.31989,Outer Regional Australia,75,3911,191.8
7276,Tas,146.97202,-41.29308,Outer Regional Australia,14,691,202.6
7277,Tas,146.99698,-41.36642,Outer Regional Australia,110,6893,159.6
7290,Tas,147.0686,-41.51251,Inner Regional Australia,25,2260,110.6
7291,Tas,147.0136,-41.53063,Inner Regional Australia,15,1105,135.7
7292,Tas,146.94473,-41.4721,Outer Regional Australia,0,769,0.0
7300,Tas,147.21929,-41.61429,Outer Regional Australia,34,3958,85.9
7301,Tas,147.04648,-41.60012,Outer Regional Australia,60,5140,116.7
7302,Tas,146.98829,-41.70457,Outer Regional Australia,15,2160,69.4
7303,Tas,146.81508,-41.59491,Outer Regional Australia,40,3682,108.6
7304,Tas,146.16889,-41.71679,Remote Australia,91,7190,126.6
7305,Tas,146.41213,-41.35232,Outer Regional Australia,19,1421,133.7
7306,Tas,146.19611,-41.46696,Remote Australia,69,4795,143.9
7307,Tas,146.57356,-41.21049,Outer Regional Australia,247,12596,196.1
7310,Tas,146.23941,-41.23735,Outer Regional Australia,362,28443,127.3
7315,Tas,146.07241,-41.30317,Outer Regional Australia,287,15902,180.5
7316,Tas,145.93178,-41.26971,Outer Regional Australia,108,6724,160.6
7320,Tas,145.86208,-41.08422,Outer Regional Australia,121,15517,78.0
7321,Tas,145.50373,-41.45639,Remote Australia,67,5643,118.7
7322,Tas,145.80453,-41.04447,Outer Regional Australia,49,3931,124.7
7325,Tas,145.60756,-41.10031,Outer Regional Australia,111,9295,119.4
7330,Tas,145.05762,-40.78234,Remote Australia,39,6718,58.1
7331,Tas,145.27542,-40.75855,Outer Regional Australia,8,555,144.1
7466,Tas,145.80745,-42.29131,Remote Australia,0,40,0.0
7467,Tas,145.52969,-42.09373,Remote Australia,20,1661,120.4
7468,Tas,145.53767,-42.70603,Remote Australia,8,667,119.9
7469,Tas,145.20163,-41.78439,Remote Australia,6,838,71.6
7470,Tas,145.50057,-41.90213,Remote Australia,10,672,148.8
