postcode,lat,lon,state,sa4,remoteness
0200,-35.2777,149.11895,ACT,,
0800,-12.45868,130.83668,NT,,
0801,-12.45868,130.83668,NT,,
0803,-12.43399,130.74591,NT,,
0804,-12.42802,130.87331,NT,,
0810,-12.3798,130.86849,NT,,
0811,-12.38181,130.86624,NT,,
0812,-12.39642,130.91519,NT,,
0813,-12.40478,130.9161,NT,,
0814,-12.38181,130.86624,NT,,
0815,-12.3718,130.869,NT,,
0820,-12.42711,130.87334,NT,,
0821,-13.64328,136.94705,NT,,
0822,-11.76997,130.62946,NT,,
0828,-12.43202,130.93207,NT,,
0829,-12.45763,130.95977,NT,,
0830,-12.47928,130.97335,NT,,
0831,-12.47507,130.97488,NT,,
0832,-12.50343,130.97746,NT,,
0834,-12.54686,131.02349,NT,,
0835,-12.47608,131.02299,NT,,
0836,-12.55604,131.10804,NT,,
0837,-12.67332,131.05535,NT,,
0838,-12.71878,131.00673,NT,,
0839,-12.52001,131.0402,NT,,
0840,-12.73458,130.43857,NT,,
0841,-12.81923,130.96986,NT,,
0845,-13.04512,131.03848,NT,,
0846,-13.2103,131.095,NT,,
0847,-14.01212,131.75915,NT,,
0850,-14.40915,132.28591,NT,,
0851,-15.71142,137.05072,NT,,
0852,-16.4311,130.89873,NT,,
0853,-14.54463,132.39812,NT,,
0854,-16.28728,136.36665,NT,,
0860,-19.6413,134.1736,NT,,
0861,-18.56305,134.48183,NT,,
0862,-18.17968,134.86259,NT,,
0870,-23.70222,133.86486,NT,,
0871,-21.94951,131.29881,NT,,
0872,-23.05255,131.06949,NT,,
0873,-23.74471,133.90501,NT,,
0874,-23.68502,133.89988,NT,,
0875,-23.69689,133.8333,NT,,
0880,-12.06062,136.60613,NT,,
0881,-11.67037,136.82486,NT,,
0885,-13.85079,136.42007,NT,,
0886,-13.13118,132.56337,NT,,
0906,-13.64328,136.94705,NT,,
0907,-13.64328,136.94705,NT,,
0909,-12.3718,130.869,NT,,
1001,-33.79488,151.26807,NSW,,
1002,-33.79488,151.26807,NSW,,
1003,-33.79488,151.26807,NSW,,
1004,-33.79488,151.26807,NSW,,
1005,-33.79488,151.26807,NSW,,
1006,-33.79488,151.26807,NSW,,
1007,-33.79488,151.26807,NSW,,
1008,-33.79488,151.26807,NSW,,
1009,-33.79488,151.26807,NSW,,
1010,-33.79488,151.26807,NSW,,
1020,-33.79488,151.26807,NSW,,
1021,-33.79488,151.26807,NSW,,
1022,-33.79488,151.26807,NSW,,
1023,-33.79488,151.26807,NSW,,
1025,-33.79488,151.26807,NSW,,
1026,-33.79488,151.26807,NSW,,
1027,-33.79488,151.26807,NSW,,
1028,-33.79488,151.26807,NSW,,
1029,-33.79488,151.26807,NSW,,
1030,-33.79488,151.26807,NSW,,
1031,-33.79488,151.26807,NSW,,
1032,-33.66283,150.87418,NSW,,
1033,-33.79488,151.26807,NSW,,
1034,-33.79488,151.26807,NSW,,
1035,-33.79488,151.26807,NSW,,
1036,-33.79488,151.26807,NSW,,
1037,-33.79488,151.26807,NSW,,
1038,-33.79488,151.26807,NSW,,
1039,-33.79488,151.26807,NSW,,
1040,-33.79488,151.26807,NSW,,
1041,-33.79488,151.26807,NSW,,
1042,-33.79488,151.26807,NSW,,
1043,-33.79488,151.26807,NSW,,
1044,-33.79488,151.26807,NSW,,
1045,-33.79488,151.26807,NSW,,
1046,-33.79488,151.26807,NSW,,
1100,-33.79488,151.26807,NSW,,
1101,-33.79488,151.26807,NSW,,
1105,-33.79488,151.26807,NSW,,
1106,-33.79488,151.26807,NSW,,
1107,-33.79488,151.26807,NSW,,
1108,-33.79488,151.26807,NSW,,
1109,-33.79488,151.26807,NSW,,
1110,-33.79488,151.26807,NSW,,
1112,-33.79488,151.26807,NSW,,
1113,-33.79488,151.26807,NSW,,
1114,-33.79488,151.26807,NSW,,
1115,-33.79488,151.26807,NSW,,
1116,-33.66673,150.86614,NSW,,
1117,-33.66457,150.87022,NSW,,
1118,-33.79488,151.26807,NSW,,
1119,-33.79488,151.26807,NSW,,
1120,-33.79488,151.26807,NSW,,
1121,-33.79488,151.26807,NSW,,
1122,-33.79488,151.26807,NSW,,
1123,-33.79488,151.26807,NSW,,
1124,-33.79488,151.26807,NSW,,
1125,-33.79488,151.26807,NSW,,
1126,-33.79488,151.26807,NSW,,
1127,-33.79488,151.26807,NSW,,
1128,-33.79488,151.26807,NSW,,
1129,-33.79488,151.26807,NSW,,
1130,-33.79488,151.26807,NSW,,
1131,-33.79488,151.26807,NSW,,
1132,-33.66279,150.87427,NSW,,
1133,-33.79488,151.26807,NSW,,
1134,-33.79488,151.26807,NSW,,
1135,-33.79488,151.26807,NSW,,
1136,-33.79488,151.26807,NSW,,
1137,-33.79488,151.26807,NSW,,
1138,-33.79488,151.26807,NSW,,
1139,-33.79488,151.26807,NSW,,
1140,-33.79488,151.26807,NSW,,
1141,-33.79488,151.26807,NSW,,
1142,-33.79488,151.26807,NSW,,
1143,-33.79488,151.26807,NSW,,
1144,-33.79488,151.26807,NSW,,
1145,-33.79488,151.26807,NSW,,
1146,-33.79488,151.26807,NSW,,
1147,-33.79488,151.26807,NSW,,
1148,-33.79488,151.26807,NSW,,
1149,-33.79488,151.26807,NSW,,
1150,-33.79488,151.26807,NSW,,
1151,-33.79488,151.26807,NSW,,
1152,-33.79488,151.26807,NSW,,
1153,-33.79488,151.26807,NSW,,
1154,-33.79488,151.26807,NSW,,
1155,-33.79488,151.26807,NSW,,
1156,-33.79488,151.26807,NSW,,
1157,-33.79488,151.26807,NSW,,
1158,-33.79488,151.26807,NSW,,
1159,-33.79488,151.26807,NSW,,
1160,-33.79488,151.26807,NSW,,
1161,-33.79488,151.26807,NSW,,
1162,-33.79488,151.26807,NSW,,
1163,-33.79488,151.26807,NSW,,
1164,-33.79488,151.26807,NSW,,
1165,-33.79488,151.26807,NSW,,
1166,-33.79488,151.26807,NSW,,
1167,-33.79488,151.26807,NSW,,
1168,-33.79488,151.26807,NSW,,
1169,-33.79488,151.26807,NSW,,
1170,-33.79488,151.26807,NSW,,
1171,-33.79488,151.26807,NSW,,
1172,-33.79488,151.26807,NSW,,
1173,-33.79488,151.26807,NSW,,
1174,-33.79488,151.26807,NSW,,
1175,-33.79488,151.26807,NSW,,
1176,-33.79488,151.26807,NSW,,
1177,-33.79488,151.26807,NSW,,
1178,-33.79488,151.26807,NSW,,
1179,-33.79488,151.26807,NSW,,
1180,-33.79488,151.26807,NSW,,
1181,-33.79488,151.26807,NSW,,
1182,-33.79488,151.26807,NSW,,
1183,-33.79488,151.26807,NSW,,
1184,-33.79488,151.26807,NSW,,
1185,-33.79488,151.26807,NSW,,
1186,-33.79488,151.26807,NSW,,
1187,-33.79488,151.26807,NSW,,
1188,-33.79488,151.26807,NSW,,
1189,-33.79488,151.26807,NSW,,
1190,-33.79488,151.26807,NSW,,
1191,-33.79488,151.26807,NSW,,
1192,-34.79068,147.68528,NSW,,
1193,-33.79488,151.26807,NSW,,
1194,-33.79488,151.26807,NSW,,
1195,-33.79488,151.26807,NSW,,
1196,-33.79488,151.26807,NSW,,
1197,-33.79488,151.26807,NSW,,
1198,-33.79488,151.26807,NSW,,
1199,-33.79488,151.26807,NSW,,
1201,-33.79488,151.26807,NSW,,
1202,-33.79488,151.26807,NSW,,
1203,-33.79488,151.26807,NSW,,
1205,-33.79488,151.26807,NSW,,
1207,-33.79488,151.26807,NSW,,
1208,-29.81648,151.65945,NSW,,
1209,-33.89179,151.17625,NSW,,
1210,-33.89179,151.17625,NSW,,
1211,-33.89179,151.17625,NSW,,
1212,-33.89179,151.17625,NSW,,
1213,-33.89179,151.17625,NSW,,
1214,-33.89179,151.17625,NSW,,
1215,-33.89179,151.17625,NSW,,
1216,-33.74131,151.03403,NSW,,
1217,-33.74131,151.03403,NSW,,
1218,-33.74131,151.03403,NSW,,
1219,-33.74131,151.03403,NSW,,
1220,-33.74131,151.03403,NSW,,
1221,-33.86533,151.20791,NSW,,
1222,-33.86533,151.20791,NSW,,
1223,-33.86533,151.20791,NSW,,
1224,-33.86533,151.20791,NSW,,
1225,-33.86533,151.20791,NSW,,
1226,-33.87175,151.20671,NSW,,
1227,-33.87175,151.20671,NSW,,
1228,-33.87175,151.20671,NSW,,
1229,-33.87175,151.20671,NSW,,
1230,-33.87175,151.20671,NSW,,
1231,-33.81555,151.04253,NSW,,
1232,-33.81555,151.04253,NSW,,
1233,-33.81555,151.04253,NSW,,
1234,-33.81555,151.04253,NSW,,
1235,-33.81555,151.04253,NSW,,
1236,-29.81648,151.65945,NSW,,
1237,-29.81648,151.65945,NSW,,
1238,-29.81648,151.65945,NSW,,
1239,-29.81648,151.65945,NSW,,
1240,-29.81648,151.65945,NSW,,
1291,-33.79488,151.26807,NSW,,
1292,-33.79488,151.26807,NSW,,
1293,-33.79488,151.26807,NSW,,
1294,-33.79488,151.26807,NSW,,
1295,-33.79488,151.26807,NSW,,
1296,-33.79488,151.26807,NSW,,
1297,-33.79488,151.26807,NSW,,
1298,-33.79488,151.26807,NSW,,
1299,-33.79488,151.26807,NSW,,
1300,-33.87733,151.22088,NSW,,
1314,-33.9508,151.21,NSW,,
1335,-33.82269,151.11757,NSW,,
1340,-35.53772,148.02101,NSW,,
1350,-33.88871,151.24051,NSW,,
1355,-33.89374,151.2625,NSW,,
1360,-33.87584,151.24194,NSW,,
1401,-33.88422,151.19983,NSW,,
1405,-33.89194,151.04771,NSW,,
1419,-34.0641,151.094,NSW,,
1420,-33.7261,150.93184,NSW,,
1422,-33.7261,150.93184,NSW,,
1423,-33.7261,150.93184,NSW,,
1424,-33.7261,150.93184,NSW,,
1425,-33.7261,150.93184,NSW,,
1426,-33.7261,150.93184,NSW,,
1427,-33.7261,150.93184,NSW,,
1428,-33.7261,150.93184,NSW,,
1429,-33.7261,150.93184,NSW,,
1430,-33.89023,151.19949,NSW,,
1435,-33.71178,151.10825,NSW,,
1440,-33.90284,151.05791,NSW,,
1441,-33.90284,151.05791,NSW,,
1445,-34.08309,151.00769,NSW,,
1450,-30.30581,153.13679,NSW,,
1455,-33.94709,151.19764,NSW,,
1460,-33.92667,151.21079,NSW,,
1465,-33.88855,151.14074,NSW,,
1466,-33.90656,151.23442,NSW,,
1470,-33.843,151.15196,NSW,,
1475,-33.90911,151.15334,NSW,,
1476,-33.90911,151.15334,NSW,,
1480,-33.93592,151.10003,NSW,,
1481,-33.9646,151.101,NSW,,
1484,-33.9386,151.101,NSW,,
1485,-33.97435,151.14034,NSW,,
1490,-34.03588,151.1072,NSW,,
1493,-33.97587,151.08894,NSW,,
1495,-34.04693,151.12394,NSW,,
1499,-34.0157,151.0622,NSW,,
1515,-33.82461,151.20726,NSW,,
1560,-33.81264,151.2148,NSW,,
1565,-33.86537,151.19307,NSW,,
1570,-33.80809,151.19273,NSW,,
1585,-33.83459,151.20085,NSW,,
1590,-33.292,151.46865,NSW,,
1595,-33.79187,151.18795,NSW,,
1597,-33.79187,151.18795,NSW,,
1602,-33.8148,151.166,NSW,,
1630,-33.70768,151.09981,NSW,,
1635,-33.7046,151.101,NSW,,
1639,-33.79314,151.24675,NSW,,
1640,-33.79314,151.24675,NSW,,
1655,-33.3298,151.50512,NSW,,
1658,-33.69877,151.2168,NSW,,
1660,-33.69877,151.2168,NSW,,
1670,-33.7932,151.12,NSW,,
1675,-33.83303,151.13968,NSW,,
1680,-33.7615,151.13781,NSW,,
1685,-33.80406,151.09064,NSW,,
1700,-33.9503,151.20698,NSW,,
1710,-33.78417,151.1167,NSW,,
1715,-33.75843,151.04911,NSW,,
1730,-33.76026,150.96691,NSW,,
1740,-33.88617,151.13947,NSW,,
1741,-33.88617,151.13947,NSW,,
1750,-33.85705,151.0231,NSW,,
1755,-33.76724,150.96818,NSW,,
1765,-33.73591,151.03053,NSW,,
1771,-33.75843,151.04911,NSW,,
1781,-33.7779,150.932,NSW,,
1790,-33.85905,151.19554,NSW,,
1800,-33.8876,151.12401,NSW,,
1805,-33.89156,151.10082,NSW,,
1811,-33.82328,151.05138,NSW,,
1819,-33.87714,151.09333,NSW,,
1825,-33.87248,151.04477,NSW,,
1830,-33.85929,150.94858,NSW,,
1831,-33.85929,150.94858,NSW,,
1835,-33.88393,151.0238,NSW,,
1851,-33.8498,150.911,NSW,,
1860,-33.85046,150.96112,NSW,,
1871,-33.88833,151.10363,NSW,,
1874,-33.93567,150.94134,NSW,,
1875,-33.93567,150.94134,NSW,,
1885,-33.90742,151.02458,NSW,,
1888,-33.90742,151.02458,NSW,,
1890,-33.96003,150.80209,NSW,,
1891,-33.93222,151.00018,NSW,,
2000,-33.86002,151.25053,NSW,Sydney - Sutherland,Major Cities of Australia
2001,-33.79488,151.26807,NSW,,
2002,-33.87712,151.20692,NSW,,
2004,-33.9294,151.2,NSW,,
2006,-33.88922,151.18651,NSW,,
2007,-33.88319,151.19665,NSW,Sydney - Sutherland,Major Cities of Australia
2008,-33.89115,151.19386,NSW,Sydney - Sutherland,Major Cities of Australia
2009,-33.87122,151.19305,NSW,Sydney - Sutherland,Major Cities of Australia
2010,-33.88412,151.21226,NSW,Sydney - Sutherland,Major Cities of Australia
2011,-33.8736,151.22163,NSW,Sydney - Sutherland,Major Cities of Australia
2012,-33.7261,150.93184,NSW,,
2013,-33.7261,150.93184,NSW,,
2015,-33.91011,151.19483,NSW,Sydney - Sutherland,Major Cities of Australia
2016,-33.89491,151.20621,NSW,Sydney - Sutherland,Major Cities of Australia
2017,-33.90269,151.20621,NSW,Sydney - Sutherland,Major Cities of Australia
2018,-33.9233,151.2027,NSW,Sydney - Sutherland,Major Cities of Australia
2019,-33.94692,151.20729,NSW,Sydney - Sutherland,Major Cities of Australia
2020,-33.93493,151.18116,NSW,Sydney - Sutherland,Major Cities of Australia
2021,-33.8957,151.22724,NSW,Sydney - Sutherland,Major Cities of Australia
2022,-33.8964,151.24505,NSW,Sydney - Sutherland,Major Cities of Australia
2023,-33.88468,151.25591,NSW,Sydney - Sutherland,Major Cities of Australia
2024,-33.90441,151.25939,NSW,Sydney - Sutherland,Major Cities of Australia
2025,-33.88871,151.24051,NSW,Sydney - Sutherland,Major Cities of Australia
2026,-33.89104,151.26897,NSW,Sydney - Sutherland,Major Cities of Australia
2027,-33.86897,151.25049,NSW,Sydney - Sutherland,Major Cities of Australia
2028,-33.87841,151.24096,NSW,Sydney - Sutherland,Major Cities of Australia
2029,-33.87571,151.26699,NSW,Sydney - Sutherland,Major Cities of Australia
2030,-33.85838,151.27598,NSW,Sydney - Sutherland,Major Cities of Australia
2031,-33.91451,151.23973,NSW,Sydney - Sutherland,Major Cities of Australia
2032,-33.93031,151.22394,NSW,Sydney - Sutherland,Major Cities of Australia
2033,-33.91139,151.21843,NSW,Sydney - Sutherland,Major Cities of Australia
2034,-33.9291,151.25217,NSW,Sydney - Sutherland,Major Cities of Australia
2035,-33.94564,151.24129,NSW,Sydney - Sutherland,Major Cities of Australia
2036,-33.96962,151.23784,NSW,Sydney - Sutherland,Major Cities of Australia
2037,-33.88018,151.18446,NSW,Sydney - Sutherland,Major Cities of Australia
2038,-33.88162,151.17016,NSW,Sydney - Sutherland,Major Cities of Australia
2039,-33.86719,151.17192,NSW,Sydney - Sutherland,Major Cities of Australia
2040,-33.87877,151.15682,NSW,Sydney - Sutherland,Major Cities of Australia
2041,-33.85856,151.18009,NSW,Sydney - Sutherland,Major Cities of Australia
2042,-33.90065,151.17535,NSW,Sydney - Sutherland,Major Cities of Australia
2043,-33.90352,151.18466,NSW,Sydney - Sutherland,Major Cities of Australia
2044,-33.9204,151.1723,NSW,Sydney - Sutherland,Major Cities of Australia
2045,-33.8793,151.13868,NSW,Sydney - Sutherland,Major Cities of Australia
2046,-33.86604,151.13386,NSW,Sydney - Sutherland,Major Cities of Australia
2047,-33.85392,151.16574,NSW,Sydney - Sutherland,Major Cities of Australia
2048,-33.89418,151.16564,NSW,Sydney - Sutherland,Major Cities of Australia
2049,-33.89722,151.15085,NSW,Sydney - Sutherland,Major Cities of Australia
2050,-33.89037,151.17598,NSW,Sydney - Sutherland,Major Cities of Australia
2052,-33.90656,151.23442,NSW,,
2055,-33.80284,151.10494,NSW,,
2057,-33.79199,151.1899,NSW,,
2058,-31.2532,146.921,NSW,,
2059,-33.80284,151.10494,NSW,,
2060,-33.83986,151.20456,NSW,Sydney - Sutherland,Major Cities of Australia
2061,-33.84878,151.21237,NSW,Sydney - Sutherland,Major Cities of Australia
2062,-33.82284,151.21246,NSW,Sydney - Sutherland,Major Cities of Australia
2063,-33.81264,151.2148,NSW,Sydney - Sutherland,Major Cities of Australia
2064,-33.81321,151.1838,NSW,Sydney - Sutherland,Major Cities of Australia
2065,-33.82808,151.19381,NSW,Sydney - Sutherland,Major Cities of Australia
2066,-33.81864,151.16091,NSW,Sydney - Sutherland,Major Cities of Australia
2067,-33.79838,151.17711,NSW,Sydney - Sutherland,Major Cities of Australia
2068,-33.79983,151.20242,NSW,Sydney - Sutherland,Major Cities of Australia
2069,-33.78025,151.19537,NSW,Sydney - Sutherland,Major Cities of Australia
2070,-33.78042,151.16201,NSW,Sydney - Sutherland,Major Cities of Australia
2071,-33.7586,151.1766,NSW,Sydney - Sutherland,Major Cities of Australia
2072,-33.75458,151.15318,NSW,Sydney - Sutherland,Major Cities of Australia
2073,-33.7573,151.13028,NSW,Sydney - Sutherland,Major Cities of Australia
2074,-33.73522,151.12372,NSW,Sydney - Sutherland,Major Cities of Australia
2075,-33.72369,151.16729,NSW,Sydney - Sutherland,Major Cities of Australia
2076,-33.71475,151.11587,NSW,Sydney - Sutherland,Major Cities of Australia
2077,-33.69192,151.09751,NSW,Sydney - Sutherland,Major Cities of Australia
2079,-33.66664,151.11268,NSW,Sydney - Sutherland,Major Cities of Australia
2080,-33.65817,151.14356,NSW,Sydney - Sutherland,Major Cities of Australia
2081,-33.61976,151.1505,NSW,Sydney - Sutherland,Inner Regional Australia
2082,-33.55664,151.15889,NSW,Sydney - Sutherland,Inner Regional Australia
2083,-33.5232,151.19411,NSW,Sydney - Sutherland,Inner Regional Australia
2084,-33.651,151.21693,NSW,Sydney - Sutherland,Major Cities of Australia
2085,-33.72878,151.21172,NSW,Sydney - Sutherland,Major Cities of Australia
2086,-33.75185,151.22921,NSW,Sydney - Sutherland,Major Cities of Australia
2087,-33.76609,151.21053,NSW,Sydney - Sutherland,Major Cities of Australia
2088,-33.83069,151.24335,NSW,Sydney - Sutherland,Major Cities of Australia
2089,-33.83918,151.21885,NSW,Sydney - Sutherland,Major Cities of Australia
2090,-33.82895,151.22309,NSW,Sydney - Sutherland,Major Cities of Australia
2091,-33.8279,151.261,NSW,,
2092,-33.79664,151.24181,NSW,Sydney - Sutherland,Major Cities of Australia
2093,-33.79315,151.25807,NSW,Sydney - Sutherland,Major Cities of Australia
2094,-33.79523,151.27324,NSW,Sydney - Sutherland,Major Cities of Australia
2095,-33.81548,151.29468,NSW,Sydney - Sutherland,Major Cities of Australia
2096,-33.77636,151.28493,NSW,Sydney - Sutherland,Major Cities of Australia
2097,-33.73803,151.2967,NSW,Sydney - Sutherland,Major Cities of Australia
2099,-33.74891,151.28,NSW,Sydney - Sutherland,Major Cities of Australia
2100,-33.76641,151.25778,NSW,Sydney - Sutherland,Major Cities of Australia
2101,-33.70712,151.27114,NSW,Sydney - Sutherland,Major Cities of Australia
2102,-33.69129,151.2943,NSW,Sydney - Sutherland,Major Cities of Australia
2103,-33.67934,151.30283,NSW,Sydney - Sutherland,Major Cities of Australia
2104,-33.66492,151.29092,NSW,Sydney - Sutherland,Major Cities of Australia
2105,-33.63943,151.27847,NSW,Sydney - Sutherland,Inner Regional Australia
2106,-33.66071,151.3146,NSW,Sydney - Sutherland,Major Cities of Australia
2107,-33.63482,151.32329,NSW,Sydney - Sutherland,Major Cities of Australia
2108,-33.60382,151.32276,NSW,Sydney - Sutherland,Inner Regional Australia
2109,-33.77156,151.11347,NSW,,
2110,-33.8361,151.14913,NSW,Sydney - Sutherland,Major Cities of Australia
2111,-33.82995,151.12449,NSW,Sydney - Sutherland,Major Cities of Australia
2112,-33.81658,151.10845,NSW,Sydney - Sutherland,Major Cities of Australia
2113,-33.79419,151.13023,NSW,Sydney - Sutherland,Major Cities of Australia
2114,-33.81099,151.08418,NSW,Sydney - Sutherland,Major Cities of Australia
2115,-33.81311,151.05984,NSW,Sydney - Sutherland,Major Cities of Australia
2116,-33.81437,151.03694,NSW,Sydney - Sutherland,Major Cities of Australia
2117,-33.79713,151.04218,NSW,Sydney - Sutherland,Major Cities of Australia
2118,-33.7756,151.04352,NSW,Sydney - Sutherland,Major Cities of Australia
2119,-33.7555,151.06418,NSW,Sydney - Sutherland,Major Cities of Australia
2120,-33.7311,151.07359,NSW,Sydney - Sutherland,Major Cities of Australia
2121,-33.77414,151.07992,NSW,Sydney - Sutherland,Major Cities of Australia
2122,-33.79136,151.09207,NSW,Sydney - Sutherland,Major Cities of Australia
2123,-33.81545,150.99957,NSW,,
2124,-33.88617,151.13947,NSW,,
2125,-33.75265,151.03181,NSW,Sydney - Sutherland,Major Cities of Australia
2126,-33.7249,151.04394,NSW,Sydney - Sutherland,Major Cities of Australia
2127,-33.84324,151.07461,NSW,Sydney - Sutherland,Major Cities of Australia
2128,-33.83593,151.04759,NSW,Sydney - Sutherland,Major Cities of Australia
2129,-33.8641,151.06955,NSW,,
2130,-33.89278,151.13588,NSW,Sydney - Sutherland,Major Cities of Australia
2131,-33.8876,151.12401,NSW,Sydney - Sutherland,Major Cities of Australia
2132,-33.88242,151.11338,NSW,Sydney - Sutherland,Major Cities of Australia
2133,-33.89879,151.10209,NSW,Sydney - Sutherland,Major Cities of Australia
2134,-33.88005,151.10176,NSW,Sydney - Sutherland,Major Cities of Australia
2135,-33.88101,151.08476,NSW,Sydney - Sutherland,Major Cities of Australia
2136,-33.89294,151.08774,NSW,Sydney - Sutherland,Major Cities of Australia
2137,-33.85749,151.10375,NSW,Sydney - Sutherland,Major Cities of Australia
2138,-33.8445,151.08653,NSW,Sydney - Sutherland,Major Cities of Australia
2139,-33.83599,151.09516,NSW,,
2140,-33.83502,151.07085,NSW,Sydney - Sutherland,Major Cities of Australia
2141,-33.87248,151.04477,NSW,Sydney - Sutherland,Major Cities of Australia
2142,-33.83637,151.01553,NSW,Sydney - Sutherland,Major Cities of Australia
2143,-33.88546,151.02345,NSW,Sydney - Sutherland,Major Cities of Australia
2144,-33.85187,151.02676,NSW,Sydney - Sutherland,Major Cities of Australia
2145,-33.81096,150.95939,NSW,Sydney - Sutherland,Major Cities of Australia
2146,-33.78937,150.95951,NSW,Sydney - Sutherland,Major Cities of Australia
2147,-33.76608,150.93584,NSW,Sydney - Sutherland,Major Cities of Australia
2148,-33.78375,150.90055,NSW,Sydney - Sutherland,Major Cities of Australia
2150,-33.81446,151.00651,NSW,Sydney - Sutherland,Major Cities of Australia
2151,-33.78709,151.01251,NSW,Sydney - Sutherland,Major Cities of Australia
2152,-33.7825,150.99639,NSW,Sydney - Sutherland,Major Cities of Australia
2153,-33.73704,150.96333,NSW,Sydney - Sutherland,Major Cities of Australia
2154,-33.73238,151.00095,NSW,Sydney - Sutherland,Major Cities of Australia
2155,-33.72226,150.93546,NSW,Sydney - Sutherland,Major Cities of Australia
2156,-33.65698,150.97453,NSW,Sydney - Sutherland,Inner Regional Australia
2157,-33.60217,150.99105,NSW,Sydney - Sutherland,Inner Regional Australia
2158,-33.6883,151.03727,NSW,Sydney - Sutherland,Inner Regional Australia
2159,-33.53915,151.08415,NSW,Sydney - Sutherland,Inner Regional Australia
2160,-33.83588,150.97659,NSW,Sydney - Sutherland,Major Cities of Australia
2161,-33.85833,150.98372,NSW,Sydney - Sutherland,Major Cities of Australia
2162,-33.88349,151.00413,NSW,Sydney - Sutherland,Major Cities of Australia
2163,-33.8872,150.97946,NSW,Sydney - Sutherland,Major Cities of Australia
2164,-33.84472,150.88062,NSW,Sydney - Sutherland,Major Cities of Australia
2165,-33.87244,150.9475,NSW,Sydney - Sutherland,Major Cities of Australia
2166,-33.89274,150.92937,NSW,Sydney - Sutherland,Major Cities of Australia
2167,-33.97217,150.89044,NSW,Sydney - Sutherland,Major Cities of Australia
2168,-33.91594,150.87535,NSW,Sydney - Sutherland,Major Cities of Australia
2170,-33.929,150.92311,NSW,Sydney - Sutherland,Major Cities of Australia
2171,-33.93807,150.90954,NSW,Sydney - Sutherland,Major Cities of Australia
2172,-33.95111,150.91744,NSW,Sydney - Sutherland,Major Cities of Australia
2173,-34.07424,150.91955,NSW,Sydney - Sutherland,Inner Regional Australia
2174,-33.9775,150.85671,NSW,Sydney - Sutherland,Major Cities of Australia
2175,-33.84503,150.84819,NSW,Sydney - Sutherland,Major Cities of Australia
2176,-33.87201,150.88526,NSW,Sydney - Sutherland,Major Cities of Australia
2177,-33.89297,150.88175,NSW,Sydney - Sutherland,Major Cities of Australia
2178,-33.87478,150.83822,NSW,Sydney - Sutherland,Major Cities of Australia
2179,-33.93311,150.81203,NSW,Sydney - Sutherland,Major Cities of Australia
2190,-33.8986,151.05181,NSW,Sydney - Sutherland,Major Cities of Australia
2191,-33.9068,151.08551,NSW,Sydney - Sutherland,Major Cities of Australia
2192,-33.92102,151.08966,NSW,Sydney - Sutherland,Major Cities of Australia
2193,-33.91031,151.12086,NSW,Sydney - Sutherland,Major Cities of Australia
2194,-33.9176,151.10178,NSW,Sydney - Sutherland,Major Cities of Australia
2195,-33.92302,151.07696,NSW,Sydney - Sutherland,Major Cities of Australia
2196,-33.93009,151.0578,NSW,Sydney - Sutherland,Major Cities of Australia
2197,-33.9012,150.99815,NSW,Sydney - Sutherland,Major Cities of Australia
2198,-33.90879,150.98628,NSW,Sydney - Sutherland,Major Cities of Australia
2199,-33.90559,151.02317,NSW,Sydney - Sutherland,Major Cities of Australia
2200,-33.92607,151.01165,NSW,Sydney - Sutherland,Major Cities of Australia
2203,-33.90441,151.139,NSW,Sydney - Sutherland,Major Cities of Australia
2204,-33.91229,151.15554,NSW,Sydney - Sutherland,Major Cities of Australia
2205,-33.93755,151.14796,NSW,Sydney - Sutherland,Major Cities of Australia
2206,-33.92606,151.12288,NSW,Sydney - Sutherland,Major Cities of Australia
2207,-33.94874,151.11952,NSW,Sydney - Sutherland,Major Cities of Australia
2208,-33.94263,151.098,NSW,Sydney - Sutherland,Major Cities of Australia
2209,-33.94913,151.0753,NSW,Sydney - Sutherland,Major Cities of Australia
2210,-33.95926,151.05181,NSW,Sydney - Sutherland,Major Cities of Australia
2211,-33.96137,151.03221,NSW,Sydney - Sutherland,Major Cities of Australia
2212,-33.94729,151.01455,NSW,Sydney - Sutherland,Major Cities of Australia
2213,-33.9641,150.99784,NSW,Sydney - Sutherland,Major Cities of Australia
2214,-33.94144,150.98159,NSW,Sydney - Sutherland,Major Cities of Australia
2216,-33.9556,151.14714,NSW,Sydney - Sutherland,Major Cities of Australia
2217,-33.97435,151.14034,NSW,Sydney - Sutherland,Major Cities of Australia
2218,-33.97316,151.11745,NSW,Sydney - Sutherland,Major Cities of Australia
2219,-33.99659,151.1325,NSW,Sydney - Sutherland,Major Cities of Australia
2220,-33.96669,151.10176,NSW,Sydney - Sutherland,Major Cities of Australia
2221,-33.99216,151.10599,NSW,Sydney - Sutherland,Major Cities of Australia
2222,-33.96471,151.08477,NSW,Sydney - Sutherland,Major Cities of Australia
2223,-33.98026,151.07184,NSW,Sydney - Sutherland,Major Cities of Australia
2224,-34.01362,151.10189,NSW,Sydney - Sutherland,Major Cities of Australia
2225,-33.99744,151.08789,NSW,Sydney - Sutherland,Major Cities of Australia
2226,-34.00935,151.06381,NSW,Sydney - Sutherland,Major Cities of Australia
2227,-34.04984,151.085,NSW,Sydney - Sutherland,Major Cities of Australia
2228,-34.03769,151.10156,NSW,Sydney - Sutherland,Major Cities of Australia
2229,-34.05496,151.12003,NSW,Sydney - Sutherland,Major Cities of Australia
2230,-34.08368,151.1411,NSW,Sydney - Sutherland,Inner Regional Australia
2231,-34.02993,151.19349,NSW,Sydney - Sutherland,Major Cities of Australia
2232,-34.08162,151.07521,NSW,Sydney - Sutherland,Inner Regional Australia
2233,-34.11463,151.02792,NSW,Sydney - Sutherland,Inner Regional Australia
2234,-34.02194,151.00441,NSW,Sydney - Sutherland,Inner Regional Australia
2250,-33.32806,151.19298,NSW,Sydney - Sutherland,Inner Regional Australia
2251,-33.48221,151.402,NSW,Sydney - Sutherland,Major Cities of Australia
2252,-33.3208,151.234,NSW,,
2256,-33.48212,151.33115,NSW,Sydney - Sutherland,Inner Regional Australia
2257,-33.52036,151.3744,NSW,Sydney - Sutherland,Major Cities of Australia
2258,-33.33319,151.3433,NSW,Sydney - Sutherland,Inner Regional Australia
2259,-33.20866,151.39767,NSW,Sydney - Sutherland,Inner Regional Australia
2260,-33.42537,151.43694,NSW,Sydney - Sutherland,Major Cities of Australia
2261,-33.31479,151.52073,NSW,Sydney - Sutherland,Major Cities of Australia
2262,-33.20696,151.53828,NSW,Sydney - Sutherland,Major Cities of Australia
2263,-33.2851,151.55622,NSW,Sydney - Sutherland,Major Cities of Australia
2264,-33.10668,151.53381,NSW,Sydney - Sutherland,Inner Regional Australia
2265,-33.09555,151.41212,NSW,Sydney - Sutherland,Inner Regional Australia
2267,-33.08655,151.59173,NSW,Sydney - Sutherland,Major Cities of Australia
2278,-32.93241,151.59042,NSW,Sydney - Sutherland,Major Cities of Australia
2280,-33.01971,151.66317,NSW,Sydney - Sutherland,Major Cities of Australia
2281,-33.09469,151.66227,NSW,Sydney - Sutherland,Inner Regional Australia
2282,-32.98728,151.65127,NSW,Sydney - Sutherland,Major Cities of Australia
2283,-33.01912,151.57181,NSW,Sydney - Sutherland,Major Cities of Australia
2284,-32.95324,151.62118,NSW,Sydney - Sutherland,Major Cities of Australia
2285,-32.9333,151.65109,NSW,Sydney - Sutherland,Major Cities of Australia
2286,-32.92332,151.53267,NSW,Sydney - Sutherland,Major Cities of Australia
2287,-32.89354,151.65896,NSW,Sydney - Sutherland,Major Cities of Australia
2289,-32.94857,151.71008,NSW,Sydney - Sutherland,Major Cities of Australia
2290,-32.98396,151.7078,NSW,Sydney - Sutherland,Major Cities of Australia
2291,-32.95104,151.74288,NSW,Sydney - Sutherland,Major Cities of Australia
2292,-32.93159,151.74072,NSW,Sydney - Sutherland,Major Cities of Australia
2293,-32.91778,151.7547,NSW,Sydney - Sutherland,Major Cities of Australia
2294,-32.91579,151.76741,NSW,Sydney - Sutherland,Major Cities of Australia
2295,-32.87947,151.80174,NSW,Sydney - Sutherland,Major Cities of Australia
2296,-32.9157,151.74624,NSW,Sydney - Sutherland,Major Cities of Australia
2297,-32.90913,151.75013,NSW,Sydney - Sutherland,Major Cities of Australia
2298,-32.90563,151.72224,NSW,Sydney - Sutherland,Major Cities of Australia
2299,-32.90814,151.70115,NSW,Sydney - Sutherland,Major Cities of Australia
2300,-32.93163,151.77802,NSW,Sydney - Sutherland,Major Cities of Australia
2302,-32.93127,151.75247,NSW,Sydney - Sutherland,Major Cities of Australia
2303,-32.92398,151.74449,NSW,Sydney - Sutherland,Major Cities of Australia
2304,-32.88032,151.73862,NSW,Sydney - Sutherland,Major Cities of Australia
2305,-32.93022,151.70655,NSW,Sydney - Sutherland,Major Cities of Australia
2306,-32.99329,151.68252,NSW,Sydney - Sutherland,Major Cities of Australia
2307,-32.88365,151.6881,NSW,Sydney - Sutherland,Major Cities of Australia
2308,-32.89288,151.69736,NSW,Sydney - Sutherland,Major Cities of Australia
2309,-30.35216,148.89077,NSW,,
2310,-32.1932,151.701,NSW,,
2311,-32.32731,151.51738,NSW,Sydney - Baulkham Hills and Hawkesbury,Outer Regional Australia
2312,-32.14749,152.35153,NSW,Sydney - Sutherland,Inner Regional Australia
2314,-32.79745,151.84009,NSW,,
2315,-32.74622,152.1937,NSW,Sydney - Sutherland,Inner Regional Australia
2316,-32.77692,152.08327,NSW,Sydney - Sutherland,Inner Regional Australia
2317,-32.72094,152.0764,NSW,Sydney - Sutherland,Inner Regional Australia
2318,-32.76991,151.8519,NSW,Sydney - Sutherland,Inner Regional Australia
2319,-32.73806,152.02728,NSW,Sydney - Sutherland,Inner Regional Australia
2320,-32.74174,151.54367,NSW,Sydney - Sutherland,Inner Regional Australia
2321,-32.66019,151.6837,NSW,Sydney - Sutherland,Inner Regional Australia
2322,-32.81331,151.65243,NSW,Sydney - Sutherland,Inner Regional Australia
2323,-32.76693,151.59825,NSW,Sydney - Sutherland,Inner Regional Australia
2324,-32.62676,152.31118,NSW,Sydney - Sutherland,Inner Regional Australia
2325,-32.98014,151.26998,NSW,Sydney - Baulkham Hills and Hawkesbury,Outer Regional Australia
2326,-32.78521,151.45315,NSW,Sydney - Sutherland,Inner Regional Australia
2327,-32.82069,151.48621,NSW,Sydney - Sutherland,Major Cities of Australia
2328,-32.57693,150.56482,NSW,Sydney - Baulkham Hills and Hawkesbury,Outer Regional Australia
2329,-32.0475,150.18752,NSW,Sydney - Baulkham Hills and Hawkesbury,Outer Regional Australia
2330,-32.7566,150.9825,NSW,Sydney - Baulkham Hills and Hawkesbury,Outer Regional Australia
2331,-32.68017,151.16531,NSW,Sydney - Sutherland,Inner Regional Australia
2333,-32.24857,150.70195,NSW,Sydney - Baulkham Hills and Hawkesbury,Outer Regional Australia
2334,-32.72846,151.38545,NSW,Sydney - Sutherland,Inner Regional Australia
2335,-32.6434,151.32394,NSW,Sydney - Sutherland,Inner Regional Australia
2336,-32.14622,151.10292,NSW,Sydney - Baulkham Hills and Hawkesbury,Outer Regional Australia
2337,-31.96173,151.07227,NSW,Sydney - Baulkham Hills and Hawkesbury,Outer Regional Australia
2338,-31.73517,151.02916,NSW,Sydney - Baulkham Hills and Hawkesbury,Outer Regional Australia
2339,-31.73574,150.60327,NSW,Sydney - Baulkham Hills and Hawkesbury,Outer Regional Australia
2340,-31.33824,151.13373,NSW,Sydney - Baulkham Hills and Hawkesbury,Outer Regional Australia
2341,-31.34664,150.61105,NSW,Sydney - Baulkham Hills and Hawkesbury,Outer Regional Australia
2342,-31.15522,150.54907,NSW,Sydney - Baulkham Hills and Hawkesbury,Outer Regional Australia
2343,-31.66546,150.14914,NSW,Sydney - Baulkham Hills and Hawkesbury,Outer Regional Australia
2344,-31.17375,150.72957,NSW,Sydney - Baulkham Hills and Hawkesbury,Outer Regional Australia
2345,-30.86434,150.87503,NSW,Sydney - Baulkham Hills and Hawkesbury,Outer Regional Australia
2346,-30.65315,150.71013,NSW,Sydney - Baulkham Hills and Hawkesbury,Outer Regional Australia
2347,-30.27804,150.53641,NSW,Sydney - Baulkham Hills and Hawkesbury,Outer Regional Australia
2348,-31.2532,146.921,NSW,,
2350,-30.48384,151.88722,NSW,Sydney - Baulkham Hills and Hawkesbury,Outer Regional Australia
2351,-30.48913,151.63963,NSW,,
2352,-31.08812,151.24619,NSW,Sydney - Baulkham Hills and Hawkesbury,Outer Regional Australia
2353,-30.97362,151.09561,NSW,Sydney - Baulkham Hills and Hawkesbury,Outer Regional Australia
2354,-31.12765,151.73416,NSW,Sydney - Baulkham Hills and Hawkesbury,Outer Regional Australia
2355,-30.77523,151.15422,NSW,Sydney - Baulkham Hills and Hawkesbury,Outer Regional Australia
2356,-30.6198,148.96949,NSW,Riverina,Remote Australia
2357,-31.28498,149.31196,NSW,Sydney - Baulkham Hills and Hawkesbury,Outer Regional Australia
2358,-30.5403,151.29752,NSW,Sydney - Baulkham Hills and Hawkesbury,Outer Regional Australia
2359,-30.20194,150.99927,NSW,Sydney - Baulkham Hills and Hawkesbury,Outer Regional Australia
2360,-29.64232,151.16853,NSW,Sydney - Baulkham Hills and Hawkesbury,Outer Regional Australia
2361,-29.19849,151.14175,NSW,Sydney - Baulkham Hills and Hawkesbury,Outer Regional Australia
2365,-30.11591,151.67303,NSW,Sydney - Baulkham Hills and Hawkesbury,Outer Regional Australia
2369,-29.98537,151.26508,NSW,Sydney - Baulkham Hills and Hawkesbury,Outer Regional Australia
2370,-29.73853,151.83947,NSW,Sydney - Baulkham Hills and Hawkesbury,Outer Regional Australia
2371,-29.36625,151.81468,NSW,Sydney - Baulkham Hills and Hawkesbury,Outer Regional Australia
2372,-29.05632,151.98283,NSW,Sydney - Baulkham Hills and Hawkesbury,Outer Regional Australia
2379,-31.1674,149.70214,NSW,Sydney - Baulkham Hills and Hawkesbury,Outer Regional Australia
2380,-31.04612,150.19915,NSW,Sydney - Baulkham Hills and Hawkesbury,Outer Regional Australia
2381,-31.24417,150.4579,NSW,Sydney - Baulkham Hills and Hawkesbury,Outer Regional Australia
2382,-30.59504,150.17806,NSW,Sydney - Baulkham Hills and Hawkesbury,Outer Regional Australia
2386,-30.05653,148.99968,NSW,Riverina,Remote Australia
2387,-29.7768,149.00966,NSW,Riverina,Remote Australia
2388,-30.42733,149.00154,NSW,Riverina,Remote Australia
2390,-30.34066,149.85175,NSW,Sydney - Baulkham Hills and Hawkesbury,Outer Regional Australia
2395,-31.57152,149.45351,NSW,Sydney - Baulkham Hills and Hawkesbury,Outer Regional Australia
2396,-30.86629,148.98556,NSW,Riverina,Remote Australia
2397,-29.91125,149.63489,NSW,Riverina,Remote Australia
2398,-29.74106,149.79574,NSW,Sydney - Baulkham Hills and Hawkesbury,Outer Regional Australia
2399,-29.40932,150.22266,NSW,Sydney - Baulkham Hills and Hawkesbury,Outer Regional Australia
2400,-29.47492,149.46215,NSW,Riverina,Remote Australia
2401,-29.6119,150.33162,NSW,Sydney - Baulkham Hills and Hawkesbury,Outer Regional Australia
2402,-29.44182,150.54755,NSW,Sydney - Baulkham Hills and Hawkesbury,Outer Regional Australia
2403,-29.58893,150.78662,NSW,Sydney - Baulkham Hills and Hawkesbury,Outer Regional Australia
2404,-29.86526,150.48943,NSW,Sydney - Baulkham Hills and Hawkesbury,Outer Regional Australia
2405,-28.89465,149.64725,NSW,Riverina,Remote Australia
2406,-28.92363,148.8074,NSW,Wide Bay,Remote Australia
2408,-29.05462,150.49221,NSW,Sydney - Baulkham Hills and Hawkesbury,Outer Regional Australia
2409,-28.73427,150.36869,NSW,Sydney - Baulkham Hills and Hawkesbury,Outer Regional Australia
2410,-28.80309,150.71554,NSW,Sydney - Baulkham Hills and Hawkesbury,Outer Regional Australia
2411,-29.13119,150.30789,NSW,Sydney - Baulkham Hills and Hawkesbury,Outer Regional Australia
2415,-32.27807,151.85957,NSW,Sydney - Baulkham Hills and Hawkesbury,Outer Regional Australia
2420,-32.27795,151.69306,NSW,Sydney - Baulkham Hills and Hawkesbury,Outer Regional Australia
2421,-32.58285,151.53311,NSW,Sydney - Sutherland,Inner Regional Australia
2422,-31.96114,151.86128,NSW,Sydney - Baulkham Hills and Hawkesbury,Outer Regional Australia
2423,-32.38255,152.2906,NSW,Sydney - Sutherland,Inner Regional Australia
2424,-31.64836,151.99213,NSW,Sydney - Baulkham Hills and Hawkesbury,Outer Regional Australia
2425,-32.4176,152.00245,NSW,Sydney - Sutherland,Inner Regional Australia
2426,-31.81793,152.59534,NSW,Sydney - Sutherland,Inner Regional Australia
2427,-31.84232,152.68658,NSW,Sydney - Sutherland,Inner Regional Australia
2428,-32.20628,152.45342,NSW,Sydney - Sutherland,Inner Regional Australia
2429,-31.77288,152.28376,NSW,Sydney - Baulkham Hills and Hawkesbury,Outer Regional Australia
2430,-31.89408,152.41958,NSW,Sydney - Sutherland,Inner Regional Australia
2431,-30.92523,153.05379,NSW,Sydney - Sutherland,Inner Regional Australia
2439,-31.64156,152.66618,NSW,Sydney - Sutherland,Inner Regional Australia
2440,-30.38924,153.01536,NSW,Sydney - Baulkham Hills and Hawkesbury,Outer Regional Australia
2441,-30.86029,152.80244,NSW,Sydney - Baulkham Hills and Hawkesbury,Outer Regional Australia
2442,-31.4352,152.917,NSW,,
2443,-31.72918,152.74634,NSW,Sydney - Sutherland,Inner Regional Australia
2444,-31.43961,152.87253,NSW,Sydney - Sutherland,Inner Regional Australia
2445,-31.58492,152.81181,NSW,Sydney - Sutherland,Inner Regional Australia
2446,-31.38616,152.46039,NSW,Sydney - Baulkham Hills and Hawkesbury,Outer Regional Australia
2447,-30.76468,152.76676,NSW,Sydney - Baulkham Hills and Hawkesbury,Outer Regional Australia
2448,-30.60467,152.95668,NSW,Sydney - Sutherland,Inner Regional Australia
2449,-30.62239,152.70982,NSW,Sydney - Baulkham Hills and Hawkesbury,Outer Regional Australia
2450,-30.14337,152.77502,NSW,Sydney - Baulkham Hills and Hawkesbury,Outer Regional Australia
2452,-30.35717,153.08188,NSW,Sydney - Sutherland,Inner Regional Australia
2453,-30.30697,152.64419,NSW,Sydney - Baulkham Hills and Hawkesbury,Outer Regional Australia
2454,-30.46332,152.82491,NSW,Sydney - Baulkham Hills and Hawkesbury,Outer Regional Australia
2455,-30.52937,152.96348,NSW,Sydney - Sutherland,Inner Regional Australia
2456,-30.06597,153.14343,NSW,Sydney - Sutherland,Inner Regional Australia
2460,-29.33833,153.22721,NSW,Sydney - Baulkham Hills and Hawkesbury,Outer Regional Australia
2462,-29.82919,153.18705,NSW,Sydney - Sutherland,Inner Regional Australia
2463,-29.37767,153.11155,NSW,Sydney - Sutherland,Inner Regional Australia
2464,-29.47863,153.33363,NSW,Sydney - Sutherland,Inner Regional Australia
2465,-29.41262,153.2439,NSW,Sydney - Sutherland,Inner Regional Australia
2466,-29.40748,153.35089,NSW,Sydney - Sutherland,Inner Regional Australia
2469,-29.18348,152.89546,NSW,Sydney - Baulkham Hills and Hawkesbury,Outer Regional Australia
2470,-28.9166,152.76963,NSW,Sydney - Baulkham Hills and Hawkesbury,Outer Regional Australia
2471,-29.03373,153.24406,NSW,Sydney - Baulkham Hills and Hawkesbury,Outer Regional Australia
2472,-29.15971,153.31241,NSW,Sydney - Sutherland,Inner Regional Australia
2473,-29.13704,153.39761,NSW,Sydney - Sutherland,Inner Regional Australia
2474,-28.50059,152.90378,NSW,Sydney - Baulkham Hills and Hawkesbury,Outer Regional Australia
2475,-28.54949,152.38531,NSW,Sydney - Baulkham Hills and Hawkesbury,Outer Regional Australia
2476,-28.37776,152.51395,NSW,Sydney - Baulkham Hills and Hawkesbury,Outer Regional Australia
2477,-28.91277,153.42922,NSW,Sydney - Sutherland,Inner Regional Australia
2478,-28.85953,153.53513,NSW,Sydney - Sutherland,Inner Regional Australia
2479,-28.70954,153.51496,NSW,Sydney - Sutherland,Inner Regional Australia
2480,-28.7076,153.26198,NSW,Sydney - Sutherland,Inner Regional Australia
2481,-28.66241,153.59167,NSW,Sydney - Sutherland,Inner Regional Australia
2482,-28.55038,153.4207,NSW,Sydney - Sutherland,Inner Regional Australia
2483,-28.46113,153.49424,NSW,Sydney - Sutherland,Inner Regional Australia
2484,-28.37901,153.31935,NSW,Sydney - Sutherland,Inner Regional Australia
2485,-28.18424,153.52682,NSW,Sydney - Sutherland,Major Cities of Australia
2486,-28.21413,153.48392,NSW,Sydney - Sutherland,Inner Regional Australia
2487,-28.28219,153.54864,NSW,Sydney - Sutherland,Inner Regional Australia
2488,-28.34099,153.56069,NSW,Sydney - Sutherland,Major Cities of Australia
2489,-28.38781,153.55075,NSW,Sydney - Sutherland,Inner Regional Australia
2490,-28.27172,153.47264,NSW,Sydney - Sutherland,Inner Regional Australia
2500,-34.42425,150.87503,NSW,Sydney - Sutherland,Inner Regional Australia
2502,-34.49472,150.87308,NSW,Sydney - Sutherland,Major Cities of Australia
2505,-34.46641,150.9439,NSW,Sydney - Sutherland,Major Cities of Australia
2506,-34.48494,150.84079,NSW,Sydney - Sutherland,Major Cities of Australia
2508,-34.22341,150.96587,NSW,Sydney - Sutherland,Inner Regional Australia
2515,-34.30029,150.9299,NSW,Sydney - Sutherland,Major Cities of Australia
2516,-34.33211,150.90483,NSW,Sydney - Sutherland,Inner Regional Australia
2517,-34.34936,150.89117,NSW,Sydney - Sutherland,Inner Regional Australia
2518,-34.37424,150.89102,NSW,Sydney - Sutherland,Inner Regional Australia
2519,-34.35558,150.70962,NSW,Sydney - Sutherland,Major Cities of Australia
2520,-33.93779,151.13959,NSW,,
2522,-34.4051,150.8778,NSW,,
2525,-34.43723,150.8189,NSW,Sydney - Sutherland,Major Cities of Australia
2526,-34.39101,150.77773,NSW,Sydney - Sutherland,Inner Regional Australia
2527,-34.58086,150.7554,NSW,Sydney - Sutherland,Inner Regional Australia
2528,-34.54872,150.85513,NSW,Sydney - Sutherland,Major Cities of Australia
2529,-34.59243,150.84584,NSW,Sydney - Sutherland,Major Cities of Australia
2530,-34.50365,150.76628,NSW,Sydney - Sutherland,Inner Regional Australia
2533,-34.64538,150.75688,NSW,Sydney - Sutherland,Inner Regional Australia
2534,-34.74012,150.79444,NSW,Sydney - Sutherland,Inner Regional Australia
2535,-34.76235,150.67639,NSW,Sydney - Sutherland,Inner Regional Australia
2536,-35.66738,150.13936,NSW,Sydney - Sutherland,Inner Regional Australia
2537,-35.93965,149.9122,NSW,Sydney - Baulkham Hills and Hawkesbury,Outer Regional Australia
2538,-35.36949,150.30636,NSW,Sydney - Sutherland,Inner Regional Australia
2539,-35.4864,150.37998,NSW,Sydney - Sutherland,Inner Regional Australia
2540,-34.89064,150.59172,NSW,Other Territories,Inner Regional Australia
2541,-34.96642,150.4809,NSW,Sydney - Sutherland,Inner Regional Australia
2545,-36.12766,149.79229,NSW,Sydney - Baulkham Hills and Hawkesbury,Outer Regional Australia
2546,-36.26747,150.21387,NSW,Sydney - Baulkham Hills and Hawkesbury,Outer Regional Australia
2548,-36.85776,149.89815,NSW,Sydney - Baulkham Hills and Hawkesbury,Outer Regional Australia
2549,-36.9532,149.85169,NSW,Sydney - Baulkham Hills and Hawkesbury,Outer Regional Australia
2550,-36.73923,149.69954,NSW,Sydney - Baulkham Hills and Hawkesbury,Outer Regional Australia
2551,-37.27109,149.74635,NSW,Sydney - Baulkham Hills and Hawkesbury,Outer Regional Australia
2555,-33.88338,150.74135,NSW,Sydney - Sutherland,Inner Regional Australia
2556,-33.931,150.7296,NSW,Sydney - Sutherland,Inner Regional Australia
2557,-33.99818,150.77643,NSW,Sydney - Sutherland,Major Cities of Australia
2558,-34.0316,150.79948,NSW,Sydney - Sutherland,Major Cities of Australia
2559,-34.05127,150.79361,NSW,Sydney - Sutherland,Major Cities of Australia
2560,-34.19946,150.77138,NSW,Sydney - Sutherland,Inner Regional Australia
2563,-34.10274,150.74985,NSW,Sydney - Sutherland,Major Cities of Australia
2564,-33.99836,150.89492,NSW,Sydney - Sutherland,Major Cities of Australia
2565,-33.99136,150.84829,NSW,Sydney - Sutherland,Major Cities of Australia
2566,-34.02728,150.84226,NSW,Sydney - Sutherland,Major Cities of Australia
2567,-34.05516,150.75649,NSW,Sydney - Sutherland,Major Cities of Australia
2568,-34.14738,150.71801,NSW,Sydney - Sutherland,Inner Regional Australia
2569,-34.196,150.70888,NSW,Sydney - Sutherland,Inner Regional Australia
2570,-34.04357,150.51953,NSW,Sydney - Sutherland,Inner Regional Australia
2571,-34.18219,150.61058,NSW,Sydney - Sutherland,Inner Regional Australia
2572,-34.19305,150.55919,NSW,Sydney - Sutherland,Inner Regional Australia
2573,-34.21844,150.58463,NSW,Sydney - Sutherland,Inner Regional Australia
2574,-34.32809,150.59857,NSW,Sydney - Sutherland,Inner Regional Australia
2575,-34.35968,150.36028,NSW,Sydney - Baulkham Hills and Hawkesbury,Outer Regional Australia
2576,-34.52561,150.5035,NSW,Sydney - Sutherland,Inner Regional Australia
2577,-34.60607,150.42303,NSW,Sydney - Sutherland,Inner Regional Australia
2578,-34.71558,150.29323,NSW,Sydney - Sutherland,Inner Regional Australia
2579,-34.71185,150.13033,NSW,Sydney - Sutherland,Inner Regional Australia
2580,-34.69396,149.73498,NSW,Sydney - Baulkham Hills and Hawkesbury,Outer Regional Australia
2581,-34.76448,149.28663,NSW,Sydney - Sutherland,Inner Regional Australia
2582,-34.88876,148.84755,NSW,Sydney - Baulkham Hills and Hawkesbury,Outer Regional Australia
2583,-34.21788,149.26697,NSW,Sydney - Baulkham Hills and Hawkesbury,Outer Regional Australia
2584,-34.71102,148.55524,NSW,Sydney - Sutherland,Inner Regional Australia
2585,-34.57233,148.4985,NSW,Sydney - Baulkham Hills and Hawkesbury,Outer Regional Australia
2586,-34.37863,148.79726,NSW,Sydney - Baulkham Hills and Hawkesbury,Outer Regional Australia
2587,-34.53225,148.35984,NSW,Sydney - Sutherland,Inner Regional Australia
2588,-34.59949,148.2556,NSW,Sydney - Sutherland,Inner Regional Australia
2590,-34.71451,147.89691,NSW,Sydney - Baulkham Hills and Hawkesbury,Outer Regional Australia
2594,-34.24412,148.12962,NSW,Sydney - Baulkham Hills and Hawkesbury,Outer Regional Australia
2600,-35.30291,149.20107,ACT,Australian Capital Territory,Major Cities of Australia
2601,-35.27586,149.1138,ACT,Australian Capital Territory,Major Cities of Australia
2602,-35.2512,149.14765,ACT,Australian Capital Territory,Major Cities of Australia
2603,-35.33038,149.12574,ACT,Australian Capital Territory,Major Cities of Australia
2604,-35.33641,149.14761,ACT,Australian Capital Territory,Major Cities of Australia
2605,-35.33582,149.09346,ACT,Australian Capital Territory,Major Cities of Australia
2606,-35.3521,149.0897,ACT,Australian Capital Territory,Major Cities of Australia
2607,-35.36999,149.09483,ACT,Australian Capital Territory,Major Cities of Australia
2608,-35.28287,149.12937,ACT,,
2609,-35.30927,149.17768,ACT,Australian Capital Territory,Major Cities of Australia
2610,-35.2809,149.13,ACT,,
2611,-35.34633,148.85601,ACT,Australian Capital Territory,Inner Regional Australia
2612,-35.27061,149.13321,ACT,Australian Capital Territory,Major Cities of Australia
2614,-35.25731,149.0498,ACT,Australian Capital Territory,Major Cities of Australia
2615,-35.21679,149.02296,ACT,Australian Capital Territory,Major Cities of Australia
2616,-35.24844,149.07034,ACT,,
2617,-35.23128,149.08668,ACT,Australian Capital Territory,Major Cities of Australia
2618,-35.12047,149.05692,NSW,Australian Capital Territory,Major Cities of Australia
2619,-35.37816,149.19454,NSW,Sydney - Sutherland,Inner Regional Australia
2620,-35.33386,149.24184,NSW,Australian Capital Territory,Inner Regional Australia
2621,-35.4698,149.48404,NSW,Sydney - Sutherland,Inner Regional Australia
2622,-35.54123,149.81749,NSW,Sydney - Baulkham Hills and Hawkesbury,Outer Regional Australia
2623,-35.55283,149.44508,NSW,Sydney - Sutherland,Inner Regional Australia
2624,-36.20962,148.42925,NSW,Sydney - Baulkham Hills and Hawkesbury,Outer Regional Australia
2625,-36.50661,148.30101,NSW,Sydney - Baulkham Hills and Hawkesbury,Outer Regional Australia
2626,-35.94123,149.16855,NSW,Sydney - Sutherland,Inner Regional Australia
2627,-36.46224,148.31358,NSW,Warrnambool and South West,Outer Regional Australia
2628,-36.42077,148.81756,NSW,Sydney - Baulkham Hills and Hawkesbury,Outer Regional Australia
2629,-35.96482,148.74303,NSW,Sydney - Baulkham Hills and Hawkesbury,Outer Regional Australia
2630,-36.18575,149.12904,NSW,Sydney - Baulkham Hills and Hawkesbury,Outer Regional Australia
2631,-36.54613,149.29248,NSW,Sydney - Baulkham Hills and Hawkesbury,Outer Regional Australia
2632,-37.02012,149.22045,NSW,Sydney - Baulkham Hills and Hawkesbury,Outer Regional Australia
2633,-36.86521,148.70156,NSW,Sydney - Baulkham Hills and Hawkesbury,Outer Regional Australia
2640,-36.0162,147.02655,NSW,Sydney - Baulkham Hills and Hawkesbury,Outer Regional Australia
2641,-36.03865,146.93044,NSW,Sydney - Sutherland,Inner Regional Australia
2642,-35.968,147.88628,NSW,Sydney - Baulkham Hills and Hawkesbury,Outer Regional Australia
2643,-35.93656,146.61754,NSW,Sydney - Sutherland,Inner Regional Australia
2644,-35.76794,147.41703,NSW,Sydney - Baulkham Hills and Hawkesbury,Outer Regional Australia
2645,-35.31335,146.36586,NSW,Sydney - Baulkham Hills and Hawkesbury,Outer Regional Australia
2646,-35.74958,146.30371,NSW,Sydney - Baulkham Hills and Hawkesbury,Outer Regional Australia
2647,-35.90546,145.97613,NSW,Sydney - Baulkham Hills and Hawkesbury,Outer Regional Australia
2648,-33.48446,141.91751,NSW,Riverina,Remote Australia
2649,-35.60828,148.09121,NSW,Sydney - Baulkham Hills and Hawkesbury,Outer Regional Australia
2650,-35.07269,147.3678,NSW,Sydney - Baulkham Hills and Hawkesbury,Outer Regional Australia
2651,-35.16226,147.46348,NSW,Sydney - Sutherland,Inner Regional Australia
2652,-35.32468,147.5717,NSW,Riverina,Remote Australia
2653,-35.75745,148.02701,NSW,Sydney - Baulkham Hills and Hawkesbury,Outer Regional Australia
2655,-35.2251,147.04737,NSW,Sydney - Baulkham Hills and Hawkesbury,Outer Regional Australia
2656,-35.32025,146.74196,NSW,Sydney - Baulkham Hills and Hawkesbury,Outer Regional Australia
2658,-35.53574,146.97785,NSW,Sydney - Baulkham Hills and Hawkesbury,Outer Regional Australia
2659,-35.61015,146.76748,NSW,Sydney - Baulkham Hills and Hawkesbury,Outer Regional Australia
2660,-35.69991,147.07831,NSW,Sydney - Sutherland,Inner Regional Australia
2661,-35.1577,147.27756,NSW,Sydney - Sutherland,Inner Regional Australia
2663,-34.93348,147.71677,NSW,Sydney - Baulkham Hills and Hawkesbury,Outer Regional Australia
2665,-34.31778,146.87863,NSW,Sydney - Baulkham Hills and Hawkesbury,Outer Regional Australia
2666,-34.48778,147.58381,NSW,Sydney - Baulkham Hills and Hawkesbury,Outer Regional Australia
2668,-34.1215,147.40543,NSW,Sydney - Baulkham Hills and Hawkesbury,Outer Regional Australia
2669,-33.81489,146.66748,NSW,Riverina,Remote Australia
2671,-33.84159,147.26421,NSW,Riverina,Remote Australia
2672,-33.24724,146.40677,NSW,Riverina,Remote Australia
2675,-33.45919,145.47925,NSW,Riverina,Remote Australia
2678,-35.05933,147.35195,NSW,Sydney - Sutherland,Inner Regional Australia
2680,-34.32142,145.91462,NSW,Sydney - Baulkham Hills and Hawkesbury,Outer Regional Australia
2681,-34.11671,146.14674,NSW,Sydney - Baulkham Hills and Hawkesbury,Outer Regional Australia
2700,-34.89706,146.28561,NSW,Sydney - Baulkham Hills and Hawkesbury,Outer Regional Australia
2701,-34.78536,147.20377,NSW,Sydney - Baulkham Hills and Hawkesbury,Outer Regional Australia
2702,-34.86668,147.01424,NSW,Sydney - Baulkham Hills and Hawkesbury,Outer Regional Australia
2703,-34.60794,146.37083,NSW,Sydney - Baulkham Hills and Hawkesbury,Outer Regional Australia
2705,-34.48987,146.37347,NSW,Sydney - Baulkham Hills and Hawkesbury,Outer Regional Australia
2706,-34.56946,145.93753,NSW,Sydney - Baulkham Hills and Hawkesbury,Outer Regional Australia
2707,-34.76886,145.80787,NSW,Sydney - Baulkham Hills and Hawkesbury,Outer Regional Australia
2708,-35.7299,145.329,NSW,,
2710,-35.37425,144.98719,NSW,Riverina,Remote Australia
2711,-34.27846,144.42305,NSW,Riverina,Remote Australia
2712,-35.75418,145.87281,NSW,Sydney - Baulkham Hills and Hawkesbury,Outer Regional Australia
2713,-35.58634,145.52068,NSW,Sydney - Baulkham Hills and Hawkesbury,Outer Regional Australia
2714,-35.76577,145.39728,NSW,Sydney - Baulkham Hills and Hawkesbury,Outer Regional Australia
2715,-34.25482,143.32315,NSW,Riverina,Remote Australia
2716,-35.23912,145.66736,NSW,Sydney - Baulkham Hills and Hawkesbury,Outer Regional Australia
2717,-34.08919,142.08013,NSW,Sydney - Baulkham Hills and Hawkesbury,Outer Regional Australia
2720,-35.37065,148.38725,NSW,Sydney - Baulkham Hills and Hawkesbury,Outer Regional Australia
2721,-34.04948,147.71206,NSW,Sydney - Baulkham Hills and Hawkesbury,Outer Regional Australia
2722,-35.04484,148.09743,NSW,Sydney - Baulkham Hills and Hawkesbury,Outer Regional Australia
2725,-34.44817,147.81581,NSW,Sydney - Baulkham Hills and Hawkesbury,Outer Regional Australia
2726,-34.76957,148.31389,NSW,Sydney - Baulkham Hills and Hawkesbury,Outer Regional Australia
2727,-34.97567,148.38167,NSW,Sydney - Baulkham Hills and Hawkesbury,Outer Regional Australia
2729,-35.22775,147.9238,NSW,Sydney - Baulkham Hills and Hawkesbury,Outer Regional Australia
2730,-35.51004,148.03401,NSW,Sydney - Baulkham Hills and Hawkesbury,Outer Regional Australia
2731,-35.88369,144.66226,NSW,Sydney - Baulkham Hills and Hawkesbury,Outer Regional Australia
2732,-35.5185,144.14794,NSW,Sydney - Baulkham Hills and Hawkesbury,Outer Regional Australia
2733,-35.01371,144.20614,NSW,Sydney - Baulkham Hills and Hawkesbury,Outer Regional Australia
2734,-34.86298,143.47812,NSW,Riverina,Remote Australia
2735,-35.15213,143.48561,NSW,Sydney - Baulkham Hills and Hawkesbury,Outer Regional Australia
2736,-34.96518,143.37582,NSW,Sydney - Baulkham Hills and Hawkesbury,Outer Regional Australia
2737,-34.57411,142.87381,NSW,Riverina,Remote Australia
2738,-34.18172,142.28549,NSW,Riverina,Remote Australia
2739,-34.15455,142.15142,NSW,Sydney - Baulkham Hills and Hawkesbury,Outer Regional Australia
2745,-33.87134,150.67149,NSW,Sydney - Sutherland,Inner Regional Australia
2747,-33.72771,150.73679,NSW,Sydney - Sutherland,Major Cities of Australia
2748,-33.81104,150.72319,NSW,Sydney - Sutherland,Major Cities of Australia
2749,-33.70217,150.68682,NSW,Sydney - Sutherland,Major Cities of Australia
2750,-33.75548,150.67855,NSW,Sydney - Sutherland,Major Cities of Australia
2751,-33.73213,151.28035,NSW,,
2752,-33.93843,150.58403,NSW,Sydney - Sutherland,Inner Regional Australia
2753,-33.60301,150.66287,NSW,Sydney - Sutherland,Inner Regional Australia
2754,-33.55789,150.72802,NSW,Sydney - Sutherland,Inner Regional Australia
2756,-33.4624,150.88327,NSW,Sydney - Baulkham Hills and Hawkesbury,Outer Regional Australia
2757,-33.55484,150.69209,NSW,Sydney - Sutherland,Inner Regional Australia
2758,-33.48482,150.5977,NSW,Sydney - Baulkham Hills and Hawkesbury,Outer Regional Australia
2759,-33.82252,150.78177,NSW,Sydney - Sutherland,Major Cities of Australia
2760,-33.759,150.78004,NSW,Sydney - Sutherland,Major Cities of Australia
2761,-33.74201,150.84746,NSW,Sydney - Sutherland,Major Cities of Australia
2762,-33.69891,150.88426,NSW,Sydney - Sutherland,Major Cities of Australia
2763,-33.72711,150.89915,NSW,Sydney - Sutherland,Major Cities of Australia
2765,-33.66655,150.83545,NSW,Sydney - Sutherland,Inner Regional Australia
2766,-33.81039,150.85076,NSW,Sydney - Sutherland,Major Cities of Australia
2767,-33.76914,150.86915,NSW,Sydney - Sutherland,Major Cities of Australia
2768,-33.73786,150.92273,NSW,Sydney - Sutherland,Major Cities of Australia
2769,-33.70546,150.90549,NSW,Sydney - Sutherland,Major Cities of Australia
2770,-33.75644,150.81025,NSW,Sydney - Sutherland,Major Cities of Australia
2773,-33.76884,150.62679,NSW,Sydney - Sutherland,Major Cities of Australia
2774,-33.73267,150.62902,NSW,Sydney - Sutherland,Major Cities of Australia
2775,-33.30516,150.94713,NSW,Sydney - Baulkham Hills and Hawkesbury,Outer Regional Australia
2776,-33.66685,150.55311,NSW,Sydney - Sutherland,Major Cities of Australia
2777,-33.69253,150.58796,NSW,Sydney - Sutherland,Major Cities of Australia
2778,-33.72854,150.48455,NSW,Sydney - Sutherland,Inner Regional Australia
2779,-33.7237,150.45933,NSW,Sydney - Sutherland,Major Cities of Australia
2780,-33.83292,150.43564,NSW,Sydney - Sutherland,Inner Regional Australia
2782,-33.70713,150.37123,NSW,Sydney - Sutherland,Inner Regional Australia
2783,-33.72557,150.43184,NSW,Sydney - Sutherland,Major Cities of Australia
2784,-33.72992,150.40705,NSW,Sydney - Sutherland,Major Cities of Australia
2785,-33.71066,150.19184,NSW,Sydney - Sutherland,Inner Regional Australia
2786,-33.53305,150.31779,NSW,Sydney - Baulkham Hills and Hawkesbury,Outer Regional Australia
2787,-34.04526,150.17709,NSW,Sydney - Baulkham Hills and Hawkesbury,Outer Regional Australia
2790,-33.3762,150.28415,NSW,Sydney - Baulkham Hills and Hawkesbury,Outer Regional Australia
2791,-33.63494,149.16448,NSW,Sydney - Sutherland,Inner Regional Australia
2792,-33.62663,149.08632,NSW,Sydney - Baulkham Hills and Hawkesbury,Outer Regional Australia
2793,-33.80183,148.944,NSW,Sydney - Baulkham Hills and Hawkesbury,Outer Regional Australia
2794,-33.89851,148.66484,NSW,Sydney - Baulkham Hills and Hawkesbury,Outer Regional Australia
2795,-33.81726,149.47155,NSW,Sydney - Baulkham Hills and Hawkesbury,Outer Regional Australia
2797,-33.60512,148.95253,NSW,Sydney - Baulkham Hills and Hawkesbury,Outer Regional Australia
2798,-33.46219,149.15876,NSW,Sydney - Sutherland,Inner Regional Australia
2799,-33.57133,149.26767,NSW,Sydney - Baulkham Hills and Hawkesbury,Outer Regional Australia
2800,-33.24229,149.10712,NSW,Sydney - Baulkham Hills and Hawkesbury,Outer Regional Australia
2803,-34.17673,148.5237,NSW,Sydney - Baulkham Hills and Hawkesbury,Outer Regional Australia
2804,-33.53956,148.63399,NSW,Sydney - Baulkham Hills and Hawkesbury,Outer Regional Australia
2805,-33.64991,148.42003,NSW,Sydney - Baulkham Hills and Hawkesbury,Outer Regional Australia
2806,-33.37556,148.37558,NSW,Sydney - Baulkham Hills and Hawkesbury,Outer Regional Australia
2807,-34.03649,148.56216,NSW,Sydney - Baulkham Hills and Hawkesbury,Outer Regional Australia
2808,-33.97699,149.02317,NSW,Sydney - Baulkham Hills and Hawkesbury,Outer Regional Australia
2809,-33.97286,148.43232,NSW,Sydney - Baulkham Hills and Hawkesbury,Outer Regional Australia
2810,-33.90287,148.05461,NSW,Sydney - Baulkham Hills and Hawkesbury,Outer Regional Australia
2817,-31.41235,148.8711,NSW,Sydney - Baulkham Hills and Hawkesbury,Outer Regional Australia
2818,-32.44857,148.76157,NSW,Sydney - Baulkham Hills and Hawkesbury,Outer Regional Australia
2820,-32.53749,148.99594,NSW,Sydney - Baulkham Hills and Hawkesbury,Outer Regional Australia
2821,-32.25525,148.11039,NSW,Sydney - Baulkham Hills and Hawkesbury,Outer Regional Australia
2822,-31.93985,148.59405,NSW,Sydney - Baulkham Hills and Hawkesbury,Outer Regional Australia
2823,-32.07687,147.8385,NSW,Sydney - Baulkham Hills and Hawkesbury,Outer Regional Australia
2824,-31.37262,147.81628,NSW,Riverina,Remote Australia
2825,-31.8598,147.14031,NSW,Riverina,Remote Australia
2826,-31.94235,147.56745,NSW,Riverina,Remote Australia
2827,-31.63315,148.64835,NSW,Sydney - Baulkham Hills and Hawkesbury,Outer Regional Australia
2828,-31.2765,148.61851,NSW,Riverina,Remote Australia
2829,-30.74872,148.34115,NSW,Riverina,Remote Australia
2830,-32.24539,148.65947,NSW,Sydney - Baulkham Hills and Hawkesbury,Outer Regional Australia
2831,-31.88389,146.65143,NSW,Mid North Coast,Very Remote Australia
2832,-29.92393,147.93652,NSW,Mid North Coast,Very Remote Australia
2833,-29.39149,148.37852,NSW,Riverina,Remote Australia
2834,-29.28379,147.94767,NSW,Mid North Coast,Very Remote Australia
2835,-31.55182,145.40658,NSW,Mid North Coast,Very Remote Australia
2836,-31.49812,143.27056,NSW,Mid North Coast,Very Remote Australia
2838,-29.3107,147.404,NSW,Mid North Coast,Very Remote Australia
2839,-29.74065,146.98446,NSW,Mid North Coast,Very Remote Australia
2840,-30.08123,145.26316,NSW,Mid North Coast,Very Remote Australia
2842,-31.66433,149.08932,NSW,Sydney - Baulkham Hills and Hawkesbury,Outer Regional Australia
2843,-31.82434,149.7278,NSW,Sydney - Baulkham Hills and Hawkesbury,Outer Regional Australia
2844,-31.92497,149.3193,NSW,Sydney - Baulkham Hills and Hawkesbury,Outer Regional Australia
2845,-33.40496,150.04201,NSW,Sydney - Sutherland,Inner Regional Australia
2846,-33.07181,150.11861,NSW,Sydney - Baulkham Hills and Hawkesbury,Outer Regional Australia
2847,-33.40446,149.9698,NSW,Sydney - Sutherland,Inner Regional Australia
2848,-32.90141,149.96413,NSW,Sydney - Baulkham Hills and Hawkesbury,Outer Regional Australia
2849,-32.70893,150.05909,NSW,Sydney - Baulkham Hills and Hawkesbury,Outer Regional Australia
2850,-32.68503,149.60292,NSW,Sydney - Baulkham Hills and Hawkesbury,Outer Regional Australia
2852,-32.28933,149.45822,NSW,Sydney - Baulkham Hills and Hawkesbury,Outer Regional Australia
2864,-33.34027,148.73181,NSW,Sydney - Baulkham Hills and Hawkesbury,Outer Regional Australia
2865,-33.17429,148.63611,NSW,Sydney - Baulkham Hills and Hawkesbury,Outer Regional Australia
2866,-33.00726,148.90453,NSW,Sydney - Baulkham Hills and Hawkesbury,Outer Regional Australia
2867,-32.91489,148.66807,NSW,Sydney - Baulkham Hills and Hawkesbury,Outer Regional Australia
2868,-32.73641,148.58943,NSW,Sydney - Baulkham Hills and Hawkesbury,Outer Regional Australia
2869,-32.58403,148.26665,NSW,Sydney - Baulkham Hills and Hawkesbury,Outer Regional Australia
2870,-33.0355,148.16819,NSW,Sydney - Baulkham Hills and Hawkesbury,Outer Regional Australia
2871,-33.47334,147.82888,NSW,Sydney - Baulkham Hills and Hawkesbury,Outer Regional Australia
2873,-32.27492,147.13822,NSW,Riverina,Remote Australia
2874,-32.61993,147.53857,NSW,Riverina,Remote Australia
2875,-32.95224,147.5993,NSW,Riverina,Remote Australia
2876,-33.178,147.76666,NSW,Sydney - Baulkham Hills and Hawkesbury,Outer Regional Australia
2877,-32.74476,146.23199,NSW,Riverina,Remote Australia
2878,-32.82322,144.4954,NSW,Mid North Coast,Very Remote Australia
2879,-32.33578,142.55537,NSW,Mid North Coast,Very Remote Australia
2880,-30.33357,142.09172,NSW,Mid North Coast,Very Remote Australia
2890,-32.831,150.13901,NSW,,
2891,-33.8688,151.209,NSW,,
2899,-36.08423,146.92878,NSW,Other Territories,Very Remote Australia
2900,-35.41891,149.06381,ACT,Australian Capital Territory,Major Cities of Australia
2901,-35.4197,149.069,ACT,,
2902,-35.38398,149.05445,ACT,Australian Capital Territory,Major Cities of Australia
2903,-35.4027,149.08178,ACT,Australian Capital Territory,Major Cities of Australia
2904,-35.41021,149.1114,ACT,Australian Capital Territory,Major Cities of Australia
2905,-35.43101,149.11002,ACT,Australian Capital Territory,Major Cities of Australia
2906,-35.45676,149.08972,ACT,Australian Capital Territory,Major Cities of Australia
2911,-35.21874,149.13251,ACT,Australian Capital Territory,Major Cities of Australia
2912,-35.17245,149.12355,ACT,Australian Capital Territory,Major Cities of Australia
2913,-35.18897,149.12338,ACT,Australian Capital Territory,Major Cities of Australia
2914,-35.16875,149.13056,ACT,Australian Capital Territory,Major Cities of Australia
3000,-37.81444,144.98258,VIC,Mornington Peninsula,Major Cities of Australia
3001,-37.81444,144.98258,VIC,,
3002,-37.81444,144.98258,VIC,Mornington Peninsula,Major Cities of Australia
3003,-37.81087,144.94959,VIC,Mornington Peninsula,Major Cities of Australia
3004,-37.83183,144.97625,VIC,Mornington Peninsula,Major Cities of Australia
3005,-37.82461,144.95086,VIC,,
3006,-37.82427,144.959,VIC,Mornington Peninsula,Major Cities of Australia
3008,-37.81472,144.94804,VIC,Mornington Peninsula,Major Cities of Australia
3010,-37.79615,144.96135,VIC,,
3011,-37.8071,144.90795,VIC,Mornington Peninsula,Major Cities of Australia
3012,-37.80714,144.86116,VIC,Mornington Peninsula,Major Cities of Australia
3013,-37.81418,144.88869,VIC,Mornington Peninsula,Major Cities of Australia
3015,-37.83824,144.88056,VIC,Mornington Peninsula,Major Cities of Australia
3016,-37.86374,144.88846,VIC,Mornington Peninsula,Major Cities of Australia
3018,-37.86172,144.81274,VIC,Mornington Peninsula,Major Cities of Australia
3019,-37.78468,144.85401,VIC,Mornington Peninsula,Major Cities of Australia
3020,-37.78138,144.82617,VIC,Mornington Peninsula,Major Cities of Australia
3021,-37.74336,144.79669,VIC,Mornington Peninsula,Major Cities of Australia
3022,-37.79594,144.79396,VIC,Mornington Peninsula,Major Cities of Australia
3023,-37.7755,144.7685,VIC,Mornington Peninsula,Major Cities of Australia
3024,-37.8634,144.58016,VIC,Warrnambool and South West,Inner Regional Australia
3025,-37.83556,144.8397,VIC,Mornington Peninsula,Major Cities of Australia
3026,-37.87308,144.70854,VIC,Mornington Peninsula,Major Cities of Australia
3027,-37.90895,144.75044,VIC,Mornington Peninsula,Major Cities of Australia
3028,-37.87507,144.77716,VIC,Mornington Peninsula,Major Cities of Australia
3029,-37.83716,144.70583,VIC,Mornington Peninsula,Major Cities of Australia
3030,-37.91624,144.64209,VIC,Warrnambool and South West,Inner Regional Australia
3031,-37.79119,144.9234,VIC,Mornington Peninsula,Major Cities of Australia
3032,-37.77449,144.89722,VIC,Mornington Peninsula,Major Cities of Australia
3033,-37.74107,144.85764,VIC,Mornington Peninsula,Major Cities of Australia
3034,-37.76123,144.86194,VIC,Mornington Peninsula,Major Cities of Australia
3036,-37.70532,144.82246,VIC,Mornington Peninsula,Major Cities of Australia
3037,-37.71558,144.78047,VIC,Mornington Peninsula,Major Cities of Australia
3038,-37.70045,144.76687,VIC,Mornington Peninsula,Major Cities of Australia
3039,-37.76618,144.92299,VIC,Mornington Peninsula,Major Cities of Australia
3040,-37.75185,144.90256,VIC,Mornington Peninsula,Major Cities of Australia
3041,-37.73146,144.90482,VIC,Mornington Peninsula,Major Cities of Australia
3042,-37.73047,144.87123,VIC,Mornington Peninsula,Major Cities of Australia
3043,-37.69192,144.88837,VIC,Mornington Peninsula,Major Cities of Australia
3044,-37.73114,144.93636,VIC,Mornington Peninsula,Major Cities of Australia
3045,-37.67474,144.8362,VIC,Mornington Peninsula,Major Cities of Australia
3046,-37.70658,144.92797,VIC,Mornington Peninsula,Major Cities of Australia
3047,-37.68111,144.93025,VIC,Mornington Peninsula,Major Cities of Australia
3048,-37.65392,144.92361,VIC,Mornington Peninsula,Major Cities of Australia
3049,-37.67318,144.88849,VIC,Mornington Peninsula,Major Cities of Australia
3050,-37.79892,144.95617,VIC,,
3051,-37.8006,144.94356,VIC,Mornington Peninsula,Major Cities of Australia
3052,-37.789,144.9489,VIC,Mornington Peninsula,Major Cities of Australia
3053,-37.80357,144.96611,VIC,Mornington Peninsula,Major Cities of Australia
3054,-37.78697,144.96724,VIC,Mornington Peninsula,Major Cities of Australia
3055,-37.76358,144.94222,VIC,Mornington Peninsula,Major Cities of Australia
3056,-37.76629,144.96011,VIC,Mornington Peninsula,Major Cities of Australia
3057,-37.77075,144.9783,VIC,Mornington Peninsula,Major Cities of Australia
3058,-37.7399,144.96452,VIC,Mornington Peninsula,Major Cities of Australia
3059,-37.63989,144.87963,VIC,Mornington Peninsula,Major Cities of Australia
3060,-37.70733,144.96787,VIC,Mornington Peninsula,Major Cities of Australia
3061,-37.66627,144.95676,VIC,Mornington Peninsula,Major Cities of Australia
3062,-37.63299,144.93256,VIC,Mornington Peninsula,Major Cities of Australia
3063,-37.59501,144.85608,VIC,Mornington Peninsula,Major Cities of Australia
3064,-37.54652,144.9422,VIC,Mornington Peninsula,Major Cities of Australia
3065,-37.80261,144.97779,VIC,Mornington Peninsula,Major Cities of Australia
3066,-37.80485,144.98691,VIC,Mornington Peninsula,Major Cities of Australia
3067,-37.80351,144.9982,VIC,Mornington Peninsula,Major Cities of Australia
3068,-37.79097,144.98622,VIC,Mornington Peninsula,Major Cities of Australia
3070,-37.77406,144.99974,VIC,Mornington Peninsula,Major Cities of Australia
3071,-37.75943,145.00701,VIC,Mornington Peninsula,Major Cities of Australia
3072,-37.74247,145.0057,VIC,Mornington Peninsula,Major Cities of Australia
3073,-37.71247,145.00596,VIC,Mornington Peninsula,Major Cities of Australia
3074,-37.68468,145.00664,VIC,Mornington Peninsula,Major Cities of Australia
3075,-37.66607,145.00268,VIC,Mornington Peninsula,Major Cities of Australia
3076,-37.6436,145.02214,VIC,Mornington Peninsula,Major Cities of Australia
3078,-37.7783,145.02585,VIC,Mornington Peninsula,Major Cities of Australia
3079,-37.77267,145.04857,VIC,Mornington Peninsula,Major Cities of Australia
3081,-37.74301,145.0464,VIC,Mornington Peninsula,Major Cities of Australia
3082,-37.66486,145.06566,VIC,Mornington Peninsula,Major Cities of Australia
3083,-37.70135,145.05622,VIC,Mornington Peninsula,Major Cities of Australia
3084,-37.74441,145.08268,VIC,Mornington Peninsula,Major Cities of Australia
3085,-37.7244,145.06988,VIC,Mornington Peninsula,Major Cities of Australia
3086,-37.72133,145.04701,VIC,,
3087,-37.71179,145.08243,VIC,Mornington Peninsula,Major Cities of Australia
3088,-37.69751,145.11362,VIC,Mornington Peninsula,Major Cities of Australia
3089,-37.66771,145.15037,VIC,Mornington Peninsula,Major Cities of Australia
3090,-37.66841,145.1078,VIC,Mornington Peninsula,Major Cities of Australia
3091,-37.63748,145.13669,VIC,Mornington Peninsula,Major Cities of Australia
3093,-37.73919,145.11521,VIC,Mornington Peninsula,Major Cities of Australia
3094,-37.71976,145.12473,VIC,Mornington Peninsula,Major Cities of Australia
3095,-37.7133,145.15858,VIC,Mornington Peninsula,Major Cities of Australia
3096,-37.67085,145.18583,VIC,Mornington Peninsula,Major Cities of Australia
3097,-37.69525,145.2242,VIC,Warrnambool and South West,Inner Regional Australia
3099,-37.5921,145.19285,VIC,Warrnambool and South West,Inner Regional Australia
3101,-37.8074,145.03657,VIC,Mornington Peninsula,Major Cities of Australia
3102,-37.7938,145.05219,VIC,Mornington Peninsula,Major Cities of Australia
3103,-37.80947,145.07004,VIC,Mornington Peninsula,Major Cities of Australia
3104,-37.79369,145.08171,VIC,Mornington Peninsula,Major Cities of Australia
3105,-37.77248,145.08481,VIC,Mornington Peninsula,Major Cities of Australia
3106,-37.75834,145.14267,VIC,Mornington Peninsula,Major Cities of Australia
3107,-37.76523,145.11068,VIC,Mornington Peninsula,Major Cities of Australia
3108,-37.78643,145.1258,VIC,Mornington Peninsula,Major Cities of Australia
3109,-37.78479,145.16165,VIC,Mornington Peninsula,Major Cities of Australia
3111,-37.79405,145.18633,VIC,Mornington Peninsula,Major Cities of Australia
3113,-37.75212,145.20469,VIC,Mornington Peninsula,Major Cities of Australia
3114,-37.7786,145.2126,VIC,Mornington Peninsula,Major Cities of Australia
3115,-37.73673,145.26759,VIC,Warrnambool and South West,Inner Regional Australia
3116,-37.73763,145.31309,VIC,Mornington Peninsula,Major Cities of Australia
3121,-37.82375,145.00245,VIC,Mornington Peninsula,Major Cities of Australia
3122,-37.82272,145.0306,VIC,Mornington Peninsula,Major Cities of Australia
3123,-37.82975,145.04942,VIC,Mornington Peninsula,Major Cities of Australia
3124,-37.84087,145.06819,VIC,Mornington Peninsula,Major Cities of Australia
3125,-37.85131,145.101,VIC,Mornington Peninsula,Major Cities of Australia
3126,-37.8272,145.07575,VIC,Mornington Peninsula,Major Cities of Australia
3127,-37.82517,145.09724,VIC,Mornington Peninsula,Major Cities of Australia
3128,-37.82887,145.12239,VIC,Mornington Peninsula,Major Cities of Australia
3129,-37.80696,145.12508,VIC,Mornington Peninsula,Major Cities of Australia
3130,-37.81805,145.14965,VIC,Mornington Peninsula,Major Cities of Australia
3131,-37.8178,145.17449,VIC,Mornington Peninsula,Major Cities of Australia
3132,-37.81922,145.19669,VIC,Mornington Peninsula,Major Cities of Australia
3133,-37.84879,145.1923,VIC,Mornington Peninsula,Major Cities of Australia
3134,-37.80148,145.23763,VIC,Mornington Peninsula,Major Cities of Australia
3135,-37.81959,145.24821,VIC,Mornington Peninsula,Major Cities of Australia
3136,-37.77988,145.2824,VIC,Mornington Peninsula,Major Cities of Australia
3137,-37.81936,145.31335,VIC,Mornington Peninsula,Major Cities of Australia
3138,-37.78391,145.32279,VIC,Mornington Peninsula,Major Cities of Australia
3139,-37.81451,145.53267,VIC,Warrnambool and South West,Inner Regional Australia
3140,-37.75915,145.36318,VIC,Mornington Peninsula,Major Cities of Australia
3141,-37.84068,144.99126,VIC,Mornington Peninsula,Major Cities of Australia
3142,-37.84411,145.01773,VIC,Mornington Peninsula,Major Cities of Australia
3143,-37.85892,145.01939,VIC,Mornington Peninsula,Major Cities of Australia
3144,-37.85744,145.03413,VIC,Mornington Peninsula,Major Cities of Australia
3145,-37.87356,145.04933,VIC,Mornington Peninsula,Major Cities of Australia
3146,-37.85712,145.05783,VIC,Mornington Peninsula,Major Cities of Australia
3147,-37.86786,145.09295,VIC,Mornington Peninsula,Major Cities of Australia
3148,-37.88032,145.09563,VIC,Mornington Peninsula,Major Cities of Australia
3149,-37.88075,145.12812,VIC,Mornington Peninsula,Major Cities of Australia
3150,-37.88944,145.17017,VIC,Mornington Peninsula,Major Cities of Australia
3151,-37.85523,145.15112,VIC,Mornington Peninsula,Major Cities of Australia
3152,-37.86495,145.2217,VIC,Mornington Peninsula,Major Cities of Australia
3153,-37.84512,145.27014,VIC,Mornington Peninsula,Major Cities of Australia
3154,-37.85601,145.31784,VIC,Mornington Peninsula,Major Cities of Australia
3155,-37.8618,145.28442,VIC,Mornington Peninsula,Major Cities of Australia
3156,-37.91793,145.29289,VIC,Mornington Peninsula,Major Cities of Australia
3158,-37.91008,145.32447,VIC,Mornington Peninsula,Major Cities of Australia
3159,-37.92189,145.3892,VIC,Mornington Peninsula,Major Cities of Australia
3160,-37.9351,145.35082,VIC,Mornington Peninsula,Major Cities of Australia
3161,-37.87373,145.01993,VIC,Mornington Peninsula,Major Cities of Australia
3162,-37.89214,145.02339,VIC,Mornington Peninsula,Major Cities of Australia
3163,-37.8965,145.05724,VIC,Mornington Peninsula,Major Cities of Australia
3164,-38.02243,145.23738,VIC,,
3165,-37.92237,145.05943,VIC,Mornington Peninsula,Major Cities of Australia
3166,-37.90281,145.08972,VIC,Mornington Peninsula,Major Cities of Australia
3167,-37.92334,145.08761,VIC,Mornington Peninsula,Major Cities of Australia
3168,-37.91342,145.12665,VIC,Mornington Peninsula,Major Cities of Australia
3169,-37.94515,145.11527,VIC,Mornington Peninsula,Major Cities of Australia
3170,-37.92095,145.16786,VIC,Mornington Peninsula,Major Cities of Australia
3171,-37.94461,145.15678,VIC,Mornington Peninsula,Major Cities of Australia
3172,-37.97598,145.13465,VIC,Mornington Peninsula,Major Cities of Australia
3173,-38.00677,145.16486,VIC,Mornington Peninsula,Major Cities of Australia
3174,-37.96622,145.17877,VIC,Mornington Peninsula,Major Cities of Australia
3175,-38.01611,145.2085,VIC,Mornington Peninsula,Major Cities of Australia
3176,-37.8992,145.23,VIC,,
3177,-37.99099,145.23746,VIC,Mornington Peninsula,Major Cities of Australia
3178,-37.92443,145.24159,VIC,Mornington Peninsula,Major Cities of Australia
3179,-37.89714,145.22263,VIC,Mornington Peninsula,Major Cities of Australia
3180,-37.89326,145.24673,VIC,Mornington Peninsula,Major Cities of Australia
3181,-37.85468,144.9955,VIC,Mornington Peninsula,Major Cities of Australia
3182,-37.86532,144.97948,VIC,Mornington Peninsula,Major Cities of Australia
3183,-37.86907,144.99903,VIC,Mornington Peninsula,Major Cities of Australia
3184,-37.88141,144.98403,VIC,Mornington Peninsula,Major Cities of Australia
3185,-37.89184,145.00257,VIC,Mornington Peninsula,Major Cities of Australia
3186,-37.91507,144.99633,VIC,Mornington Peninsula,Major Cities of Australia
3187,-37.92537,145.01359,VIC,Mornington Peninsula,Major Cities of Australia
3188,-37.93889,145.00724,VIC,Mornington Peninsula,Major Cities of Australia
3189,-37.94202,145.0478,VIC,Mornington Peninsula,Major Cities of Australia
3190,-37.95139,145.03815,VIC,Mornington Peninsula,Major Cities of Australia
3191,-37.95658,145.01347,VIC,Mornington Peninsula,Major Cities of Australia
3192,-37.96565,145.0623,VIC,Mornington Peninsula,Major Cities of Australia
3193,-37.9787,145.03156,VIC,Mornington Peninsula,Major Cities of Australia
3194,-37.98506,145.06736,VIC,Mornington Peninsula,Major Cities of Australia
3195,-38.00702,145.10411,VIC,Mornington Peninsula,Major Cities of Australia
3196,-38.04648,145.12276,VIC,Mornington Peninsula,Major Cities of Australia
3197,-38.07275,145.13411,VIC,Mornington Peninsula,Major Cities of Australia
3198,-38.10319,145.13781,VIC,Mornington Peninsula,Major Cities of Australia
3199,-38.16258,145.13596,VIC,Mornington Peninsula,Major Cities of Australia
3200,-38.12646,145.15757,VIC,Mornington Peninsula,Major Cities of Australia
3201,-38.09287,145.17791,VIC,Mornington Peninsula,Major Cities of Australia
3202,-37.96055,145.0927,VIC,Mornington Peninsula,Major Cities of Australia
3204,-37.91696,145.03678,VIC,Mornington Peninsula,Major Cities of Australia
3205,-37.83169,144.95818,VIC,Mornington Peninsula,Major Cities of Australia
3206,-37.84653,144.95086,VIC,Mornington Peninsula,Major Cities of Australia
3207,-37.83218,144.91804,VIC,Mornington Peninsula,Major Cities of Australia
3211,-37.94359,144.49848,VIC,Warrnambool and South West,Inner Regional Australia
3212,-38.03996,144.42267,VIC,Warrnambool and South West,Inner Regional Australia
3213,-38.02758,144.29169,VIC,Warrnambool and South West,Inner Regional Australia
3214,-38.08478,144.35238,VIC,Mornington Peninsula,Major Cities of Australia
3215,-38.111,144.33452,VIC,Mornington Peninsula,Major Cities of Australia
3216,-38.21591,144.334,VIC,Warrnambool and South West,Inner Regional Australia
3217,-38.16387,144.48211,VIC,Warrnambool and South West,Inner Regional Australia
3218,-38.12717,144.27462,VIC,Warrnambool and South West,Inner Regional Australia
3219,-38.17277,144.38953,VIC,Mornington Peninsula,Major Cities of Australia
3220,-38.15704,144.34652,VIC,Mornington Peninsula,Major Cities of Australia
3221,-38.18161,144.42742,VIC,Warrnambool and South West,Inner Regional Australia
3222,-38.21266,144.56281,VIC,Warrnambool and South West,Inner Regional Australia
3223,-38.14505,144.65679,VIC,Warrnambool and South West,Inner Regional Australia
3224,-38.19139,144.44361,VIC,Warrnambool and South West,Inner Regional Australia
3225,-38.27107,144.61419,VIC,Warrnambool and South West,Inner Regional Australia
3226,-38.26381,144.52376,VIC,Warrnambool and South West,Inner Regional Australia
3227,-38.26305,144.40814,VIC,Warrnambool and South West,Inner Regional Australia
3228,-38.30754,144.29998,VIC,Warrnambool and South West,Inner Regional Australia
3230,-38.40936,144.1764,VIC,Warrnambool and South West,Inner Regional Australia
3231,-38.46319,144.0871,VIC,Warrnambool and South West,Inner Regional Australia
3232,-38.54498,143.97017,VIC,Warrnambool and South West,Inner Regional Australia
3233,-38.67942,143.67178,VIC,Warrnambool and South West,Outer Regional Australia
3234,-38.64923,143.82577,VIC,Warrnambool and South West,Inner Regional Australia
3235,-38.41616,143.93814,VIC,Warrnambool and South West,Inner Regional Australia
3236,-38.5219,143.71238,VIC,Warrnambool and South West,Inner Regional Australia
3237,-38.71684,143.47439,VIC,Warrnambool and South West,Outer Regional Australia
3238,-38.78179,143.42998,VIC,Warrnambool and South West,Outer Regional Australia
3239,-38.56401,143.4481,VIC,Warrnambool and South West,Outer Regional Australia
3240,-38.263,144.17441,VIC,Warrnambool and South West,Inner Regional Australia
3241,-38.20363,143.89282,VIC,Warrnambool and South West,Inner Regional Australia
3242,-38.3467,143.74033,VIC,Warrnambool and South West,Inner Regional Australia
3243,-38.36403,143.82588,VIC,Warrnambool and South West,Inner Regional Australia
3249,-38.39088,143.56266,VIC,Warrnambool and South West,Inner Regional Australia
3250,-38.31151,143.58474,VIC,Warrnambool and South West,Inner Regional Australia
3251,-38.1534,143.63725,VIC,Warrnambool and South West,Outer Regional Australia
3254,-38.28964,143.52228,VIC,Warrnambool and South West,Inner Regional Australia
3260,-38.20958,143.24477,VIC,Warrnambool and South West,Inner Regional Australia
3264,-38.23244,142.88439,VIC,Warrnambool and South West,Inner Regional Australia
3265,-38.17824,142.95237,VIC,Warrnambool and South West,Inner Regional Australia
3266,-38.40709,143.13372,VIC,Warrnambool and South West,Outer Regional Australia
3267,-38.46665,143.06073,VIC,Warrnambool and South West,Outer Regional Australia
3268,-38.52974,142.90065,VIC,Warrnambool and South West,Outer Regional Australia
3269,-38.66064,143.17712,VIC,Warrnambool and South West,Outer Regional Australia
3270,-38.60212,142.87016,VIC,Warrnambool and South West,Outer Regional Australia
3271,-37.88855,142.98753,VIC,Warrnambool and South West,Outer Regional Australia
3272,-37.98219,142.85363,VIC,Warrnambool and South West,Outer Regional Australia
3273,-37.98125,142.66064,VIC,Warrnambool and South West,Outer Regional Australia
3274,-37.96078,142.47861,VIC,Warrnambool and South West,Outer Regional Australia
3275,-38.30179,142.45761,VIC,Warrnambool and South West,Inner Regional Australia
3276,-38.11737,142.44546,VIC,Warrnambool and South West,Inner Regional Australia
3277,-38.38983,142.66022,VIC,Warrnambool and South West,Inner Regional Australia
3278,-38.28735,142.58963,VIC,Warrnambool and South West,Inner Regional Australia
3279,-38.21455,142.65748,VIC,Warrnambool and South West,Inner Regional Australia
3280,-38.37884,142.48289,VIC,Warrnambool and South West,Inner Regional Australia
3281,-38.25445,142.63011,VIC,Warrnambool and South West,Inner Regional Australia
3282,-38.26818,142.35166,VIC,Warrnambool and South West,Inner Regional Australia
3283,-38.31343,142.32876,VIC,Warrnambool and South West,Inner Regional Australia
3284,-38.2704,142.11927,VIC,Warrnambool and South West,Outer Regional Australia
3285,-38.2902,142.05892,VIC,Warrnambool and South West,Outer Regional Australia
3286,-38.01307,141.95948,VIC,Warrnambool and South West,Outer Regional Australia
3287,-38.05987,142.31953,VIC,Warrnambool and South West,Outer Regional Australia
3289,-37.91294,142.22182,VIC,Warrnambool and South West,Outer Regional Australia
3292,-38.03887,141.05199,VIC,Warrnambool and South West,Outer Regional Australia
3293,-37.65595,142.52725,VIC,Warrnambool and South West,Outer Regional Australia
3294,-37.57398,142.31276,VIC,Warrnambool and South West,Outer Regional Australia
3300,-37.74316,142.01336,VIC,Warrnambool and South West,Outer Regional Australia
3301,-38.11886,142.03414,VIC,Warrnambool and South West,Outer Regional Australia
3302,-37.84798,141.70638,VIC,Warrnambool and South West,Outer Regional Australia
3303,-37.98087,141.78961,VIC,Warrnambool and South West,Outer Regional Australia
3304,-38.18208,141.95216,VIC,Warrnambool and South West,Outer Regional Australia
3305,-38.23548,141.43723,VIC,Warrnambool and South West,Outer Regional Australia
3309,-37.82644,141.51101,VIC,Warrnambool and South West,Outer Regional Australia
3310,-37.70789,141.54916,VIC,Warrnambool and South West,Outer Regional Australia
3311,-37.46816,141.22972,VIC,Warrnambool and South West,Outer Regional Australia
3312,-37.62911,141.36865,VIC,Warrnambool and South West,Outer Regional Australia
3314,-37.54709,142.00137,VIC,Warrnambool and South West,Outer Regional Australia
3315,-37.41754,141.67956,VIC,Warrnambool and South West,Outer Regional Australia
3317,-37.16667,141.45165,VIC,Warrnambool and South West,Outer Regional Australia
3318,-37.02532,141.26957,VIC,Warrnambool and South West,Outer Regional Australia
3319,-36.87396,141.05139,VIC,Warrnambool and South West,Outer Regional Australia
3321,-38.08776,143.88056,VIC,Warrnambool and South West,Inner Regional Australia
3322,-38.02133,143.7433,VIC,Warrnambool and South West,Outer Regional Australia
3323,-38.02631,143.52093,VIC,Warrnambool and South West,Outer Regional Australia
3324,-37.94194,143.37541,VIC,Warrnambool and South West,Outer Regional Australia
3325,-37.87745,143.18591,VIC,Warrnambool and South West,Outer Regional Australia
3328,-38.01866,144.04306,VIC,Warrnambool and South West,Inner Regional Australia
3329,-38.00398,143.86337,VIC,Warrnambool and South West,Inner Regional Australia
3330,-37.91844,143.75858,VIC,Warrnambool and South West,Inner Regional Australia
3331,-38.04919,144.19463,VIC,Warrnambool and South West,Inner Regional Australia
3332,-37.94445,144.09718,VIC,Warrnambool and South West,Inner Regional Australia
3333,-37.87179,144.04476,VIC,Warrnambool and South West,Inner Regional Australia
3334,-37.75803,144.08609,VIC,Warrnambool and South West,Inner Regional Australia
3335,-37.71631,144.66669,VIC,Mornington Peninsula,Major Cities of Australia
3336,-37.71901,144.69504,VIC,Mornington Peninsula,Major Cities of Australia
3337,-37.65629,144.56641,VIC,Warrnambool and South West,Inner Regional Australia
3338,-37.71316,144.5786,VIC,Warrnambool and South West,Inner Regional Australia
3340,-37.79123,144.38372,VIC,Warrnambool and South West,Inner Regional Australia
3341,-37.57371,144.30823,VIC,Warrnambool and South West,Inner Regional Australia
3342,-37.65146,144.2391,VIC,Warrnambool and South West,Inner Regional Australia
3345,-37.5878,144.12366,VIC,Warrnambool and South West,Inner Regional Australia
3350,-37.57117,143.86036,VIC,Warrnambool and South West,Inner Regional Australia
3351,-37.75825,143.63746,VIC,Warrnambool and South West,Outer Regional Australia
3352,-37.48409,143.66483,VIC,Warrnambool and South West,Outer Regional Australia
3353,-37.7778,144.83574,VIC,,
3354,-37.56092,143.86716,VIC,,
3355,-37.53028,143.82561,VIC,Warrnambool and South West,Inner Regional Australia
3356,-37.59228,143.82846,VIC,Warrnambool and South West,Inner Regional Australia
3357,-37.65395,143.88342,VIC,Warrnambool and South West,Inner Regional Australia
3358,-37.58013,143.7928,VIC,Warrnambool and South West,Inner Regional Australia
3360,-37.76926,143.52913,VIC,Warrnambool and South West,Outer Regional Australia
3361,-37.75264,143.37309,VIC,Warrnambool and South West,Outer Regional Australia
3363,-37.42557,143.90025,VIC,Warrnambool and South West,Inner Regional Australia
3364,-37.33424,143.91587,VIC,Warrnambool and South West,Inner Regional Australia
3370,-37.25861,143.83371,VIC,Warrnambool and South West,Inner Regional Australia
3371,-37.19491,143.64873,VIC,Warrnambool and South West,Inner Regional Australia
3373,-37.45779,143.34343,VIC,Warrnambool and South West,Outer Regional Australia
3374,-37.23152,142.95692,VIC,Warrnambool and South West,Outer Regional Australia
3375,-37.42429,143.14362,VIC,Warrnambool and South West,Inner Regional Australia
3377,-37.22128,142.96338,VIC,Warrnambool and South West,Outer Regional Australia
3378,-37.52879,142.9854,VIC,Warrnambool and South West,Inner Regional Australia
3379,-37.55989,142.53942,VIC,Warrnambool and South West,Outer Regional Australia
3380,-37.0666,142.77116,VIC,Warrnambool and South West,Inner Regional Australia
3381,-37.00465,142.70753,VIC,Warrnambool and South West,Outer Regional Australia
3384,-37.00118,143.08037,VIC,Warrnambool and South West,Outer Regional Australia
3385,-36.89372,142.61345,VIC,Warrnambool and South West,Outer Regional Australia
3387,-36.81326,142.87471,VIC,Warrnambool and South West,Outer Regional Australia
3388,-36.59786,142.69395,VIC,Warrnambool and South West,Outer Regional Australia
3390,-36.58374,142.48747,VIC,Warrnambool and South West,Outer Regional Australia
3391,-36.09213,142.44601,VIC,Warrnambool and South West,Outer Regional Australia
3392,-36.40075,142.67832,VIC,Warrnambool and South West,Outer Regional Australia
3393,-36.25773,142.38734,VIC,Warrnambool and South West,Outer Regional Australia
3395,-35.9073,142.48769,VIC,North West,Remote Australia
3396,-35.7157,142.32916,VIC,North West,Remote Australia
3399,-36.60852,142.35702,VIC,,
3400,-36.72525,142.20373,VIC,Warrnambool and South West,Outer Regional Australia
3401,-36.87623,141.98799,VIC,Warrnambool and South West,Outer Regional Australia
3402,-37.16418,142.6663,VIC,,
3407,-37.29806,141.94837,VIC,Warrnambool and South West,Outer Regional Australia
3409,-36.81741,141.80049,VIC,Warrnambool and South West,Outer Regional Australia
3412,-36.6588,141.36607,VIC,Warrnambool and South West,Outer Regional Australia
3413,-36.69933,141.20107,VIC,Warrnambool and South West,Outer Regional Australia
3414,-36.38863,142.09388,VIC,Warrnambool and South West,Outer Regional Australia
3415,-36.35246,141.3397,VIC,Warrnambool and South West,Outer Regional Australia
3418,-36.07414,141.53807,VIC,Warrnambool and South West,Outer Regional Australia
3419,-36.22601,141.10193,VIC,Warrnambool and South West,Outer Regional Australia
3420,-36.41273,141.01733,VIC,North West,Remote Australia
3423,-36.13191,141.94076,VIC,Warrnambool and South West,Outer Regional Australia
3424,-35.72779,141.93087,VIC,North West,Remote Australia
3427,-37.64346,144.70797,VIC,Mornington Peninsula,Major Cities of Australia
3428,-37.59107,144.81149,VIC,Mornington Peninsula,Major Cities of Australia
3429,-37.56762,144.72897,VIC,Warrnambool and South West,Inner Regional Australia
3430,-37.49406,144.80663,VIC,Warrnambool and South West,Inner Regional Australia
3431,-37.47455,144.69202,VIC,Warrnambool and South West,Inner Regional Australia
3432,-37.44846,144.79258,VIC,Warrnambool and South West,Inner Regional Australia
3433,-37.4133,144.75209,VIC,Warrnambool and South West,Inner Regional Australia
3434,-37.35388,144.7508,VIC,Warrnambool and South West,Inner Regional Australia
3435,-37.17945,144.74336,VIC,Warrnambool and South West,Inner Regional Australia
3437,-37.50162,144.51302,VIC,Warrnambool and South West,Inner Regional Australia
3438,-37.45753,144.60203,VIC,Warrnambool and South West,Inner Regional Australia
3440,-37.41338,144.54615,VIC,Warrnambool and South West,Inner Regional Australia
3441,-37.39922,144.60389,VIC,Warrnambool and South West,Inner Regional Australia
3442,-37.33066,144.54885,VIC,Warrnambool and South West,Inner Regional Australia
3444,-37.17179,144.54472,VIC,Warrnambool and South West,Inner Regional Australia
3446,-37.18483,144.37434,VIC,Warrnambool and South West,Inner Regional Australia
3447,-37.15774,144.32249,VIC,Warrnambool and South West,Inner Regional Australia
3448,-37.07536,144.38763,VIC,Warrnambool and South West,Inner Regional Australia
3450,-37.06164,144.2149,VIC,Warrnambool and South West,Inner Regional Australia
3451,-37.12534,144.21419,VIC,Warrnambool and South West,Inner Regional Australia
3453,-36.95036,144.28149,VIC,Warrnambool and South West,Inner Regional Australia
3458,-37.42412,144.33471,VIC,Warrnambool and South West,Inner Regional Australia
3460,-37.3517,144.14422,VIC,Warrnambool and South West,Inner Regional Australia
3461,-37.28785,144.17099,VIC,Warrnambool and South West,Inner Regional Australia
3462,-37.08356,144.05361,VIC,Warrnambool and South West,Inner Regional Australia
3463,-36.96268,144.05934,VIC,Warrnambool and South West,Inner Regional Australia
3464,-37.01981,143.84141,VIC,Warrnambool and South West,Inner Regional Australia
3465,-37.02148,143.61134,VIC,Warrnambool and South West,Outer Regional Australia
3467,-37.10599,143.41268,VIC,Warrnambool and South West,Inner Regional Australia
3468,-37.26148,143.37949,VIC,Warrnambool and South West,Inner Regional Australia
3469,-37.17296,143.28063,VIC,Warrnambool and South West,Outer Regional Australia
3472,-36.86495,143.65764,VIC,Warrnambool and South West,Outer Regional Australia
3475,-36.70633,143.51213,VIC,Warrnambool and South West,Outer Regional Australia
3477,-36.73225,143.1627,VIC,Warrnambool and South West,Outer Regional Australia
3478,-36.68855,143.2307,VIC,Warrnambool and South West,Outer Regional Australia
3480,-36.31069,142.9844,VIC,Warrnambool and South West,Outer Regional Australia
3482,-36.17028,142.76659,VIC,Warrnambool and South West,Outer Regional Australia
3483,-35.90177,142.8908,VIC,Warrnambool and South West,Outer Regional Australia
3485,-35.71153,142.67196,VIC,Warrnambool and South West,Outer Regional Australia
3487,-35.51563,142.61608,VIC,Warrnambool and South West,Outer Regional Australia
3488,-35.44739,142.4355,VIC,Warrnambool and South West,Outer Regional Australia
3489,-35.33248,142.4253,VIC,Warrnambool and South West,Outer Regional Australia
3490,-35.00537,142.07715,VIC,North West,Remote Australia
3491,-35.4341,142.21827,VIC,Warrnambool and South West,Outer Regional Australia
3494,-34.48641,142.34832,VIC,Warrnambool and South West,Outer Regional Australia
3496,-34.27179,141.71571,VIC,Warrnambool and South West,Outer Regional Australia
3498,-34.23839,142.17252,VIC,Warrnambool and South West,Outer Regional Australia
3500,-34.1931,142.15416,VIC,Warrnambool and South West,Outer Regional Australia
3501,-34.24328,142.1009,VIC,Warrnambool and South West,Outer Regional Australia
3502,-37.97289,145.25835,VIC,,
3505,-34.18053,142.00419,VIC,Warrnambool and South West,Outer Regional Australia
3506,-35.2042,141.38588,VIC,North West,Remote Australia
3507,-35.1206,142.03566,VIC,Warrnambool and South West,Outer Regional Australia
3509,-35.15503,141.68039,VIC,North West,Remote Australia
3512,-35.30166,141.08752,VIC,North West,Remote Australia
3515,-36.76866,144.06317,VIC,Warrnambool and South West,Inner Regional Australia
3516,-36.60762,144.04172,VIC,Warrnambool and South West,Inner Regional Australia
3517,-36.48312,143.88683,VIC,Warrnambool and South West,Outer Regional Australia
3518,-36.47494,143.58622,VIC,Warrnambool and South West,Outer Regional Australia
3520,-36.40577,143.81079,VIC,Warrnambool and South West,Outer Regional Australia
3521,-37.09007,144.91269,VIC,Warrnambool and South West,Inner Regional Australia
3522,-37.05786,144.73184,VIC,Warrnambool and South West,Inner Regional Australia
3523,-36.83746,144.76836,VIC,Warrnambool and South West,Inner Regional Australia
3525,-36.27263,143.33673,VIC,Warrnambool and South West,Outer Regional Australia
3527,-36.07612,143.27626,VIC,Warrnambool and South West,Outer Regional Australia
3529,-35.82426,143.23268,VIC,Warrnambool and South West,Outer Regional Australia
3530,-35.70689,143.13497,VIC,Warrnambool and South West,Outer Regional Australia
3531,-35.61641,142.94381,VIC,Warrnambool and South West,Outer Regional Australia
3533,-35.37992,142.78105,VIC,Warrnambool and South West,Outer Regional Australia
3537,-36.07934,143.74445,VIC,Warrnambool and South West,Outer Regional Australia
3540,-35.89277,143.45008,VIC,Warrnambool and South West,Outer Regional Australia
3542,-35.71377,143.39566,VIC,Warrnambool and South West,Outer Regional Australia
3544,-35.51465,143.19119,VIC,Warrnambool and South West,Outer Regional Australia
3546,-35.07621,142.84322,VIC,Warrnambool and South West,Outer Regional Australia
3549,-34.72699,142.81042,VIC,Warrnambool and South West,Outer Regional Australia
3550,-36.76427,144.28485,VIC,Warrnambool and South West,Inner Regional Australia
3551,-36.78316,144.46467,VIC,Warrnambool and South West,Inner Regional Australia
3552,-36.76427,144.2786,VIC,,
3554,-36.757,144.279,VIC,,
3555,-36.77723,144.24524,VIC,Warrnambool and South West,Inner Regional Australia
3556,-36.65642,144.17828,VIC,Warrnambool and South West,Inner Regional Australia
3557,-36.63511,144.57679,VIC,Warrnambool and South West,Inner Regional Australia
3558,-36.52036,144.64368,VIC,Warrnambool and South West,Inner Regional Australia
3559,-36.57852,144.81685,VIC,Warrnambool and South West,Inner Regional Australia
3561,-36.32812,144.71026,VIC,Warrnambool and South West,Inner Regional Australia
3562,-36.06254,144.46276,VIC,Warrnambool and South West,Inner Regional Australia
3563,-36.25625,144.51559,VIC,Warrnambool and South West,Inner Regional Australia
3564,-36.16985,144.71971,VIC,Warrnambool and South West,Inner Regional Australia
3565,-36.18234,144.51171,VIC,Warrnambool and South West,Inner Regional Australia
3566,-35.94575,144.38333,VIC,Warrnambool and South West,Outer Regional Australia
3567,-35.93167,144.26294,VIC,Warrnambool and South West,Outer Regional Australia
3568,-35.80946,144.18409,VIC,Warrnambool and South West,Outer Regional Australia
3570,-36.5153,144.28053,VIC,Warrnambool and South West,Outer Regional Australia
3571,-36.36819,144.20686,VIC,Warrnambool and South West,Outer Regional Australia
3572,-36.26664,144.25714,VIC,Warrnambool and South West,Inner Regional Australia
3573,-36.16486,144.29796,VIC,Warrnambool and South West,Outer Regional Australia
3575,-36.05573,144.15903,VIC,Warrnambool and South West,Outer Regional Australia
3576,-36.12803,143.91752,VIC,Warrnambool and South West,Outer Regional Australia
3579,-35.76323,143.76463,VIC,Warrnambool and South West,Outer Regional Australia
3580,-35.63976,144.09467,VIC,Warrnambool and South West,Outer Regional Australia
3581,-35.62833,143.78521,VIC,Warrnambool and South West,Outer Regional Australia
3583,-35.50964,143.66458,VIC,Warrnambool and South West,Outer Regional Australia
3584,-35.43103,143.63762,VIC,Warrnambool and South West,Outer Regional Australia
3585,-35.3443,143.32834,VIC,Warrnambool and South West,Outer Regional Australia
3586,-35.11402,143.79259,VIC,Warrnambool and South West,Outer Regional Australia
3588,-35.29429,143.47033,VIC,Warrnambool and South West,Outer Regional Australia
3589,-35.22844,143.44125,VIC,Warrnambool and South West,Outer Regional Australia
3590,-35.23571,143.49353,VIC,Warrnambool and South West,Outer Regional Australia
3591,-35.20221,143.39409,VIC,Warrnambool and South West,Outer Regional Australia
3594,-35.13815,143.34603,VIC,Warrnambool and South West,Outer Regional Australia
3595,-35.20275,143.35168,VIC,Warrnambool and South West,Outer Regional Australia
3596,-35.12381,143.32768,VIC,Warrnambool and South West,Outer Regional Australia
3597,-34.96536,143.18979,VIC,Warrnambool and South West,Outer Regional Australia
3599,-34.72974,143.14323,VIC,Warrnambool and South West,Outer Regional Australia
3607,-36.83971,145.17976,VIC,Warrnambool and South West,Inner Regional Australia
3608,-36.74071,145.09575,VIC,Warrnambool and South West,Inner Regional Australia
3610,-36.57763,145.22935,VIC,Warrnambool and South West,Inner Regional Australia
3612,-36.57129,145.03129,VIC,Warrnambool and South West,Inner Regional Australia
3614,-36.4814,145.28493,VIC,Warrnambool and South West,Inner Regional Australia
3616,-36.46719,145.13667,VIC,Warrnambool and South West,Inner Regional Australia
3617,-36.42382,145.17837,VIC,Warrnambool and South West,Inner Regional Australia
3618,-36.37708,145.12501,VIC,Warrnambool and South West,Inner Regional Australia
3619,-37.65957,144.9363,VIC,,
3620,-36.29713,145.08312,VIC,Warrnambool and South West,Inner Regional Australia
3621,-36.2185,144.96858,VIC,Warrnambool and South West,Inner Regional Australia
3622,-36.23196,144.87573,VIC,Warrnambool and South West,Inner Regional Australia
3623,-36.46138,144.97681,VIC,Warrnambool and South West,Inner Regional Australia
3624,-36.41019,144.96576,VIC,Warrnambool and South West,Inner Regional Australia
3629,-36.28731,145.26065,VIC,Warrnambool and South West,Inner Regional Australia
3630,-36.38085,145.40318,VIC,Warrnambool and South West,Inner Regional Australia
3631,-36.42869,145.52669,VIC,Warrnambool and South West,Inner Regional Australia
3632,-36.54446,145.60324,VIC,,
3633,-36.30794,145.46296,VIC,Warrnambool and South West,Inner Regional Australia
3634,-36.22419,145.44032,VIC,Warrnambool and South West,Inner Regional Australia
3635,-36.1426,145.30827,VIC,Warrnambool and South West,Inner Regional Australia
3636,-36.09388,145.47947,VIC,Warrnambool and South West,Inner Regional Australia
3637,-36.05069,145.32903,VIC,Warrnambool and South West,Outer Regional Australia
3638,-36.03202,145.24657,VIC,Warrnambool and South West,Outer Regional Australia
3639,-36.0213,145.04725,VIC,Warrnambool and South West,Outer Regional Australia
3640,-36.00978,145.48602,VIC,Warrnambool and South West,Inner Regional Australia
3641,-35.89718,145.42831,VIC,Warrnambool and South West,Outer Regional Australia
3643,-35.95536,145.63187,VIC,,
3644,-35.92592,145.64552,VIC,Warrnambool and South West,Inner Regional Australia
3646,-36.24713,145.7119,VIC,Warrnambool and South West,Inner Regional Australia
3647,-36.38533,145.70447,VIC,Warrnambool and South West,Inner Regional Australia
3649,-36.08266,145.68867,VIC,Warrnambool and South West,Inner Regional Australia
3658,-37.24163,145.108,VIC,Warrnambool and South West,Inner Regional Australia
3659,-37.11034,145.07088,VIC,Warrnambool and South West,Inner Regional Australia
3660,-37.03602,145.24019,VIC,Warrnambool and South West,Inner Regional Australia
3661,-38.19599,146.53535,VIC,,
3662,-36.93743,144.95443,VIC,Warrnambool and South West,Inner Regional Australia
3663,-36.91088,145.15886,VIC,Warrnambool and South West,Inner Regional Australia
3664,-36.91137,145.35083,VIC,Warrnambool and South West,Inner Regional Australia
3665,-36.84409,145.35763,VIC,Warrnambool and South West,Inner Regional Australia
3666,-36.78659,145.54831,VIC,Warrnambool and South West,Inner Regional Australia
3669,-36.61364,145.717,VIC,Warrnambool and South West,Inner Regional Australia
3670,-36.62375,145.85245,VIC,Warrnambool and South West,Inner Regional Australia
3671,-36.38514,145.42069,VIC,,
3672,-36.55494,145.97776,VIC,Warrnambool and South West,Inner Regional Australia
3673,-36.66993,146.06251,VIC,Warrnambool and South West,Outer Regional Australia
3675,-36.56508,146.26683,VIC,Warrnambool and South West,Inner Regional Australia
3676,-36.34125,146.33861,VIC,,
3677,-36.35802,146.33056,VIC,Warrnambool and South West,Inner Regional Australia
3678,-36.68892,146.48244,VIC,Warrnambool and South West,Outer Regional Australia
3682,-36.17427,146.42866,VIC,Warrnambool and South West,Inner Regional Australia
3683,-36.18079,146.60462,VIC,Warrnambool and South West,Inner Regional Australia
3685,-36.05215,146.47193,VIC,Warrnambool and South West,Inner Regional Australia
3687,-36.01877,146.41593,VIC,Warrnambool and South West,Inner Regional Australia
3688,-36.11919,146.71719,VIC,Warrnambool and South West,Inner Regional Australia
3689,-37.67576,144.98979,VIC,,
3690,-36.13572,146.86436,VIC,Warrnambool and South West,Inner Regional Australia
3691,-36.05163,147.75588,VIC,Warrnambool and South West,Outer Regional Australia
3694,-36.15068,146.91949,VIC,,
3695,-36.30429,147.12367,VIC,Warrnambool and South West,Inner Regional Australia
3697,-36.68753,147.17925,VIC,Warrnambool and South West,Outer Regional Australia
3698,-36.72203,147.14947,VIC,Warrnambool and South West,Outer Regional Australia
3699,-36.84171,147.31585,VIC,Warrnambool and South West,Outer Regional Australia
3700,-36.29884,147.33585,VIC,Warrnambool and South West,Outer Regional Australia
3701,-36.54887,147.41516,VIC,Warrnambool and South West,Outer Regional Australia
3704,-36.13261,147.49344,VIC,Warrnambool and South West,Outer Regional Australia
3705,-36.32288,147.76991,VIC,Warrnambool and South West,Outer Regional Australia
3707,-36.54541,148.03187,VIC,Warrnambool and South West,Outer Regional Australia
3708,-36.07093,147.94206,VIC,Warrnambool and South West,Outer Regional Australia
3709,-36.02406,147.69324,VIC,Warrnambool and South West,Outer Regional Australia
3711,-37.41047,145.68216,VIC,Warrnambool and South West,Inner Regional Australia
3712,-37.3209,145.83906,VIC,Warrnambool and South West,Outer Regional Australia
3713,-37.23033,145.89756,VIC,Warrnambool and South West,Outer Regional Australia
3714,-37.20128,145.7019,VIC,Warrnambool and South West,Outer Regional Australia
3715,-36.98575,145.73942,VIC,Warrnambool and South West,Outer Regional Australia
3717,-37.28661,145.43578,VIC,Warrnambool and South West,Inner Regional Australia
3718,-37.14407,145.54096,VIC,Warrnambool and South West,Inner Regional Australia
3719,-37.04122,145.60849,VIC,Warrnambool and South West,Inner Regional Australia
3720,-37.01724,145.8503,VIC,Warrnambool and South West,Outer Regional Australia
3722,-37.20263,146.25327,VIC,Warrnambool and South West,Outer Regional Australia
3723,-36.93505,146.25132,VIC,Warrnambool and South West,Outer Regional Australia
3724,-37.05311,146.07683,VIC,,
3725,-36.41436,145.93733,VIC,Warrnambool and South West,Inner Regional Australia
3726,-36.33225,145.96021,VIC,Warrnambool and South West,Inner Regional Australia
3727,-36.24244,145.95778,VIC,Warrnambool and South West,Inner Regional Australia
3728,-36.14892,145.95901,VIC,Warrnambool and South West,Inner Regional Australia
3730,-36.04972,145.95375,VIC,Warrnambool and South West,Inner Regional Australia
3732,-36.68681,146.31375,VIC,Warrnambool and South West,Outer Regional Australia
3733,-36.81209,146.31634,VIC,Warrnambool and South West,Outer Regional Australia
3735,-36.51571,146.60357,VIC,Warrnambool and South West,Inner Regional Australia
3736,-36.45514,146.47949,VIC,,
3737,-36.6318,146.84289,VIC,Warrnambool and South West,Outer Regional Australia
3738,-36.58792,146.75397,VIC,Warrnambool and South West,Inner Regional Australia
3739,-36.64102,146.86419,VIC,Warrnambool and South West,Inner Regional Australia
3740,-36.73169,146.83456,VIC,Warrnambool and South West,Outer Regional Australia
3741,-36.96232,147.06316,VIC,Warrnambool and South West,Outer Regional Australia
3744,-36.78848,146.95979,VIC,Warrnambool and South West,Outer Regional Australia
3746,-36.31396,146.51767,VIC,Warrnambool and South West,Inner Regional Australia
3747,-36.36106,146.72571,VIC,Warrnambool and South West,Inner Regional Australia
3749,-36.38886,146.85294,VIC,Warrnambool and South West,Inner Regional Australia
3750,-37.59608,145.00558,VIC,Mornington Peninsula,Major Cities of Australia
3751,-37.55465,145.0529,VIC,Mornington Peninsula,Major Cities of Australia
3752,-37.6191,145.07435,VIC,Mornington Peninsula,Major Cities of Australia
3753,-37.47647,144.95951,VIC,Warrnambool and South West,Inner Regional Australia
3754,-37.59355,145.11299,VIC,Mornington Peninsula,Major Cities of Australia
3755,-37.5639,145.14203,VIC,Warrnambool and South West,Inner Regional Australia
3756,-37.41233,144.95664,VIC,Warrnambool and South West,Inner Regional Australia
3757,-37.46978,145.18222,VIC,Warrnambool and South West,Inner Regional Australia
3758,-37.35465,145.05255,VIC,Warrnambool and South West,Inner Regional Australia
3759,-37.65038,145.24728,VIC,Warrnambool and South West,Inner Regional Australia
3760,-37.627,145.28834,VIC,Warrnambool and South West,Inner Regional Australia
3761,-37.58563,145.29238,VIC,Warrnambool and South West,Inner Regional Australia
3762,-37.35414,144.93671,VIC,Warrnambool and South West,Inner Regional Australia
3763,-37.52186,145.35338,VIC,Warrnambool and South West,Inner Regional Australia
3764,-37.26374,144.90064,VIC,Warrnambool and South West,Inner Regional Australia
3765,-37.81477,145.34662,VIC,Mornington Peninsula,Major Cities of Australia
3766,-37.81782,145.38495,VIC,Mornington Peninsula,Major Cities of Australia
3767,-37.83939,145.34751,VIC,Mornington Peninsula,Major Cities of Australia
3770,-37.70878,145.416,VIC,Warrnambool and South West,Inner Regional Australia
3775,-37.64285,145.36599,VIC,Warrnambool and South West,Inner Regional Australia
3777,-37.60609,145.5138,VIC,Warrnambool and South West,Inner Regional Australia
3778,-37.53749,145.62301,VIC,Warrnambool and South West,Inner Regional Australia
3779,-37.53927,145.78475,VIC,Warrnambool and South West,Inner Regional Australia
3781,-37.93847,145.48786,VIC,Warrnambool and South West,Inner Regional Australia
3782,-37.93807,145.43302,VIC,Mornington Peninsula,Major Cities of Australia
3783,-37.94738,145.59658,VIC,Warrnambool and South West,Inner Regional Australia
3785,-37.88514,145.31673,VIC,Mornington Peninsula,Major Cities of Australia
3786,-37.87819,145.33243,VIC,Mornington Peninsula,Major Cities of Australia
3787,-37.86679,145.35089,VIC,Mornington Peninsula,Major Cities of Australia
3788,-37.84804,145.37713,VIC,Mornington Peninsula,Major Cities of Australia
3789,-37.88977,145.35734,VIC,Mornington Peninsula,Major Cities of Australia
3791,-37.89692,145.37962,VIC,Mornington Peninsula,Major Cities of Australia
3792,-37.89424,145.40539,VIC,Mornington Peninsula,Major Cities of Australia
3793,-37.87453,145.42971,VIC,Mornington Peninsula,Major Cities of Australia
3795,-37.83666,145.43031,VIC,Mornington Peninsula,Major Cities of Australia
3796,-37.78698,145.38492,VIC,Mornington Peninsula,Major Cities of Australia
3797,-37.86781,145.78634,VIC,Warrnambool and South West,Inner Regional Australia
3799,-37.72757,145.81851,VIC,Warrnambool and South West,Inner Regional Australia
3800,-37.91054,145.13494,VIC,,
3802,-37.97176,145.2556,VIC,Mornington Peninsula,Major Cities of Australia
3803,-38.00944,145.26552,VIC,Mornington Peninsula,Major Cities of Australia
3804,-37.98006,145.32599,VIC,Mornington Peninsula,Major Cities of Australia
3805,-38.03703,145.3042,VIC,Mornington Peninsula,Major Cities of Australia
3806,-38.02502,145.34949,VIC,Mornington Peninsula,Major Cities of Australia
3807,-38.04832,145.37163,VIC,Mornington Peninsula,Major Cities of Australia
3808,-38.00252,145.42327,VIC,Mornington Peninsula,Major Cities of Australia
3809,-38.06909,145.40689,VIC,Mornington Peninsula,Major Cities of Australia
3810,-38.04658,145.47251,VIC,Warrnambool and South West,Inner Regional Australia
3812,-38.07014,145.5653,VIC,Warrnambool and South West,Inner Regional Australia
3813,-38.06425,145.63434,VIC,Warrnambool and South West,Inner Regional Australia
3814,-38.10718,145.66911,VIC,Warrnambool and South West,Inner Regional Australia
3815,-38.01378,145.72631,VIC,Warrnambool and South West,Inner Regional Australia
3816,-38.04354,145.78799,VIC,Warrnambool and South West,Inner Regional Australia
3818,-38.09629,145.86734,VIC,Warrnambool and South West,Inner Regional Australia
3820,-38.20748,145.92221,VIC,Warrnambool and South West,Inner Regional Australia
3821,-37.94499,145.94054,VIC,Warrnambool and South West,Inner Regional Australia
3822,-38.19438,145.9899,VIC,Warrnambool and South West,Inner Regional Australia
3823,-38.21038,146.06566,VIC,Warrnambool and South West,Inner Regional Australia
3824,-38.24565,146.16397,VIC,Warrnambool and South West,Inner Regional Australia
3825,-37.96467,146.35272,VIC,Warrnambool and South West,Outer Regional Australia
3831,-37.99326,146.01314,VIC,Warrnambool and South West,Inner Regional Australia
3832,-37.91994,145.94521,VIC,Warrnambool and South West,Inner Regional Australia
3833,-37.83951,146.03895,VIC,Warrnambool and South West,Outer Regional Australia
3835,-38.29064,146.17527,VIC,Warrnambool and South West,Inner Regional Australia
3840,-38.24522,146.42446,VIC,Warrnambool and South West,Inner Regional Australia
3841,-37.5832,147.463,VIC,,
3842,-38.31545,146.41436,VIC,Warrnambool and South West,Inner Regional Australia
3844,-38.33306,146.62334,VIC,Warrnambool and South West,Outer Regional Australia
3847,-38.19809,146.78343,VIC,Warrnambool and South West,Outer Regional Australia
3850,-38.22419,147.10618,VIC,Warrnambool and South West,Inner Regional Australia
3851,-38.04846,147.08497,VIC,Warrnambool and South West,Outer Regional Australia
3852,-38.10569,147.13672,VIC,Warrnambool and South West,Inner Regional Australia
3853,-38.09557,146.05995,VIC,,
3854,-38.12413,146.59688,VIC,Warrnambool and South West,Inner Regional Australia
3856,-38.06391,146.67221,VIC,Warrnambool and South West,Inner Regional Australia
3857,-38.01862,146.69489,VIC,Warrnambool and South West,Inner Regional Australia
3858,-37.66158,146.64366,VIC,Warrnambool and South West,Outer Regional Australia
3859,-37.88614,146.84826,VIC,Warrnambool and South West,Outer Regional Australia
3860,-37.6091,146.86826,VIC,Warrnambool and South West,Outer Regional Australia
3862,-37.58885,147.21183,VIC,Warrnambool and South West,Outer Regional Australia
3864,-37.86088,147.34151,VIC,Warrnambool and South West,Outer Regional Australia
3865,-37.79674,147.45595,VIC,Warrnambool and South West,Outer Regional Australia
3869,-38.36469,146.35984,VIC,Warrnambool and South West,Inner Regional Australia
3870,-38.44285,146.33077,VIC,Warrnambool and South West,Inner Regional Australia
3871,-38.42017,146.16073,VIC,Warrnambool and South West,Inner Regional Australia
3873,-38.29827,146.70878,VIC,Warrnambool and South West,Inner Regional Australia
3874,-38.51444,146.83625,VIC,North West,Remote Australia
3875,-37.79565,147.63201,VIC,Warrnambool and South West,Outer Regional Australia
3878,-37.89854,147.68012,VIC,Warrnambool and South West,Outer Regional Australia
3880,-37.91473,147.72739,VIC,Warrnambool and South West,Outer Regional Australia
3882,-37.81202,147.76439,VIC,Warrnambool and South West,Outer Regional Australia
3885,-37.27559,148.11564,VIC,North West,Remote Australia
3886,-37.77098,148.42685,VIC,Warrnambool and South West,Outer Regional Australia
3887,-37.75789,148.11664,VIC,Warrnambool and South West,Outer Regional Australia
3888,-37.36692,148.65953,VIC,North West,Remote Australia
3889,-37.61426,148.86656,VIC,North West,Remote Australia
3890,-37.56649,149.21722,VIC,North West,Remote Australia
3891,-37.56768,149.53891,VIC,Warrnambool and South West,Outer Regional Australia
3892,-37.56377,149.90987,VIC,Warrnambool and South West,Outer Regional Australia
3893,-37.49535,147.86607,VIC,Warrnambool and South West,Outer Regional Australia
3895,-37.38468,147.89333,VIC,Warrnambool and South West,Outer Regional Australia
3896,-37.26467,147.70796,VIC,Warrnambool and South West,Outer Regional Australia
3898,-37.05701,147.47641,VIC,Warrnambool and South West,Outer Regional Australia
3900,-36.88053,147.82614,VIC,Warrnambool and South West,Outer Regional Australia
3902,-37.79704,147.81489,VIC,Warrnambool and South West,Outer Regional Australia
3903,-37.8113,147.86753,VIC,Warrnambool and South West,Outer Regional Australia
3904,-37.88104,147.83937,VIC,Warrnambool and South West,Outer Regional Australia
3909,-37.82192,147.97024,VIC,Warrnambool and South West,Outer Regional Australia
3910,-38.15637,145.19833,VIC,Mornington Peninsula,Major Cities of Australia
3911,-38.19691,145.16956,VIC,Mornington Peninsula,Major Cities of Australia
3912,-38.21799,145.22737,VIC,Mornington Peninsula,Major Cities of Australia
3913,-38.26227,145.16643,VIC,Mornington Peninsula,Major Cities of Australia
3915,-38.30581,145.13662,VIC,Mornington Peninsula,Major Cities of Australia
3916,-38.4152,145.05059,VIC,Warrnambool and South West,Inner Regional Australia
3918,-38.33987,145.15555,VIC,Mornington Peninsula,Major Cities of Australia
3919,-38.35233,145.19978,VIC,Mornington Peninsula,Major Cities of Australia
3920,-38.38752,145.19304,VIC,Mornington Peninsula,Major Cities of Australia
3921,-38.41823,145.36763,VIC,Warrnambool and South West,Outer Regional Australia
3922,-38.48218,145.23197,VIC,Warrnambool and South West,Inner Regional Australia
3923,-38.46555,145.29363,VIC,Warrnambool and South West,Inner Regional Australia
3925,-38.52821,145.37968,VIC,Warrnambool and South West,Inner Regional Australia
3926,-38.35523,145.0945,VIC,Warrnambool and South West,Inner Regional Australia
3927,-38.38337,145.15327,VIC,Mornington Peninsula,Major Cities of Australia
3928,-38.40783,144.97513,VIC,Warrnambool and South West,Inner Regional Australia
3929,-38.46097,144.97667,VIC,Warrnambool and South West,Inner Regional Australia
3930,-38.19502,145.09374,VIC,Mornington Peninsula,Major Cities of Australia
3931,-38.23004,145.0495,VIC,Mornington Peninsula,Major Cities of Australia
3933,-38.26117,145.09699,VIC,Mornington Peninsula,Major Cities of Australia
3934,-38.2783,145.0316,VIC,Mornington Peninsula,Major Cities of Australia
3936,-38.32645,145.00763,VIC,Mornington Peninsula,Major Cities of Australia
3937,-38.37369,145.01994,VIC,Warrnambool and South West,Inner Regional Australia
3938,-38.35432,144.93183,VIC,Mornington Peninsula,Major Cities of Australia
3939,-38.42776,144.90041,VIC,Warrnambool and South West,Inner Regional Australia
3940,-38.3785,144.87426,VIC,Mornington Peninsula,Major Cities of Australia
3941,-38.39608,144.8272,VIC,Mornington Peninsula,Major Cities of Australia
3942,-38.36787,144.7683,VIC,Mornington Peninsula,Major Cities of Australia
3943,-38.34553,144.7391,VIC,Mornington Peninsula,Major Cities of Australia
3944,-38.32187,144.69271,VIC,Mornington Peninsula,Major Cities of Australia
3945,-38.38158,145.69705,VIC,Warrnambool and South West,Inner Regional Australia
3946,-38.44815,145.72354,VIC,Warrnambool and South West,Inner Regional Australia
3950,-38.43522,145.81295,VIC,Warrnambool and South West,Inner Regional Australia
3951,-38.47372,145.79842,VIC,Warrnambool and South West,Inner Regional Australia
3953,-38.45646,145.99686,VIC,Warrnambool and South West,Inner Regional Australia
3954,-38.55038,145.93797,VIC,Warrnambool and South West,Inner Regional Australia
3956,-38.64153,145.95283,VIC,Warrnambool and South West,Outer Regional Australia
3957,-38.5893,146.12672,VIC,Warrnambool and South West,Inner Regional Australia
3958,-38.67384,145.98706,VIC,Warrnambool and South West,Inner Regional Australia
3959,-38.73464,146.06653,VIC,Warrnambool and South West,Outer Regional Australia
3960,-39.14076,146.36041,VIC,Warrnambool and South West,Outer Regional Australia
3962,-38.59472,146.36394,VIC,Warrnambool and South West,Inner Regional Australia
3964,-38.68512,146.2788,VIC,Warrnambool and South West,Inner Regional Australia
3965,-38.69344,146.47213,VIC,Warrnambool and South West,Outer Regional Australia
3966,-38.63057,146.43658,VIC,Warrnambool and South West,Outer Regional Australia
3967,-38.64756,146.50793,VIC,North West,Remote Australia
3971,-38.63707,146.80245,VIC,North West,Remote Australia
3975,-38.05354,145.23111,VIC,Mornington Peninsula,Major Cities of Australia
3976,-38.044,145.2643,VIC,Mornington Peninsula,Major Cities of Australia
3977,-38.13177,145.26392,VIC,Warrnambool and South West,Inner Regional Australia
3978,-38.13501,145.38461,VIC,Mornington Peninsula,Major Cities of Australia
3979,-38.44818,145.59128,VIC,Warrnambool and South West,Inner Regional Australia
3980,-38.20445,145.35694,VIC,Warrnambool and South West,Inner Regional Australia
3981,-38.2073,145.575,VIC,Warrnambool and South West,Inner Regional Australia
3984,-38.31265,145.56398,VIC,Warrnambool and South West,Inner Regional Australia
3987,-38.30905,145.68914,VIC,Warrnambool and South West,Inner Regional Australia
3988,-38.31345,145.81186,VIC,Warrnambool and South West,Inner Regional Australia
3989,-31.8251,144.96394,VIC,,
3990,-38.4554,145.50128,VIC,Warrnambool and South West,Inner Regional Australia
3991,-38.48304,145.46678,VIC,Warrnambool and South West,Inner Regional Australia
3992,-38.56914,145.53431,VIC,Warrnambool and South West,Inner Regional Australia
3995,-38.57807,145.63071,VIC,Warrnambool and South West,Inner Regional Australia
3996,-38.62956,145.74561,VIC,Warrnambool and South West,Inner Regional Australia
4000,-27.46845,153.023,QLD,Sunshine Coast,Major Cities of Australia
4001,-27.60348,152.82314,QLD,,
4002,-27.4693,153.027,QLD,,
4003,-24.87243,152.34846,QLD,,
4004,-24.04527,149.31659,QLD,,
4005,-27.4631,153.04675,QLD,Sunshine Coast,Major Cities of Australia
4006,-27.36618,153.17524,QLD,Sunshine Coast,Major Cities of Australia
4007,-27.43609,153.06191,QLD,Sunshine Coast,Major Cities of Australia
4008,-27.39755,153.1365,QLD,Sunshine Coast,Major Cities of Australia
4009,-27.40575,153.10525,QLD,Sunshine Coast,Major Cities of Australia
4010,-27.43324,153.04354,QLD,Sunshine Coast,Major Cities of Australia
4011,-27.41948,153.05975,QLD,Sunshine Coast,Major Cities of Australia
4012,-27.39934,153.05355,QLD,Sunshine Coast,Major Cities of Australia
4013,-27.39706,153.07498,QLD,Sunshine Coast,Major Cities of Australia
4014,-27.37395,153.08478,QLD,Sunshine Coast,Major Cities of Australia
4017,-27.31807,153.04734,QLD,Sunshine Coast,Major Cities of Australia
4018,-27.34907,153.0318,QLD,Sunshine Coast,Major Cities of Australia
4019,-27.24834,153.0885,QLD,Sunshine Coast,Major Cities of Australia
4020,-27.21344,153.1023,QLD,Sunshine Coast,Major Cities of Australia
4021,-27.2201,153.07529,QLD,Sunshine Coast,Major Cities of Australia
4022,-27.21189,153.04641,QLD,Sunshine Coast,Major Cities of Australia
4025,-27.15988,153.39565,QLD,Wide Bay,Remote Australia
4029,-27.44934,153.02644,QLD,,
4030,-27.42687,153.02968,QLD,Sunshine Coast,Major Cities of Australia
4031,-27.40854,153.0307,QLD,Sunshine Coast,Major Cities of Australia
4032,-27.38561,153.01945,QLD,Sunshine Coast,Major Cities of Australia
4034,-27.35471,153.04005,QLD,Sunshine Coast,Major Cities of Australia
4035,-27.35602,152.97908,QLD,Sunshine Coast,Major Cities of Australia
4036,-27.31402,153.00873,QLD,Sunshine Coast,Major Cities of Australia
4037,-27.34113,152.93652,QLD,Sunshine Coast,Major Cities of Australia
4051,-27.42751,153.0003,QLD,Sunshine Coast,Major Cities of Australia
4053,-27.39957,152.98725,QLD,Sunshine Coast,Major Cities of Australia
4054,-27.40982,152.95601,QLD,Sunshine Coast,Major Cities of Australia
4055,-27.39368,152.92424,QLD,Sunshine Coast,Major Cities of Australia
4059,-27.45207,153.00889,QLD,Sunshine Coast,Major Cities of Australia
4060,-27.44433,152.98454,QLD,Sunshine Coast,Major Cities of Australia
4061,-27.45085,152.94426,QLD,Sunshine Coast,Major Cities of Australia
4064,-27.46468,152.99904,QLD,Sunshine Coast,Major Cities of Australia
4065,-27.4625,152.97599,QLD,Sunshine Coast,Major Cities of Australia
4066,-27.47987,152.96415,QLD,Sunshine Coast,Major Cities of Australia
4067,-27.50052,153.00504,QLD,Sunshine Coast,Major Cities of Australia
4068,-27.50691,152.97693,QLD,Sunshine Coast,Major Cities of Australia
4069,-27.50278,152.89891,QLD,Wide Bay,Inner Regional Australia
4070,-27.55994,152.87114,QLD,Sunshine Coast,Major Cities of Australia
4072,-27.54896,152.33009,QLD,,
4073,-27.54918,152.95138,QLD,Sunshine Coast,Major Cities of Australia
4074,-27.55408,152.92152,QLD,Sunshine Coast,Major Cities of Australia
4075,-27.55213,152.97562,QLD,Sunshine Coast,Major Cities of Australia
4076,-27.58456,152.92107,QLD,Sunshine Coast,Major Cities of Australia
4077,-27.60555,152.96782,QLD,Sunshine Coast,Major Cities of Australia
4078,-27.61265,152.95058,QLD,Sunshine Coast,Major Cities of Australia
4101,-27.48425,153.00966,QLD,Sunshine Coast,Major Cities of Australia
4102,-27.49546,153.0328,QLD,Sunshine Coast,Major Cities of Australia
4103,-27.51218,153.02877,QLD,Sunshine Coast,Major Cities of Australia
4104,-27.51576,153.01154,QLD,Sunshine Coast,Major Cities of Australia
4105,-27.53444,153.01889,QLD,Sunshine Coast,Major Cities of Australia
4106,-27.55214,153.00462,QLD,Sunshine Coast,Major Cities of Australia
4107,-27.55205,153.03064,QLD,Sunshine Coast,Major Cities of Australia
4108,-24.94761,150.6048,QLD,Sunshine Coast,Major Cities of Australia
4109,-27.57925,153.05745,QLD,Sunshine Coast,Major Cities of Australia
4110,-26.62392,152.10509,QLD,Sunshine Coast,Major Cities of Australia
4111,-27.55064,153.05223,QLD,Sunshine Coast,Major Cities of Australia
4112,-27.61113,153.08784,QLD,Sunshine Coast,Major Cities of Australia
4113,-27.59072,153.07793,QLD,Sunshine Coast,Major Cities of Australia
4114,-27.65281,153.11076,QLD,Sunshine Coast,Major Cities of Australia
4115,-27.64384,153.0225,QLD,Sunshine Coast,Major Cities of Australia
4116,-27.63399,153.05079,QLD,Sunshine Coast,Major Cities of Australia
4117,-27.64469,153.08304,QLD,Sunshine Coast,Major Cities of Australia
4118,-27.67381,153.02732,QLD,Sunshine Coast,Major Cities of Australia
4119,-27.6115,153.10977,QLD,Sunshine Coast,Major Cities of Australia
4120,-27.50871,153.04422,QLD,Sunshine Coast,Major Cities of Australia
4121,-27.52697,153.05395,QLD,Sunshine Coast,Major Cities of Australia
4122,-27.54332,153.08816,QLD,Sunshine Coast,Major Cities of Australia
4123,-27.58353,153.11615,QLD,Sunshine Coast,Major Cities of Australia
4124,-27.71931,152.9595,QLD,Wide Bay,Inner Regional Australia
4125,-27.73043,153.04108,QLD,Sunshine Coast,Major Cities of Australia
4127,-27.62947,153.14203,QLD,Sunshine Coast,Major Cities of Australia
4128,-27.6524,153.17421,QLD,Sunshine Coast,Major Cities of Australia
4129,-27.68152,153.18682,QLD,Sunshine Coast,Major Cities of Australia
4130,-27.66924,153.24333,QLD,Sunshine Coast,Major Cities of Australia
4131,-27.66991,153.13607,QLD,Sunshine Coast,Major Cities of Australia
4132,-27.68106,153.0844,QLD,Sunshine Coast,Major Cities of Australia
4133,-27.72384,153.10266,QLD,Sunshine Coast,Major Cities of Australia
4151,-27.50081,153.05861,QLD,Sunshine Coast,Major Cities of Australia
4152,-27.50135,153.09681,QLD,Sunshine Coast,Major Cities of Australia
4153,-27.51003,153.13143,QLD,Sunshine Coast,Major Cities of Australia
4154,-27.49069,153.15873,QLD,Sunshine Coast,Major Cities of Australia
4155,-27.5181,153.15645,QLD,Sunshine Coast,Major Cities of Australia
4156,-27.55886,153.15418,QLD,Sunshine Coast,Major Cities of Australia
4157,-27.56818,153.2071,QLD,Sunshine Coast,Major Cities of Australia
4158,-27.48769,153.1998,QLD,Sunshine Coast,Major Cities of Australia
4159,-27.50229,153.20962,QLD,Sunshine Coast,Major Cities of Australia
4160,-27.50641,153.24331,QLD,Sunshine Coast,Major Cities of Australia
4161,-27.53341,153.22686,QLD,Sunshine Coast,Major Cities of Australia
4163,-27.53522,153.26571,QLD,Sunshine Coast,Major Cities of Australia
4164,-27.56996,153.26083,QLD,Sunshine Coast,Major Cities of Australia
4165,-27.62398,153.2638,QLD,Wide Bay,Inner Regional Australia
4169,-27.48418,153.04098,QLD,Sunshine Coast,Major Cities of Australia
4170,-27.47078,153.07423,QLD,Sunshine Coast,Major Cities of Australia
4171,-23.28785,150.39952,QLD,Sunshine Coast,Major Cities of Australia
4172,-27.45877,153.10333,QLD,Sunshine Coast,Major Cities of Australia
4173,-27.47581,153.12063,QLD,Sunshine Coast,Major Cities of Australia
4174,-27.45009,153.12942,QLD,Sunshine Coast,Major Cities of Australia
4178,-27.4212,153.22577,QLD,Wide Bay,Remote Australia
4179,-27.39082,153.23404,QLD,Sunshine Coast,Major Cities of Australia
4183,-27.54701,153.45174,QLD,Wide Bay,Remote Australia
4184,-27.6765,153.38466,QLD,Wide Bay,Remote Australia
4205,-27.68739,153.15629,QLD,Sunshine Coast,Major Cities of Australia
4207,-27.73824,153.20173,QLD,Wide Bay,Inner Regional Australia
4208,-27.76703,153.27631,QLD,Wide Bay,Inner Regional Australia
4209,-27.8055,153.39289,QLD,Sunshine Coast,Major Cities of Australia
4210,-27.93221,153.27948,QLD,Sunshine Coast,Major Cities of Australia
4211,-28.03545,153.24126,QLD,Wide Bay,Inner Regional Australia
4212,-27.87787,153.35772,QLD,Sunshine Coast,Major Cities of Australia
4213,-28.1113,153.31792,QLD,Wide Bay,Inner Regional Australia
4214,-27.96701,153.36558,QLD,Sunshine Coast,Major Cities of Australia
4215,-27.96713,153.39795,QLD,Sunshine Coast,Major Cities of Australia
4216,-27.83935,153.41941,QLD,Wide Bay,Inner Regional Australia
4217,-28.00878,153.4122,QLD,Sunshine Coast,Major Cities of Australia
4218,-28.03763,153.41692,QLD,Sunshine Coast,Major Cities of Australia
4219,-28.11175,153.4342,QLD,,
4220,-28.08495,153.43441,QLD,Sunshine Coast,Major Cities of Australia
4221,-28.12732,153.45837,QLD,Sunshine Coast,Major Cities of Australia
4222,-27.55064,153.05223,QLD,,
4223,-28.19076,153.41509,QLD,Wide Bay,Inner Regional Australia
4224,-28.15022,153.48933,QLD,Sunshine Coast,Major Cities of Australia
4225,-28.16902,153.52053,QLD,Sunshine Coast,Major Cities of Australia
4226,-28.06794,153.40282,QLD,Sunshine Coast,Major Cities of Australia
4227,-28.10189,153.41039,QLD,Sunshine Coast,Major Cities of Australia
4228,-28.18208,153.37739,QLD,Wide Bay,Inner Regional Australia
4229,-28.07789,153.41314,QLD,,
4230,-28.07747,153.38531,QLD,,
4270,-27.86235,153.13557,QLD,Wide Bay,Inner Regional Australia
4271,-27.91838,153.20147,QLD,,
4272,-27.9546,153.18684,QLD,Wide Bay,Inner Regional Australia
4275,-28.103,153.13794,QLD,Wide Bay,Inner Regional Australia
4280,-27.81923,153.02043,QLD,Wide Bay,Inner Regional Australia
4285,-28.04391,152.97113,QLD,Wide Bay,Inner Regional Australia
4287,-28.25914,152.82297,QLD,Wide Bay,Outer Regional Australia
4300,-27.68385,152.88605,QLD,Sunshine Coast,Major Cities of Australia
4301,-27.62939,152.85809,QLD,Sunshine Coast,Major Cities of Australia
4303,-27.60459,152.84019,QLD,Sunshine Coast,Major Cities of Australia
4304,-27.62066,152.80457,QLD,Sunshine Coast,Major Cities of Australia
4305,-27.62752,152.7537,QLD,Wide Bay,Inner Regional Australia
4306,-27.48983,152.72797,QLD,Wide Bay,Inner Regional Australia
4307,-27.8518,152.5924,QLD,Wide Bay,Inner Regional Australia
4309,-27.98728,152.52337,QLD,Wide Bay,Inner Regional Australia
4310,-28.1214,152.6006,QLD,Wide Bay,Inner Regional Australia
4311,-27.41768,152.43812,QLD,Wide Bay,Inner Regional Australia
4312,-27.25606,152.48264,QLD,Wide Bay,Inner Regional Australia
4313,-27.08952,152.32154,QLD,Wide Bay,Inner Regional Australia
4314,-26.86608,152.13839,QLD,Wide Bay,Outer Regional Australia
4340,-27.80345,152.4727,QLD,Wide Bay,Inner Regional Australia
4341,-27.68768,152.39666,QLD,Wide Bay,Inner Regional Australia
4342,-27.54385,152.37769,QLD,Wide Bay,Inner Regional Australia
4343,-27.65607,152.22462,QLD,Wide Bay,Inner Regional Australia
4344,-27.57359,152.06363,QLD,Wide Bay,Inner Regional Australia
4345,-27.54909,152.33638,QLD,,
4346,-27.56237,152.58823,QLD,Wide Bay,Inner Regional Australia
4347,-27.65506,152.1427,QLD,Wide Bay,Inner Regional Australia
4350,-27.57631,151.85269,QLD,Wide Bay,Inner Regional Australia
4352,-27.62121,151.94711,QLD,Wide Bay,Outer Regional Australia
4353,-27.25698,151.90458,QLD,Wide Bay,Inner Regional Australia
4354,-27.34388,151.88792,QLD,Wide Bay,Inner Regional Australia
4355,-27.18637,152.01761,QLD,Wide Bay,Inner Regional Australia
4356,-27.66307,151.55027,QLD,Wide Bay,Inner Regional Australia
4357,-27.95765,151.10387,QLD,Wide Bay,Outer Regional Australia
4358,-27.72755,151.8812,QLD,Wide Bay,Inner Regional Australia
4359,-27.79142,152.0247,QLD,Wide Bay,Inner Regional Australia
4360,-27.8538,151.90704,QLD,Wide Bay,Inner Regional Australia
4361,-27.96521,151.94828,QLD,Wide Bay,Inner Regional Australia
4362,-28.04555,151.92468,QLD,Wide Bay,Inner Regional Australia
4363,-27.67665,151.7397,QLD,Wide Bay,Inner Regional Australia
4364,-27.71049,151.39618,QLD,Wide Bay,Inner Regional Australia
4365,-28.01715,151.59753,QLD,Wide Bay,Inner Regional Australia
4370,-28.21826,152.02906,QLD,Wide Bay,Outer Regional Australia
4371,-28.19902,152.23424,QLD,Wide Bay,Inner Regional Australia
4372,-28.30307,152.23309,QLD,Wide Bay,Inner Regional Australia
4373,-28.3099,152.37666,QLD,Wide Bay,Outer Regional Australia
4374,-28.4098,151.76521,QLD,Wide Bay,Outer Regional Australia
4375,-28.52056,151.88844,QLD,Wide Bay,Outer Regional Australia
4376,-28.54149,151.93378,QLD,Wide Bay,Outer Regional Australia
4377,-28.56611,151.9793,QLD,Wide Bay,Outer Regional Australia
4378,-28.61395,151.95549,QLD,Wide Bay,Outer Regional Australia
4380,-28.68873,151.82536,QLD,Wide Bay,Outer Regional Australia
4381,-28.75703,151.85504,QLD,Wide Bay,Outer Regional Australia
4382,-28.83243,151.83224,QLD,Wide Bay,Outer Regional Australia
4383,-28.92256,151.95889,NSW,Wide Bay,Outer Regional Australia
4384,-28.72801,151.18321,QLD,Wide Bay,Outer Regional Australia
4385,-28.77552,151.21459,QLD,Wide Bay,Outer Regional Australia
4387,-28.34163,150.96784,QLD,Wide Bay,Outer Regional Australia
4388,-28.5088,150.64626,QLD,Wide Bay,Outer Regional Australia
4390,-28.22891,150.32102,QLD,Wide Bay,Outer Regional Australia
4400,-27.4855,151.8563,QLD,Wide Bay,Inner Regional Australia
4401,-27.46317,151.70291,QLD,Wide Bay,Inner Regional Australia
4402,-26.97898,151.80397,QLD,Wide Bay,Outer Regional Australia
4403,-27.32063,151.59696,QLD,Wide Bay,Inner Regional Australia
4404,-27.33128,151.48067,QLD,Wide Bay,Inner Regional Australia
4405,-27.29461,150.98444,QLD,Wide Bay,Remote Australia
4406,-27.29576,151.16037,QLD,Wide Bay,Remote Australia
4407,-27.56368,150.96198,QLD,Wide Bay,Outer Regional Australia
4408,-26.83571,151.39305,QLD,Wide Bay,Outer Regional Australia
4410,-26.74979,151.10227,QLD,Wide Bay,Outer Regional Australia
4411,-26.90398,150.89467,QLD,Wide Bay,Outer Regional Australia
4412,-26.83584,150.79881,QLD,Wide Bay,Outer Regional Australia
4413,-26.5446,150.60793,QLD,Wide Bay,Outer Regional Australia
4415,-26.62193,150.1933,QLD,Wide Bay,Remote Australia
4416,-26.99575,149.79804,QLD,Wide Bay,Outer Regional Australia
4417,-27.3482,149.07017,QLD,Wide Bay,Remote Australia
4418,-26.29017,150.14332,QLD,Wide Bay,Remote Australia
4419,-26.04577,149.90168,QLD,Wide Bay,Remote Australia
4420,-25.44063,149.58437,QLD,Wide Bay,Remote Australia
4421,-27.32437,150.4443,QLD,Wide Bay,Outer Regional Australia
4422,-27.72492,149.682,QLD,Wide Bay,Remote Australia
4423,-27.3838,149.52538,QLD,Wide Bay,Remote Australia
4424,-26.59839,149.96027,QLD,Wide Bay,Outer Regional Australia
4425,-26.64907,149.77314,QLD,Wide Bay,Outer Regional Australia
4426,-26.53991,149.59043,QLD,Wide Bay,Remote Australia
4427,-26.75002,149.38194,QLD,Wide Bay,Remote Australia
4428,-26.40373,149.20649,QLD,Wide Bay,Remote Australia
4454,-25.54716,148.56527,QLD,Townsville,Very Remote Australia
4455,-26.73282,148.69023,QLD,Wide Bay,Remote Australia
4461,-26.66391,148.29388,QLD,Wide Bay,Remote Australia
4462,-26.46993,148.20838,QLD,Wide Bay,Remote Australia
4465,-26.68616,147.88782,QLD,Townsville,Very Remote Australia
4467,-26.30014,147.47153,QLD,Townsville,Very Remote Australia
4468,-26.25922,146.92743,QLD,Townsville,Very Remote Australia
4470,-26.40546,146.10728,QLD,Townsville,Very Remote Australia
4471,-27.63112,145.89216,QLD,,
4472,-24.78415,145.14118,QLD,Townsville,Very Remote Australia
4474,-25.66699,144.49528,QLD,Townsville,Very Remote Australia
4475,-26.84491,144.97537,QLD,,
4477,-26.22291,148.32457,QLD,Townsville,Very Remote Australia
4478,-24.8894,146.39941,QLD,Townsville,Very Remote Australia
4479,-26.72402,145.3975,QLD,Townsville,Very Remote Australia
4480,-26.2485,143.27416,QLD,Townsville,Very Remote Australia
4481,-25.37758,141.58127,QLD,Townsville,Very Remote Australia
4482,-25.60309,139.32327,QLD,Townsville,Very Remote Australia
4486,-28.61221,147.83012,QLD,Townsville,Very Remote Australia
4487,-27.93119,148.40851,QLD,Wide Bay,Remote Australia
4488,-28.07102,147.23432,QLD,Townsville,Very Remote Australia
4489,-27.25857,145.65574,QLD,Townsville,Very Remote Australia
4490,-28.41805,145.59626,QLD,Townsville,Very Remote Australia
4491,-27.91583,145.08366,QLD,Townsville,Very Remote Australia
4492,-28.02435,142.9669,QLD,Townsville,Very Remote Australia
4493,-28.94171,144.56036,QLD,Townsville,Very Remote Australia
4494,-28.14351,149.60655,QLD,Wide Bay,Remote Australia
4496,-28.36499,149.26797,QLD,Wide Bay,Remote Australia
4497,-28.64548,148.75358,QLD,Wide Bay,Remote Australia
4498,-28.41598,149.8247,QLD,Wide Bay,Remote Australia
4500,-27.30784,152.93944,QLD,Sunshine Coast,Major Cities of Australia
4501,-27.27763,152.9462,QLD,Sunshine Coast,Major Cities of Australia
4502,-27.26497,152.96681,QLD,Sunshine Coast,Major Cities of Australia
4503,-27.24064,152.99319,QLD,Sunshine Coast,Major Cities of Australia
4504,-27.18662,152.93208,QLD,Wide Bay,Inner Regional Australia
4505,-27.14953,152.98599,QLD,Sunshine Coast,Major Cities of Australia
4506,-27.1284,152.93629,QLD,Sunshine Coast,Major Cities of Australia
4507,-26.98778,153.12414,QLD,Wide Bay,Inner Regional Australia
4508,-27.1812,153.01372,QLD,Sunshine Coast,Major Cities of Australia
4509,-27.22733,153.01557,QLD,Sunshine Coast,Major Cities of Australia
4510,-26.4565,152.36142,QLD,Wide Bay,Inner Regional Australia
4511,-27.07793,153.0808,QLD,Sunshine Coast,Major Cities of Australia
4512,-27.02248,152.85831,QLD,Wide Bay,Inner Regional Australia
4513,-27.09964,152.87874,QLD,,
4514,-26.9213,152.73785,QLD,Wide Bay,Inner Regional Australia
4515,-26.86339,152.52903,QLD,Wide Bay,Outer Regional Australia
4516,-27.00554,152.95724,QLD,Sunshine Coast,Major Cities of Australia
4517,-26.95108,152.98765,QLD,Wide Bay,Inner Regional Australia
4518,-26.90243,152.98603,QLD,Wide Bay,Inner Regional Australia
4519,-26.84939,152.91803,QLD,Wide Bay,Inner Regional Australia
4520,-27.31751,152.81343,QLD,Wide Bay,Inner Regional Australia
4521,-27.16977,152.78617,QLD,Wide Bay,Inner Regional Australia
4550,-26.81208,152.97135,QLD,Wide Bay,Inner Regional Australia
4551,-26.81815,153.09382,QLD,Sunshine Coast,Major Cities of Australia
4552,-26.73431,152.7669,QLD,Wide Bay,Inner Regional Australia
4553,-26.7718,153.01796,QLD,Wide Bay,Inner Regional Australia
4554,-26.73169,152.96504,QLD,Wide Bay,Inner Regional Australia
4555,-26.6917,152.95452,QLD,Wide Bay,Inner Regional Australia
4556,-26.70038,153.04978,QLD,Sunshine Coast,Major Cities of Australia
4557,-26.68632,153.11342,QLD,Sunshine Coast,Major Cities of Australia
4558,-26.65507,153.07537,QLD,Sunshine Coast,Major Cities of Australia
4559,-26.66324,152.96501,QLD,Wide Bay,Inner Regional Australia
4560,-26.63509,152.91738,QLD,Wide Bay,Inner Regional Australia
4561,-26.53149,152.96481,QLD,Wide Bay,Inner Regional Australia
4562,-26.50586,152.80309,QLD,Wide Bay,Inner Regional Australia
4563,-26.42575,152.90921,QLD,Wide Bay,Inner Regional Australia
4564,-26.61236,153.07924,QLD,Sunshine Coast,Major Cities of Australia
4565,-26.16751,153.04251,QLD,Wide Bay,Inner Regional Australia
4566,-26.41173,153.04742,QLD,Sunshine Coast,Major Cities of Australia
4567,-26.4086,153.09696,QLD,Sunshine Coast,Major Cities of Australia
4568,-26.31399,152.87661,QLD,Wide Bay,Inner Regional Australia
4569,-26.33457,152.82284,QLD,Wide Bay,Inner Regional Australia
4570,-26.15383,152.61694,QLD,Wide Bay,Outer Regional Australia
4571,-26.21974,152.93188,QLD,Wide Bay,Inner Regional Australia
4572,-26.67159,153.102,QLD,Sunshine Coast,Major Cities of Australia
4573,-26.51419,153.06857,QLD,Sunshine Coast,Major Cities of Australia
4574,-26.63037,152.76113,QLD,Wide Bay,Inner Regional Australia
4575,-26.74204,153.11948,QLD,Sunshine Coast,Major Cities of Australia
4580,-25.891,152.92899,QLD,Wide Bay,Inner Regional Australia
4581,-25.84163,153.10744,QLD,Wide Bay,Remote Australia
4600,-26.0551,152.22108,QLD,Wide Bay,Outer Regional Australia
4601,-26.145,152.01241,QLD,Wide Bay,Outer Regional Australia
4605,-26.117,151.87697,QLD,Wide Bay,Outer Regional Australia
4606,-26.26117,151.82308,QLD,Wide Bay,Outer Regional Australia
4608,-26.35256,151.74134,QLD,Wide Bay,Outer Regional Australia
4610,-26.5769,151.52257,QLD,Wide Bay,Outer Regional Australia
4611,-26.17672,151.77601,QLD,Wide Bay,Outer Regional Australia
4612,-26.00464,151.58981,QLD,Wide Bay,Outer Regional Australia
4613,-26.27977,151.3389,QLD,Wide Bay,Outer Regional Australia
4614,-26.84833,151.96467,QLD,Wide Bay,Outer Regional Australia
4615,-26.65956,152.01043,QLD,Wide Bay,Outer Regional Australia
4620,-25.55705,152.28087,QLD,Wide Bay,Outer Regional Australia
4621,-25.53583,152.0428,QLD,Wide Bay,Outer Regional Australia
4625,-25.56762,151.64853,QLD,Wide Bay,Outer Regional Australia
4626,-25.75828,151.12293,QLD,Wide Bay,Outer Regional Australia
4627,-25.35018,150.77866,QLD,Wide Bay,Remote Australia
4630,-24.86067,150.9755,QLD,Wide Bay,Remote Australia
4650,-25.64189,152.7858,QLD,Wide Bay,Outer Regional Australia
4655,-25.33984,152.79231,QLD,Wide Bay,Remote Australia
4659,-25.26628,152.56868,QLD,Wide Bay,Inner Regional Australia
4660,-25.1893,152.30097,QLD,Wide Bay,Inner Regional Australia
4662,-25.34721,152.59878,QLD,Wide Bay,Inner Regional Australia
4670,-24.87955,152.29274,QLD,Wide Bay,Outer Regional Australia
4671,-25.07653,151.78638,QLD,Wide Bay,Outer Regional Australia
4673,-24.72964,152.08882,QLD,Wide Bay,Outer Regional Australia
4674,-24.6885,151.87253,QLD,Wide Bay,Outer Regional Australia
4676,-24.63232,151.62196,QLD,Wide Bay,Outer Regional Australia
4677,-24.31847,151.72774,QLD,Wide Bay,Outer Regional Australia
4678,-24.1469,151.63429,QLD,Wide Bay,Outer Regional Australia
4680,-23.47847,151.86616,QLD,Wide Bay,Remote Australia
4694,-23.8067,151.11578,QLD,Wide Bay,Outer Regional Australia
4695,-23.80712,150.96586,QLD,Wide Bay,Outer Regional Australia
4697,-23.71136,150.81952,QLD,Wide Bay,Outer Regional Australia
4699,-23.65789,150.64317,QLD,Wide Bay,Outer Regional Australia
4700,-23.18017,150.95811,QLD,Wide Bay,Remote Australia
4701,-23.35594,150.55565,QLD,Wide Bay,Inner Regional Australia
4702,-23.43826,150.67772,QLD,Townsville,Very Remote Australia
4703,-23.07456,150.89433,QLD,Wide Bay,Outer Regional Australia
4704,-23.13574,150.38116,QLD,Wide Bay,Outer Regional Australia
4705,-22.77175,149.71921,QLD,Wide Bay,Remote Australia
4706,-22.58087,149.67538,QLD,Wide Bay,Remote Australia
4707,-22.51501,149.23551,QLD,Townsville,Very Remote Australia
4709,-23.05965,148.42916,QLD,Wide Bay,Remote Australia
4710,-23.25722,150.82635,QLD,Wide Bay,Inner Regional Australia
4711,-23.25253,150.47623,QLD,Wide Bay,Inner Regional Australia
4712,-23.69521,149.67373,QLD,Wide Bay,Outer Regional Australia
4713,-24.11414,149.43096,QLD,Wide Bay,Remote Australia
4714,-23.66268,150.39491,QLD,Wide Bay,Inner Regional Australia
4715,-24.39362,150.45869,QLD,Wide Bay,Outer Regional Australia
4716,-24.48347,150.80605,QLD,Wide Bay,Outer Regional Australia
4717,-23.63282,148.89133,QLD,Wide Bay,Outer Regional Australia
4718,-24.67505,149.61503,QLD,Wide Bay,Remote Australia
4719,-24.99957,150.21377,QLD,Wide Bay,Remote Australia
4720,-23.63223,148.17893,QLD,Wide Bay,Remote Australia
4721,-22.55462,147.32155,QLD,Townsville,Very Remote Australia
4722,-24.34076,147.79774,QLD,Townsville,Very Remote Australia
4723,-23.03136,148.13829,QLD,Wide Bay,Remote Australia
4724,-23.63326,146.76924,QLD,Townsville,Very Remote Australia
4725,-23.65767,145.17287,QLD,Townsville,Very Remote Australia
4726,-22.54183,145.54798,QLD,Townsville,Very Remote Australia
4727,-23.51564,144.61698,QLD,Townsville,Very Remote Australia
4728,-23.14546,146.10519,QLD,Townsville,Very Remote Australia
4730,-23.78437,143.45201,QLD,Townsville,Very Remote Australia
4731,-24.69589,144.24817,QLD,Townsville,Very Remote Australia
4732,-22.4112,144.56633,QLD,Townsville,Very Remote Australia
4733,-21.77123,143.50303,QLD,Townsville,Very Remote Australia
4735,-22.81058,141.86177,QLD,Townsville,Very Remote Australia
4736,-24.93661,143.10313,QLD,Townsville,Very Remote Australia
4737,-21.43004,149.17807,QLD,Wide Bay,Outer Regional Australia
4738,-21.62224,149.26745,QLD,Wide Bay,Outer Regional Australia
4739,-21.93057,149.39505,QLD,Wide Bay,Remote Australia
4740,-21.35031,149.10047,QLD,Wide Bay,Outer Regional Australia
4741,-20.8086,149.2717,QLD,Wide Bay,Remote Australia
4742,-21.72803,148.57204,QLD,Wide Bay,Remote Australia
4743,-21.45373,147.90699,QLD,Wide Bay,Remote Australia
4744,-22.01839,148.04513,QLD,Wide Bay,Outer Regional Australia
4745,-22.49788,148.25959,QLD,Wide Bay,Remote Australia
4746,-22.85194,148.85093,QLD,Wide Bay,Remote Australia
4750,-21.04257,149.15228,QLD,Wide Bay,Inner Regional Australia
4751,-21.22186,149.0407,QLD,Wide Bay,Outer Regional Australia
4753,-21.16902,148.95255,QLD,Wide Bay,Outer Regional Australia
4754,-21.18806,148.83276,QLD,Wide Bay,Outer Regional Australia
4756,-21.12633,148.60968,QLD,Wide Bay,Outer Regional Australia
4757,-21.05427,148.50081,QLD,Wide Bay,Outer Regional Australia
4798,-20.88991,148.73779,QLD,Wide Bay,Outer Regional Australia
4799,-20.72042,148.62201,QLD,Wide Bay,Outer Regional Australia
4800,-20.45579,148.51547,QLD,Wide Bay,Outer Regional Australia
4801,-20.0533,148.88717,QLD,,
4802,-20.27107,148.98904,QLD,Townsville,Very Remote Australia
4803,-20.35407,148.95882,QLD,,
4804,-20.86795,147.51846,QLD,Wide Bay,Remote Australia
4805,-20.01661,148.45799,QLD,Wide Bay,Remote Australia
4806,-19.85103,147.4273,QLD,Wide Bay,Outer Regional Australia
4807,-19.89437,147.15793,QLD,Wide Bay,Remote Australia
4808,-19.51007,147.3044,QLD,Wide Bay,Outer Regional Australia
4809,-19.53085,147.13982,QLD,Wide Bay,Outer Regional Australia
4810,-19.2262,146.76579,QLD,Wide Bay,Outer Regional Australia
4811,-19.32311,146.84033,QLD,Wide Bay,Outer Regional Australia
4812,-19.28663,146.78772,QLD,Wide Bay,Outer Regional Australia
4813,-19.33893,146.78637,QLD,,
4814,-19.28582,146.75474,QLD,Wide Bay,Outer Regional Australia
4815,-19.4035,146.69172,QLD,Wide Bay,Outer Regional Australia
4816,-19.73859,146.7704,QLD,Townsville,Very Remote Australia
4817,-19.3105,146.65231,QLD,Wide Bay,Remote Australia
4818,-19.24032,146.55897,QLD,Wide Bay,Outer Regional Australia
4819,-19.13956,146.83501,QLD,Wide Bay,Outer Regional Australia
4820,-20.29437,146.2697,QLD,Townsville,Very Remote Australia
4821,-20.88493,144.2076,QLD,Townsville,Very Remote Australia
4822,-20.5955,142.96453,QLD,Townsville,Very Remote Australia
4823,-19.21447,141.24375,QLD,Townsville,Very Remote Australia
4824,-20.76831,140.63413,QLD,Townsville,Very Remote Australia
4825,-20.95642,137.70597,QLD,Northern Territory - Outback,Very Remote Australia
4828,-19.54375,138.35072,QLD,Townsville,Very Remote Australia
4829,-23.32994,140.22124,QLD,Townsville,Very Remote Australia
4830,-17.81476,138.87976,QLD,Townsville,Very Remote Australia
4849,-18.26565,146.02793,QLD,Townsville,Very Remote Australia
4850,-18.56317,146.48882,QLD,Wide Bay,Remote Australia
4852,-17.83992,146.09889,QLD,Wide Bay,Remote Australia
4854,-18.01755,145.84275,QLD,Wide Bay,Remote Australia
4855,-17.81219,146.01211,QLD,Wide Bay,Outer Regional Australia
4856,-17.74267,145.9391,QLD,Wide Bay,Outer Regional Australia
4857,-17.74886,146.05918,QLD,,
4858,-17.62258,146.07881,QLD,Wide Bay,Outer Regional Australia
4859,-17.60361,145.95776,QLD,Wide Bay,Outer Regional Australia
4860,-17.52174,145.89438,QLD,Wide Bay,Outer Regional Australia
4861,-17.35282,145.87217,QLD,Wide Bay,Outer Regional Australia
4865,-17.0782,145.79142,QLD,Wide Bay,Outer Regional Australia
4868,-16.97975,145.73182,QLD,Wide Bay,Outer Regional Australia
4869,-17.02559,145.73042,QLD,Wide Bay,Outer Regional Australia
4870,-16.92621,145.73881,QLD,Wide Bay,Outer Regional Australia
4871,-17.04604,145.72407,QLD,Townsville,Very Remote Australia
4872,-17.99833,145.10857,QLD,Townsville,Very Remote Australia
4873,-16.24578,145.30525,QLD,Wide Bay,Remote Australia
4874,-12.41308,142.37426,QLD,Townsville,Very Remote Australia
4875,-9.5849,143.76921,QLD,Townsville,Very Remote Australia
4876,-11.18831,142.47086,QLD,Townsville,Very Remote Australia
4877,-16.53529,145.4676,QLD,Wide Bay,Outer Regional Australia
4878,-16.83938,145.71153,QLD,Wide Bay,Outer Regional Australia
4879,-16.78978,145.66647,QLD,Wide Bay,Outer Regional Australia
4880,-16.99201,145.34566,QLD,Wide Bay,Outer Regional Australia
4881,-17.14362,145.47095,QLD,Wide Bay,Outer Regional Australia
4882,-17.20252,145.47284,QLD,Wide Bay,Outer Regional Australia
4883,-17.33327,145.47666,QLD,Wide Bay,Outer Regional Australia
4884,-17.27222,145.65142,QLD,Wide Bay,Outer Regional Australia
4885,-17.38419,145.62414,QLD,Wide Bay,Outer Regional Australia
4886,-17.53568,145.63379,QLD,Wide Bay,Outer Regional Australia
4887,-17.39644,145.38805,QLD,Wide Bay,Outer Regional Australia
4888,-17.49934,145.49105,QLD,Wide Bay,Remote Australia
4890,-17.74187,141.18506,QLD,Townsville,Very Remote Australia
4891,-17.44738,140.92883,QLD,Townsville,Very Remote Australia
4892,-14.6604,143.3735,QLD,Townsville,Very Remote Australia
4895,-16.07163,145.26785,QLD,Townsville,Very Remote Australia
5000,-34.93646,138.60776,SA,Adelaide - West,Major Cities of Australia
5001,-34.9285,138.60075,SA,,
5005,-34.9194,138.60351,SA,,
5006,-34.91152,138.5845,SA,Adelaide - West,Major Cities of Australia
5007,-34.90326,138.56787,SA,Adelaide - West,Major Cities of Australia
5008,-34.88751,138.55941,SA,Adelaide - West,Major Cities of Australia
5009,-34.89691,138.54249,SA,Adelaide - West,Major Cities of Australia
5010,-34.8575,138.55832,SA,Adelaide - West,Major Cities of Australia
5011,-34.88027,138.53072,SA,Adelaide - West,Major Cities of Australia
5012,-34.86303,138.54164,SA,Adelaide - West,Major Cities of Australia
5013,-34.84198,138.55345,SA,Adelaide - West,Major Cities of Australia
5014,-34.86475,138.50925,SA,Adelaide - West,Major Cities of Australia
5015,-34.81911,138.5203,SA,Adelaide - West,Major Cities of Australia
5016,-34.82452,138.4938,SA,Adelaide - West,Major Cities of Australia
5017,-34.80649,138.49813,SA,Adelaide - West,Major Cities of Australia
5018,-34.77906,138.49958,SA,Adelaide - West,Major Cities of Australia
5019,-34.84771,138.47705,SA,Adelaide - West,Major Cities of Australia
5020,-34.86732,138.48164,SA,Adelaide - West,Major Cities of Australia
5021,-34.86628,138.49291,SA,Adelaide - West,Major Cities of Australia
5022,-34.90546,138.49264,SA,Adelaide - West,Major Cities of Australia
5023,-34.90073,138.51199,SA,Adelaide - West,Major Cities of Australia
5024,-34.94883,138.50605,SA,Adelaide - West,Major Cities of Australia
5025,-34.91238,138.52957,SA,Adelaide - West,Major Cities of Australia
5031,-34.93693,138.57087,SA,Adelaide - West,Major Cities of Australia
5032,-34.93573,138.54436,SA,Adelaide - West,Major Cities of Australia
5033,-34.93886,138.55845,SA,Adelaide - West,Major Cities of Australia
5034,-34.95623,138.58811,SA,Adelaide - West,Major Cities of Australia
5035,-34.95208,138.57519,SA,Adelaide - West,Major Cities of Australia
5037,-34.9574,138.54583,SA,Adelaide - West,Major Cities of Australia
5038,-34.96805,138.54837,SA,Adelaide - West,Major Cities of Australia
5039,-34.97626,138.57074,SA,Adelaide - West,Major Cities of Australia
5040,-34.96308,138.52741,SA,Adelaide - West,Major Cities of Australia
5041,-35.00298,138.59418,SA,Adelaide - West,Major Cities of Australia
5042,-35.00774,138.57435,SA,Adelaide - West,Major Cities of Australia
5043,-35.00549,138.55385,SA,Adelaide - West,Major Cities of Australia
5044,-35.00121,138.51631,SA,Adelaide - West,Major Cities of Australia
5045,-34.97712,138.51697,SA,Adelaide - West,Major Cities of Australia
5046,-35.00379,138.53543,SA,Adelaide - West,Major Cities of Australia
5047,-35.0307,138.54657,SA,Adelaide - West,Major Cities of Australia
5048,-35.01742,138.52046,SA,Adelaide - West,Major Cities of Australia
5049,-35.04539,138.52272,SA,Adelaide - West,Major Cities of Australia
5050,-35.02631,138.60127,SA,Adelaide - West,Major Cities of Australia
5051,-35.03377,138.62041,SA,Adelaide - West,Major Cities of Australia
5052,-35.00389,138.61868,SA,Adelaide - West,Major Cities of Australia
5061,-34.9572,138.60648,SA,Adelaide - West,Major Cities of Australia
5062,-35.00406,138.60239,SA,Adelaide - West,Major Cities of Australia
5063,-34.95432,138.62148,SA,Adelaide - West,Major Cities of Australia
5064,-34.96319,138.64918,SA,Adelaide - West,Major Cities of Australia
5065,-34.94036,138.63397,SA,Adelaide - West,Major Cities of Australia
5066,-34.94096,138.66029,SA,Adelaide - West,Major Cities of Australia
5067,-34.91998,138.63057,SA,Adelaide - West,Major Cities of Australia
5068,-34.9226,138.655,SA,Adelaide - West,Major Cities of Australia
5069,-34.9076,138.62353,SA,Adelaide - West,Major Cities of Australia
5070,-34.9005,138.64217,SA,Adelaide - West,Major Cities of Australia
5071,-34.92291,138.62301,SA,,
5072,-34.91208,138.69611,SA,Adelaide - West,Major Cities of Australia
5073,-34.89528,138.68315,SA,Adelaide - West,Major Cities of Australia
5074,-34.88423,138.66927,SA,Adelaide - West,Major Cities of Australia
5075,-34.86133,138.67525,SA,Adelaide - West,Major Cities of Australia
5076,-34.87384,138.70368,SA,South Australia - South East,Inner Regional Australia
5081,-34.89142,138.61767,SA,Adelaide - West,Major Cities of Australia
5082,-34.88602,138.58708,SA,Adelaide - West,Major Cities of Australia
5083,-34.87936,138.60993,SA,Adelaide - West,Major Cities of Australia
5084,-34.86441,138.5816,SA,Adelaide - West,Major Cities of Australia
5085,-34.85719,138.61535,SA,Adelaide - West,Major Cities of Australia
5086,-34.85425,138.64344,SA,Adelaide - West,Major Cities of Australia
5087,-34.87699,138.63771,SA,Adelaide - West,Major Cities of Australia
5088,-34.84714,138.67378,SA,Adelaide - West,Major Cities of Australia
5089,-34.85105,138.72449,SA,Adelaide - West,Major Cities of Australia
5090,-34.84335,138.70463,SA,Adelaide - West,Major Cities of Australia
5091,-34.82261,138.73557,SA,Adelaide - West,Major Cities of Australia
5092,-34.82132,138.68023,SA,Adelaide - West,Major Cities of Australia
5093,-34.83977,138.65797,SA,Adelaide - West,Major Cities of Australia
5094,-34.80274,138.58151,SA,Adelaide - West,Major Cities of Australia
5095,-34.82068,138.6199,SA,Adelaide - West,Major Cities of Australia
5096,-34.79855,138.64469,SA,Adelaide - West,Major Cities of Australia
5097,-34.81961,138.70726,SA,Adelaide - West,Major Cities of Australia
5098,-34.8296,138.63895,SA,Adelaide - West,Major Cities of Australia
5106,-34.79317,138.62946,SA,Adelaide - West,Major Cities of Australia
5107,-34.78445,138.60987,SA,Adelaide - West,Major Cities of Australia
5108,-34.76155,138.61884,SA,Adelaide - West,Major Cities of Australia
5109,-34.77446,138.66233,SA,Adelaide - West,Major Cities of Australia
5110,-34.72213,138.56504,SA,South Australia - South East,Inner Regional Australia
5111,-34.71295,138.63531,SA,Adelaide - West,Major Cities of Australia
5112,-34.72623,138.66662,SA,Adelaide - West,Major Cities of Australia
5113,-34.70271,138.67263,SA,Adelaide - West,Major Cities of Australia
5114,-34.71868,138.75425,SA,South Australia - South East,Inner Regional Australia
5115,-34.66949,138.6817,SA,Adelaide - West,Major Cities of Australia
5116,-34.62278,138.72406,SA,Adelaide - West,Major Cities of Australia
5117,-34.64127,138.63654,SA,Adelaide - West,Major Cities of Australia
5118,-34.58465,138.7074,SA,South Australia - South East,Inner Regional Australia
5120,-34.66855,138.5079,SA,South Australia - South East,Inner Regional Australia
5121,-34.68295,138.62481,SA,Adelaide - West,Major Cities of Australia
5125,-34.77323,138.73873,SA,Adelaide - West,Major Cities of Australia
5126,-34.79341,138.72495,SA,Adelaide - West,Major Cities of Australia
5127,-34.79668,138.67466,SA,Adelaide - West,Major Cities of Australia
5131,-34.79529,138.75811,SA,South Australia - South East,Inner Regional Australia
5132,-34.85732,138.75703,SA,South Australia - South East,Inner Regional Australia
5133,-34.81093,138.77698,SA,South Australia - South East,Inner Regional Australia
5134,-34.89186,138.76055,SA,South Australia - South East,Inner Regional Australia
5136,-34.92112,138.73511,SA,Adelaide - West,Major Cities of Australia
5137,-34.94578,138.73596,SA,South Australia - South East,Inner Regional Australia
5138,-34.93491,138.76859,SA,South Australia - South East,Inner Regional Australia
5139,-34.92484,138.7887,SA,South Australia - South East,Inner Regional Australia
5140,-34.93924,138.7102,SA,Adelaide - West,Major Cities of Australia
5141,-34.95732,138.72242,SA,Adelaide - West,Major Cities of Australia
5142,-34.96081,138.74022,SA,Adelaide - West,Major Cities of Australia
5144,-34.9685,138.76903,SA,South Australia - South East,Inner Regional Australia
5150,-35.01089,138.65494,SA,Adelaide - West,Major Cities of Australia
5151,-34.97428,138.7239,SA,Adelaide - West,Major Cities of Australia
5152,-34.9984,138.70396,SA,Adelaide - West,Major Cities of Australia
5153,-35.09834,138.76143,SA,South Australia - South East,Inner Regional Australia
5154,-35.02325,138.73592,SA,Adelaide - West,Major Cities of Australia
5155,-35.02008,138.75673,SA,South Australia - South East,Inner Regional Australia
5156,-35.03019,138.6567,SA,Adelaide - West,Major Cities of Australia
5157,-35.14349,138.63312,SA,South Australia - South East,Inner Regional Australia
5158,-35.08201,138.51928,SA,Adelaide - West,Major Cities of Australia
5159,-35.06171,138.6039,SA,South Australia - South East,Inner Regional Australia
5160,-35.11012,138.50172,SA,Adelaide - West,Major Cities of Australia
5161,-35.09638,138.51565,SA,Adelaide - West,Major Cities of Australia
5162,-35.11212,138.56522,SA,Adelaide - West,Major Cities of Australia
5163,-35.1508,138.54621,SA,Adelaide - West,Major Cities of Australia
5164,-35.12482,138.50036,SA,Adelaide - West,Major Cities of Australia
5165,-35.13739,138.47509,SA,Adelaide - West,Major Cities of Australia
5166,-35.11825,138.47683,SA,Adelaide - West,Major Cities of Australia
5167,-35.16687,138.48121,SA,Adelaide - West,Major Cities of Australia
5168,-35.14974,138.49632,SA,Adelaide - West,Major Cities of Australia
5169,-35.19421,138.47796,SA,Adelaide - West,Major Cities of Australia
5170,-35.23727,138.47894,SA,Adelaide - West,Major Cities of Australia
5171,-35.19648,138.55344,SA,South Australia - South East,Inner Regional Australia
5172,-35.28775,138.55517,SA,South Australia - South East,Inner Regional Australia
5173,-35.29057,138.47,SA,Adelaide - West,Major Cities of Australia
5174,-35.33057,138.47117,SA,South Australia - South East,Inner Regional Australia
5201,-35.20787,138.71803,SA,South Australia - South East,Inner Regional Australia
5202,-35.38602,138.50592,SA,South Australia - South East,Inner Regional Australia
5203,-35.45084,138.38813,SA,South Australia - South East,Inner Regional Australia
5204,-35.57216,138.32457,SA,South Australia - South East,Inner Regional Australia
5210,-35.38771,138.65568,SA,South Australia - South East,Inner Regional Australia
5211,-35.5637,138.61944,SA,South Australia - South East,Inner Regional Australia
5212,-35.5208,138.66878,SA,South Australia - South East,Inner Regional Australia
5213,-35.50062,138.71019,SA,South Australia - South East,Inner Regional Australia
5214,-35.49121,138.83481,SA,South Australia - South East,Inner Regional Australia
5220,-35.74496,137.23675,SA,South Australia - South East,Remote Australia
5221,-35.79378,137.72022,SA,South Australia - South East,Remote Australia
5222,-35.80312,137.92009,SA,South Australia - South East,Remote Australia
5223,-35.78616,137.53965,SA,South Australia - South East,Remote Australia
5231,-34.80293,138.82719,SA,South Australia - South East,Inner Regional Australia
5232,-34.85545,138.81596,SA,South Australia - South East,Inner Regional Australia
5233,-34.84383,138.88589,SA,South Australia - South East,Inner Regional Australia
5234,-34.80514,138.96607,SA,South Australia - South East,Inner Regional Australia
5235,-34.68801,139.07815,SA,South Australia - South East,Inner Regional Australia
5236,-34.82943,139.0517,SA,South Australia - South East,Inner Regional Australia
5237,-34.82311,139.19187,SA,South Australia - South East,Inner Regional Australia
5238,-34.86489,139.48456,SA,South Australia - South East,Outer Regional Australia
5240,-34.90691,138.81528,SA,South Australia - South East,Inner Regional Australia
5241,-34.89717,138.86436,SA,South Australia - South East,Inner Regional Australia
5242,-34.99842,138.81913,SA,South Australia - South East,Inner Regional Australia
5243,-34.96322,138.82816,SA,South Australia - South East,Inner Regional Australia
5244,-34.93866,138.94638,SA,South Australia - South East,Inner Regional Australia
5245,-35.03159,138.79997,SA,South Australia - South East,Inner Regional Australia
5250,-35.04361,138.86191,SA,Adelaide - West,Major Cities of Australia
5251,-35.08506,138.89115,SA,South Australia - South East,Inner Regional Australia
5252,-35.05009,138.94587,SA,South Australia - South East,Inner Regional Australia
5253,-35.11153,139.27622,SA,South Australia - South East,Inner Regional Australia
5254,-35.08072,139.38978,SA,South Australia - South East,Inner Regional Australia
5255,-35.24854,138.97586,SA,South Australia - South East,Inner Regional Australia
5256,-35.48868,139.01364,SA,South Australia - South East,Inner Regional Australia
5259,-35.51442,139.24436,SA,South Australia - South East,Outer Regional Australia
5260,-35.25872,139.52956,SA,South Australia - South East,Inner Regional Australia
5261,-35.59601,139.93516,SA,South Australia - South East,Outer Regional Australia
5262,-36.78052,140.90454,SA,South Australia - South East,Outer Regional Australia
5263,-37.30704,140.83844,SA,South Australia - South East,Outer Regional Australia
5264,-35.66995,139.27574,SA,South Australia - South East,Remote Australia
5265,-35.71882,139.74342,SA,South Australia - South East,Outer Regional Australia
5266,-35.90284,139.81554,SA,South Australia - South East,Outer Regional Australia
5267,-36.08425,140.34237,SA,South Australia - South East,Remote Australia
5268,-36.18938,140.7882,SA,South Australia - South East,Remote Australia
5269,-36.38927,140.84258,SA,South Australia - South East,Outer Regional Australia
5270,-36.40769,140.5956,SA,South Australia - South East,Outer Regional Australia
5271,-36.87936,140.64709,SA,South Australia - South East,Remote Australia
5272,-37.16286,140.3218,SA,South Australia - South East,Outer Regional Australia
5273,-36.94259,140.24606,SA,South Australia - South East,Remote Australia
5275,-36.61323,139.93713,SA,South Australia - South East,Remote Australia
5276,-37.21415,139.91738,SA,South Australia - South East,Outer Regional Australia
5277,-37.40971,140.81827,SA,South Australia - South East,Outer Regional Australia
5278,-37.50556,140.67615,SA,South Australia - South East,Outer Regional Australia
5279,-37.57469,140.46249,SA,South Australia - South East,Outer Regional Australia
5280,-37.50606,140.3045,SA,South Australia - South East,Outer Regional Australia
5290,-37.83984,140.76454,SA,South Australia - South East,Outer Regional Australia
5291,-37.9227,140.72431,SA,South Australia - South East,Outer Regional Australia
5301,-35.45646,140.02354,SA,South Australia - South East,Outer Regional Australia
5302,-35.57951,140.32532,SA,South Australia - South East,Remote Australia
5303,-35.19138,140.68532,SA,South Australia - South East,Remote Australia
5304,-35.42638,140.74476,SA,South Australia - South East,Remote Australia
5306,-35.0968,139.69089,SA,South Australia - South East,Outer Regional Australia
5307,-35.03756,140.24215,SA,South Australia - South East,Remote Australia
5308,-34.62713,140.05065,SA,South Australia - South East,Outer Regional Australia
5309,-34.85067,140.11439,SA,South Australia - South East,Outer Regional Australia
5310,-34.79483,140.36731,SA,South Australia - South East,Outer Regional Australia
5311,-34.68935,140.73125,SA,South Australia - South East,Outer Regional Australia
5320,-34.005,139.6235,SA,South Australia - South East,Remote Australia
5321,-34.0485,139.77071,SA,South Australia - South East,Outer Regional Australia
5322,-34.17788,139.95594,SA,South Australia - South East,Outer Regional Australia
5330,-33.97265,140.02949,SA,South Australia - South East,Remote Australia
5331,-34.21707,140.3182,SA,South Australia - South East,Outer Regional Australia
5332,-34.2511,140.28104,SA,South Australia - South East,Outer Regional Australia
5333,-34.47278,140.63364,SA,South Australia - South East,Outer Regional Australia
5340,-34.19562,140.80011,SA,South Australia - South East,Remote Australia
5341,-33.77509,140.73375,SA,South Australia - South East,Remote Australia
5342,-34.2403,140.55187,SA,South Australia - South East,Outer Regional Australia
5343,-34.32129,140.55618,SA,South Australia - South East,Outer Regional Australia
5344,-34.28534,140.51443,SA,South Australia - South East,Outer Regional Australia
5345,-34.18703,140.45451,SA,South Australia - South East,Outer Regional Australia
5346,-34.25001,140.3972,SA,South Australia - South East,Outer Regional Australia
5350,-34.5509,138.83423,SA,South Australia - South East,Inner Regional Australia
5351,-34.6409,138.88648,SA,South Australia - South East,Inner Regional Australia
5352,-34.54704,138.95954,SA,South Australia - South East,Inner Regional Australia
5353,-34.57894,139.36998,SA,South Australia - South East,Outer Regional Australia
5354,-34.54122,139.62268,SA,South Australia - South East,Outer Regional Australia
5355,-34.44397,139.00789,SA,South Australia - South East,Inner Regional Australia
5356,-34.3728,139.28108,SA,South Australia - South East,Outer Regional Australia
5357,-34.33498,139.54088,SA,South Australia - South East,Outer Regional Australia
5360,-34.44681,138.89795,SA,South Australia - South East,Inner Regional Australia
5371,-34.49233,138.76303,SA,South Australia - South East,Inner Regional Australia
5372,-34.43592,138.79855,SA,South Australia - South East,Inner Regional Australia
5373,-34.30301,138.93034,SA,South Australia - South East,Inner Regional Australia
5374,-34.15248,139.12488,SA,South Australia - South East,Outer Regional Australia
5381,-33.9561,139.13215,SA,South Australia - South East,Outer Regional Australia
5400,-34.45754,138.68003,SA,South Australia - South East,Inner Regional Australia
5401,-34.29774,138.65987,SA,South Australia - South East,Inner Regional Australia
5410,-34.36682,138.76833,SA,South Australia - South East,Inner Regional Australia
5411,-34.25636,138.77235,SA,South Australia - South East,Inner Regional Australia
5412,-34.18289,138.77527,SA,South Australia - South East,Inner Regional Australia
5413,-34.08028,138.88346,SA,South Australia - South East,Outer Regional Australia
5414,-33.94943,138.77366,SA,South Australia - South East,Inner Regional Australia
5415,-33.94268,138.72288,SA,South Australia - South East,Outer Regional Australia
5416,-33.81406,138.83666,SA,South Australia - South East,Outer Regional Australia
5417,-33.46741,139.86582,SA,South Australia - South East,Remote Australia
5418,-33.35733,139.14383,SA,South Australia - South East,Outer Regional Australia
5419,-33.39774,138.89334,SA,South Australia - South East,Outer Regional Australia
5420,-33.25259,138.96123,SA,South Australia - South East,Outer Regional Australia
5421,-33.13467,138.98583,SA,South Australia - South East,Outer Regional Australia
5422,-32.93984,138.80379,SA,South Australia - South East,Remote Australia
5431,-32.27837,138.86895,SA,South Australia - South East,Remote Australia
5432,-32.07238,138.77479,SA,South Australia - South East,Remote Australia
5433,-32.23141,138.0799,SA,South Australia - South East,Remote Australia
5434,-31.63812,138.75799,SA,South Australia - South East,Remote Australia
5440,-32.08988,140.15343,SA,South Australia - Outback,Very Remote Australia
5451,-34.09223,138.62088,SA,South Australia - South East,Inner Regional Australia
5452,-33.96945,138.65278,SA,South Australia - South East,Inner Regional Australia
5453,-33.80293,138.58268,SA,South Australia - South East,Outer Regional Australia
5454,-33.48615,138.61607,SA,South Australia - South East,Outer Regional Australia
5455,-33.67395,138.63347,SA,South Australia - South East,Outer Regional Australia
5460,-34.31243,138.51797,SA,South Australia - South East,Inner Regional Australia
5461,-34.09531,138.44446,SA,South Australia - South East,Outer Regional Australia
5462,-33.89638,138.43015,SA,South Australia - South East,Outer Regional Australia
5464,-33.67642,138.39411,SA,South Australia - South East,Outer Regional Australia
5470,-33.57538,138.48268,SA,South Australia - South East,Outer Regional Australia
5471,-33.47611,138.42432,SA,South Australia - South East,Outer Regional Australia
5472,-33.38723,138.41029,SA,South Australia - South East,Outer Regional Australia
5473,-33.25713,138.35128,SA,South Australia - South East,Outer Regional Australia
5480,-33.12575,138.31983,SA,South Australia - South East,Outer Regional Australia
5481,-33.01245,138.23972,SA,South Australia - South East,Outer Regional Australia
5482,-32.8422,138.35735,SA,South Australia - South East,Outer Regional Australia
5483,-32.8863,138.12371,SA,South Australia - South East,Outer Regional Australia
5485,-32.54638,138.20704,SA,South Australia - South East,Outer Regional Australia
5490,-33.14738,138.45191,SA,South Australia - South East,Outer Regional Australia
5491,-33.21714,138.59212,SA,South Australia - South East,Outer Regional Australia
5493,-33.01503,138.7466,SA,South Australia - South East,Outer Regional Australia
5495,-32.95255,137.97132,SA,South Australia - South East,Outer Regional Australia
5501,-34.59507,138.548,SA,South Australia - South East,Inner Regional Australia
5502,-34.50554,138.57071,SA,South Australia - South East,Inner Regional Australia
5510,-33.9491,138.18899,SA,South Australia - South East,Outer Regional Australia
5520,-33.76911,138.12018,SA,South Australia - South East,Outer Regional Australia
5521,-33.56755,138.21004,SA,South Australia - South East,Outer Regional Australia
5522,-33.57819,138.00332,SA,South Australia - South East,Outer Regional Australia
5523,-33.37189,138.14008,SA,South Australia - South East,Outer Regional Australia
5540,-33.21712,138.06662,SA,South Australia - South East,Outer Regional Australia
5550,-34.09304,138.24379,SA,South Australia - South East,Outer Regional Australia
5552,-34.07108,137.93411,SA,South Australia - South East,Outer Regional Australia
5554,-33.92961,137.7715,SA,South Australia - South East,Outer Regional Australia
5555,-33.65207,138.19348,SA,South Australia - South East,Outer Regional Australia
5556,-33.95085,137.61083,SA,South Australia - South East,Outer Regional Australia
5558,-34.10521,137.59845,SA,South Australia - South East,Outer Regional Australia
5560,-33.89505,138.03187,SA,South Australia - South East,Outer Regional Australia
5570,-34.27271,137.94535,SA,South Australia - South East,Outer Regional Australia
5571,-34.4981,137.82328,SA,South Australia - South East,Outer Regional Australia
5572,-34.23714,137.81253,SA,South Australia - South East,Outer Regional Australia
5573,-34.503,137.50567,SA,South Australia - South East,Outer Regional Australia
5575,-34.8201,137.54127,SA,South Australia - South East,Remote Australia
5576,-35.05077,137.56046,SA,South Australia - South East,Remote Australia
5577,-34.98078,137.25765,SA,South Australia - South East,Remote Australia
5580,-34.65316,137.78682,SA,South Australia - South East,Outer Regional Australia
5581,-34.78963,137.74883,SA,South Australia - South East,Outer Regional Australia
5582,-34.94231,137.73459,SA,South Australia - South East,Remote Australia
5583,-35.11791,137.79698,SA,South Australia - South East,Remote Australia
5600,-33.03634,137.27729,SA,South Australia - South East,Outer Regional Australia
5601,-32.93004,137.67451,SA,South Australia - South East,Outer Regional Australia
5602,-33.52395,136.8494,SA,South Australia - South East,Remote Australia
5603,-33.83121,136.49996,SA,South Australia - South East,Remote Australia
5604,-34.00333,136.30176,SA,South Australia - South East,Remote Australia
5605,-34.2583,136.15409,SA,South Australia - South East,Remote Australia
5606,-35.15671,136.51144,SA,South Australia - South East,Remote Australia
5607,-35.10076,136.37914,SA,South Australia - Outback,Very Remote Australia
5608,-33.03888,137.52679,SA,South Australia - South East,Outer Regional Australia
5609,-33.16758,137.39528,SA,South Australia - South East,Remote Australia
5611,-32.94219,137.02251,SA,South Australia - South East,Remote Australia
5630,-34.42022,135.64085,SA,South Australia - South East,Remote Australia
5631,-34.28578,135.66453,SA,South Australia - South East,Remote Australia
5632,-34.07109,135.62348,SA,South Australia - South East,Remote Australia
5633,-33.43813,135.625,SA,South Australia - South East,Remote Australia
5640,-33.60602,136.43766,SA,South Australia - South East,Remote Australia
5641,-33.05868,136.31106,SA,South Australia - South East,Remote Australia
5642,-33.55873,136.10317,SA,South Australia - South East,Remote Australia
5650,-33.15229,135.74015,SA,South Australia - Outback,Very Remote Australia
5651,-33.16961,135.52843,SA,South Australia - Outback,Very Remote Australia
5652,-33.0321,135.31245,SA,South Australia - Outback,Very Remote Australia
5653,-32.96799,135.22927,SA,South Australia - Outback,Very Remote Australia
5654,-32.86079,134.99083,SA,South Australia - Outback,Very Remote Australia
5655,-32.59267,135.00275,SA,South Australia - Outback,Very Remote Australia
5660,-32.56824,134.58621,SA,South Australia - Outback,Very Remote Australia
5661,-32.34937,134.59555,SA,South Australia - Outback,Very Remote Australia
5670,-33.40936,135.02078,SA,South Australia - Outback,Very Remote Australia
5671,-33.14494,134.60175,SA,South Australia - Outback,Very Remote Australia
5680,-32.68883,134.3921,SA,South Australia - Outback,Very Remote Australia
5690,-31.98642,133.25248,SA,South Australia - Outback,Very Remote Australia
5700,-32.6348,137.74925,SA,South Australia - South East,Remote Australia
5701,-32.5778,137.961,SA,South Australia - Outback,Very Remote Australia
5710,-27.46722,134.43004,SA,South Australia - South East,Outer Regional Australia
5713,-31.74887,137.63137,SA,South Australia - Outback,Very Remote Australia
5715,-32.32126,137.22395,SA,South Australia - Outback,Very Remote Australia
5717,-32.08566,135.90645,SA,South Australia - Outback,Very Remote Australia
5719,-30.69215,135.12624,SA,South Australia - Outback,Very Remote Australia
5720,-30.41707,136.42623,SA,South Australia - Outback,Very Remote Australia
5722,-30.71795,137.18278,SA,South Australia - Outback,Very Remote Australia
5723,-28.58052,135.01332,SA,South Australia - Outback,Very Remote Australia
5724,-27.25231,133.58521,SA,South Australia - Outback,Very Remote Australia
5725,-30.49654,136.72027,SA,South Australia - Outback,Very Remote Australia
5730,-31.01104,138.54634,SA,South Australia - Outback,Very Remote Australia
5731,-29.70006,139.3418,SA,South Australia - Outback,Very Remote Australia
5732,-30.53369,139.07844,SA,South Australia - Outback,Very Remote Australia
5733,-28.48074,138.42744,SA,South Australia - Outback,Very Remote Australia
5734,-26.78645,135.5077,SA,South Australia - Outback,Very Remote Australia
5800,-34.9285,138.60075,SA,,
5801,-34.9285,138.60075,SA,,
5810,-34.9285,138.60075,SA,,
5839,-34.9285,138.60075,SA,,
5942,-34.86002,138.56591,SA,,
5950,-34.94515,138.53018,SA,Adelaide - West,Major Cities of Australia
6000,-31.94876,115.85991,WA,Perth - South West,Major Cities of Australia
6001,-31.99212,115.76323,WA,,
6003,-31.93927,115.86914,WA,Perth - South West,Major Cities of Australia
6004,-31.95693,115.8746,WA,Perth - South West,Major Cities of Australia
6005,-31.95707,115.8369,WA,Perth - South West,Major Cities of Australia
6006,-31.92934,115.85291,WA,Perth - South West,Major Cities of Australia
6007,-31.93567,115.83433,WA,Perth - South West,Major Cities of Australia
6008,-31.9566,115.81143,WA,Perth - South West,Major Cities of Australia
6009,-31.98579,115.80469,WA,Perth - South West,Major Cities of Australia
6010,-31.97165,115.77639,WA,Perth - South West,Major Cities of Australia
6011,-31.99637,115.75765,WA,Perth - South West,Major Cities of Australia
6012,-32.01598,115.7634,WA,Perth - South West,Major Cities of Australia
6014,-31.93639,115.80817,WA,Perth - South West,Major Cities of Australia
6015,-31.93845,115.76468,WA,Perth - South West,Major Cities of Australia
6016,-31.92122,115.83118,WA,Perth - South West,Major Cities of Australia
6017,-31.90836,115.81456,WA,Perth - South West,Major Cities of Australia
6018,-31.89196,115.78682,WA,Perth - South West,Major Cities of Australia
6019,-31.90733,115.76918,WA,Perth - South West,Major Cities of Australia
6020,-31.8527,115.7654,WA,Perth - South West,Major Cities of Australia
6021,-31.87167,115.81193,WA,Perth - South West,Major Cities of Australia
6022,-31.852,115.80924,WA,Perth - South West,Major Cities of Australia
6023,-31.83447,115.77403,WA,Perth - South West,Major Cities of Australia
6024,-31.83489,115.80307,WA,Perth - South West,Major Cities of Australia
6025,-31.79583,115.75441,WA,Perth - South West,Major Cities of Australia
6026,-31.80171,115.79983,WA,Perth - South West,Major Cities of Australia
6027,-31.76335,115.7564,WA,Perth - South West,Major Cities of Australia
6028,-31.73372,115.74765,WA,Perth - South West,Major Cities of Australia
6029,-31.8769,115.75569,WA,Perth - South West,Major Cities of Australia
6030,-31.68734,115.71168,WA,Perth - South West,Major Cities of Australia
6031,-31.69254,115.77214,WA,Perth - South West,Major Cities of Australia
6032,-31.64323,115.74887,WA,Perth - South West,Major Cities of Australia
6033,-31.60911,115.71136,WA,Perth - South West,Major Cities of Australia
6034,-31.58561,115.66388,WA,Perth - South West,Major Cities of Australia
6035,-31.52472,115.7299,WA,Western Australia - Wheat Belt,Inner Regional Australia
6036,-31.64938,115.70986,WA,Perth - South West,Major Cities of Australia
6037,-31.48847,115.61611,WA,Western Australia - Wheat Belt,Inner Regional Australia
6038,-32.28915,115.72305,WA,Perth - South West,Major Cities of Australia
6041,-31.37967,115.56855,WA,Western Australia - Wheat Belt,Inner Regional Australia
6042,-31.25441,115.50862,WA,Western Australia - Wheat Belt,Inner Regional Australia
6043,-31.14176,115.42452,WA,Western Australia - Outback (South),Outer Regional Australia
6044,-30.97285,115.42466,WA,Western Australia - Outback (South),Outer Regional Australia
6050,-31.93057,115.87186,WA,Perth - South West,Major Cities of Australia
6051,-31.93811,115.89959,WA,Perth - South West,Major Cities of Australia
6052,-31.91546,115.88398,WA,Perth - South West,Major Cities of Australia
6053,-31.92086,115.91485,WA,Perth - South West,Major Cities of Australia
6054,-31.9018,115.94257,WA,Perth - South West,Major Cities of Australia
6055,-31.85176,115.98469,WA,Perth - South West,Major Cities of Australia
6056,-31.8384,116.0261,WA,Western Australia - Wheat Belt,Inner Regional Australia
6057,-31.94994,116.00424,WA,Perth - South West,Major Cities of Australia
6058,-31.98524,116.00669,WA,Perth - South West,Major Cities of Australia
6059,-31.88286,115.86173,WA,Perth - South West,Major Cities of Australia
6060,-31.90142,115.84258,WA,Perth - South West,Major Cities of Australia
6061,-31.86411,115.84348,WA,Perth - South West,Major Cities of Australia
6062,-31.88632,115.89088,WA,Perth - South West,Major Cities of Australia
6063,-31.86287,115.94001,WA,Perth - South West,Major Cities of Australia
6064,-31.83533,115.8491,WA,Perth - South West,Major Cities of Australia
6065,-31.69444,115.84533,WA,Perth - South West,Major Cities of Australia
6066,-31.84269,115.89651,WA,Perth - South West,Major Cities of Australia
6067,-31.81606,115.89964,WA,Perth - South West,Major Cities of Australia
6068,-31.8262,115.94111,WA,Perth - South West,Major Cities of Australia
6069,-31.77303,116.00503,WA,Western Australia - Wheat Belt,Inner Regional Australia
6070,-31.92904,116.07927,WA,Perth - South West,Major Cities of Australia
6071,-31.88909,116.10043,WA,Perth - South West,Major Cities of Australia
6072,-31.90783,116.13205,WA,Perth - South West,Major Cities of Australia
6073,-31.94935,116.28143,WA,Perth - South West,Major Cities of Australia
6074,-31.89659,116.20454,WA,Western Australia - Wheat Belt,Inner Regional Australia
6076,-32.10896,116.20826,WA,Western Australia - Wheat Belt,Inner Regional Australia
6077,-31.69444,115.84533,WA,Perth - South West,Major Cities of Australia
6078,-31.69444,115.84533,WA,Western Australia - Wheat Belt,Inner Regional Australia
6079,-31.69444,115.84533,WA,Perth - South West,Major Cities of Australia
6081,-31.87605,116.14607,WA,Perth - South West,Major Cities of Australia
6082,-31.73837,116.29571,WA,Western Australia - Wheat Belt,Inner Regional Australia
6083,-31.79305,116.19664,WA,Western Australia - Wheat Belt,Inner Regional Australia
6084,-31.62202,116.07283,WA,Western Australia - Outback (South),Outer Regional Australia
6090,-31.86259,115.89425,WA,Perth - South West,Major Cities of Australia
6100,-31.97173,115.89603,WA,Perth - South West,Major Cities of Australia
6101,-31.98525,115.90858,WA,Perth - South West,Major Cities of Australia
6102,-32.00468,115.90806,WA,Perth - South West,Major Cities of Australia
6103,-31.96036,115.91346,WA,Perth - South West,Major Cities of Australia
6104,-31.9655,115.97763,WA,Perth - South West,Major Cities of Australia
6105,-31.95388,115.96329,WA,Perth - South West,Major Cities of Australia
6106,-31.99208,115.94556,WA,Perth - South West,Major Cities of Australia
6107,-32.01766,115.96714,WA,Perth - South West,Major Cities of Australia
6108,-32.06089,115.95358,WA,Perth - South West,Major Cities of Australia
6109,-32.0399,116.01317,WA,Perth - South West,Major Cities of Australia
6110,-32.07854,116.0086,WA,Perth - South West,Major Cities of Australia
6111,-32.09971,116.12496,WA,Western Australia - Wheat Belt,Inner Regional Australia
6112,-32.1579,115.99722,WA,Perth - South West,Major Cities of Australia
6121,-32.20893,115.91646,WA,Perth - South West,Major Cities of Australia
6122,-32.22172,116.0072,WA,Perth - South West,Major Cities of Australia
6123,-32.29518,115.98589,WA,Western Australia - Wheat Belt,Inner Regional Australia
6124,-32.33832,116.07249,WA,Western Australia - Wheat Belt,Inner Regional Australia
6125,-32.36443,115.90128,WA,Western Australia - Wheat Belt,Inner Regional Australia
6126,-32.44003,115.97704,WA,Western Australia - Wheat Belt,Inner Regional Australia
6147,-32.04377,115.94135,WA,Perth - South West,Major Cities of Australia
6148,-32.03018,115.92469,WA,Perth - South West,Major Cities of Australia
6149,-32.06494,115.85868,WA,Perth - South West,Major Cities of Australia
6150,-32.06168,115.83361,WA,Perth - South West,Major Cities of Australia
6151,-31.9822,115.86948,WA,Perth - South West,Major Cities of Australia
6152,-32.00851,115.87006,WA,Perth - South West,Major Cities of Australia
6153,-32.02436,115.83753,WA,Perth - South West,Major Cities of Australia
6154,-32.04006,115.82599,WA,Perth - South West,Major Cities of Australia
6155,-32.0615,115.89078,WA,Perth - South West,Major Cities of Australia
6156,-32.03954,115.80023,WA,Perth - South West,Major Cities of Australia
6157,-32.03823,115.78373,WA,Perth - South West,Major Cities of Australia
6158,-32.03854,115.76656,WA,Perth - South West,Major Cities of Australia
6159,-32.03522,115.75031,WA,Perth - South West,Major Cities of Australia
6160,-32.05407,115.75454,WA,Perth - South West,Major Cities of Australia
6161,-32.00555,115.52052,WA,Western Australia - Outback (South),Remote Australia
6162,-32.06877,115.75902,WA,Perth - South West,Major Cities of Australia
6163,-32.08667,115.80166,WA,Perth - South West,Major Cities of Australia
6164,-32.13021,115.85744,WA,Perth - South West,Major Cities of Australia
6165,-32.19598,115.79943,WA,Perth - South West,Major Cities of Australia
6166,-32.15229,115.78976,WA,Perth - South West,Major Cities of Australia
6167,-32.22366,115.83531,WA,Perth - South West,Major Cities of Australia
6168,-32.28196,115.75773,WA,Western Australia - Wheat Belt,Inner Regional Australia
6169,-32.3385,115.76395,WA,Perth - South West,Major Cities of Australia
6170,-32.26564,115.83597,WA,Perth - South West,Major Cities of Australia
6171,-32.32886,115.83326,WA,Western Australia - Wheat Belt,Inner Regional Australia
6172,-32.37547,115.75315,WA,Perth - South West,Major Cities of Australia
6173,-32.40741,115.75791,WA,Perth - South West,Major Cities of Australia
6174,-32.42656,115.76022,WA,Perth - South West,Major Cities of Australia
6175,-32.4459,115.75529,WA,Perth - South West,Major Cities of Australia
6176,-32.42167,115.81432,WA,Perth - South West,Major Cities of Australia
6180,-32.55798,115.72829,WA,Perth - South West,Major Cities of Australia
6181,-32.55798,115.72829,WA,Western Australia - Wheat Belt,Inner Regional Australia
6182,-32.44631,115.83226,WA,Western Australia - Wheat Belt,Inner Regional Australia
6207,-32.51429,115.95959,WA,Western Australia - Wheat Belt,Inner Regional Australia
6208,-32.63062,115.84759,WA,Western Australia - Wheat Belt,Inner Regional Australia
6209,-32.55798,115.72829,WA,Western Australia - Wheat Belt,Inner Regional Australia
6210,-32.55798,115.72829,WA,Perth - South West,Major Cities of Australia
6211,-32.60721,115.70694,WA,Western Australia - Wheat Belt,Inner Regional Australia
6213,-32.70206,116.12825,WA,Western Australia - Wheat Belt,Inner Regional Australia
6214,-32.75043,115.85938,WA,Western Australia - Wheat Belt,Inner Regional Australia
6215,-32.85381,115.89671,WA,Western Australia - Wheat Belt,Inner Regional Australia
6218,-32.94615,115.90311,WA,Western Australia - Wheat Belt,Inner Regional Australia
6219,-33.0035,115.8515,WA,Western Australia - Wheat Belt,Inner Regional Australia
6220,-33.03122,116.02978,WA,Western Australia - Wheat Belt,Inner Regional Australia
6221,-33.11933,115.90735,WA,Western Australia - Wheat Belt,Inner Regional Australia
6223,-33.18208,115.90322,WA,Western Australia - Wheat Belt,Inner Regional Australia
6224,-33.24514,115.84679,WA,Western Australia - Wheat Belt,Inner Regional Australia
6225,-33.35257,116.20489,WA,Western Australia - Outback (South),Outer Regional Australia
6226,-33.29183,115.84723,WA,Western Australia - Wheat Belt,Inner Regional Australia
6227,-33.32281,115.8686,WA,Western Australia - Wheat Belt,Inner Regional Australia
6228,-33.33806,115.7765,WA,Western Australia - Wheat Belt,Inner Regional Australia
6229,-33.3521,115.70738,WA,Western Australia - Wheat Belt,Inner Regional Australia
6230,-33.34108,115.6492,WA,Western Australia - Wheat Belt,Inner Regional Australia
6231,-33.36438,115.65556,WA,,
6232,-33.31663,115.70426,WA,Western Australia - Wheat Belt,Inner Regional Australia
6233,-33.27903,115.71443,WA,Western Australia - Wheat Belt,Inner Regional Australia
6236,-33.41044,115.82892,WA,Western Australia - Wheat Belt,Inner Regional Australia
6237,-33.47599,115.67406,WA,Western Australia - Wheat Belt,Inner Regional Australia
6239,-33.56487,115.92393,WA,Western Australia - Wheat Belt,Inner Regional Australia
6240,-33.54959,115.96614,WA,Western Australia - Wheat Belt,Inner Regional Australia
6243,-33.68873,116.20693,WA,Western Australia - Outback (South),Outer Regional Australia
6244,-33.76389,116.51544,WA,Western Australia - Outback (South),Outer Regional Australia
6251,-33.68266,115.88866,WA,Western Australia - Wheat Belt,Inner Regional Australia
6252,-33.74828,115.95673,WA,Western Australia - Wheat Belt,Inner Regional Australia
6253,-33.77394,116.03654,WA,Western Australia - Wheat Belt,Inner Regional Australia
6254,-33.84441,116.07264,WA,Western Australia - Outback (South),Outer Regional Australia
6255,-33.97161,116.15538,WA,Western Australia - Outback (South),Outer Regional Australia
6256,-34.05233,116.16658,WA,Western Australia - Outback (South),Outer Regional Australia
6258,-34.31282,116.40218,WA,Western Australia - Outback (South),Remote Australia
6260,-34.43874,115.86063,WA,Western Australia - Outback (South),Remote Australia
6262,-34.67776,116.14653,WA,Western Australia - Outback (South),Remote Australia
6271,-33.62118,115.61567,WA,Western Australia - Wheat Belt,Inner Regional Australia
6275,-34.0553,115.62652,WA,Western Australia - Outback (South),Outer Regional Australia
6280,-33.72873,115.30474,WA,Western Australia - Wheat Belt,Inner Regional Australia
6281,-33.61079,115.0768,WA,Western Australia - Wheat Belt,Inner Regional Australia
6282,-33.72288,115.02392,WA,Western Australia - Wheat Belt,Inner Regional Australia
6284,-33.85759,115.18868,WA,Western Australia - Wheat Belt,Inner Regional Australia
6285,-33.93983,115.25255,WA,Western Australia - Outback (South),Outer Regional Australia
6286,-34.06182,115.17653,WA,Western Australia - Wheat Belt,Inner Regional Australia
6288,-34.17102,115.23362,WA,Western Australia - Outback (South),Outer Regional Australia
6290,-34.29383,115.14223,WA,Western Australia - Outback (South),Outer Regional Australia
6302,-31.89641,116.73884,WA,Western Australia - Outback (South),Outer Regional Australia
6304,-32.17661,116.76028,WA,Western Australia - Outback (South),Outer Regional Australia
6306,-32.29652,117.14063,WA,Western Australia - Outback (South),Remote Australia
6308,-32.57901,116.66524,WA,Western Australia - Outback (South),Outer Regional Australia
6309,-32.66832,117.12923,WA,Western Australia - Outback (South),Outer Regional Australia
6311,-32.80353,117.1209,WA,Western Australia - Outback (South),Outer Regional Australia
6312,-32.97912,117.30686,WA,Western Australia - Outback (South),Remote Australia
6313,-33.05792,117.24328,WA,Western Australia - Outback (South),Outer Regional Australia
6315,-33.28627,117.3428,WA,Western Australia - Outback (South),Remote Australia
6316,-33.53231,117.38456,WA,Western Australia - Outback (South),Outer Regional Australia
6317,-33.64736,117.73891,WA,Western Australia - Outback (South),Remote Australia
6318,-33.86202,117.65113,WA,Western Australia - Outback (South),Outer Regional Australia
6320,-34.0964,117.7179,WA,Western Australia - Outback (South),Outer Regional Australia
6321,-34.26948,117.39853,WA,Western Australia - Outback (South),Outer Regional Australia
6322,-34.41197,117.49162,WA,Western Australia - Outback (South),Outer Regional Australia
6323,-34.48624,117.62552,WA,Western Australia - Outback (South),Outer Regional Australia
6324,-34.61829,117.78147,WA,Western Australia - Outback (South),Outer Regional Australia
6326,-34.76936,117.78534,WA,Western Australia - Outback (South),Outer Regional Australia
6327,-34.85854,117.59342,WA,Western Australia - Outback (South),Outer Regional Australia
6328,-34.88389,118.47699,WA,Western Australia - Outback (South),Remote Australia
6330,-34.90544,117.86329,WA,Western Australia - Outback (South),Outer Regional Australia
6331,-35.0269,117.884,WA,,
6332,-33.53673,116.92923,WA,,
6333,-34.89784,117.17081,WA,Western Australia - Outback (South),Outer Regional Australia
6335,-33.86902,118.11278,WA,Western Australia - Outback (South),Remote Australia
6336,-33.92824,118.5968,WA,Western Australia - Outback (South),Remote Australia
6337,-33.99045,119.23719,WA,Western Australia - Outback (South),Very Remote Australia
6338,-34.36286,118.65712,WA,Western Australia - Outback (South),Remote Australia
6341,-33.51365,118.21517,WA,Western Australia - Outback (South),Remote Australia
6343,-33.53556,118.79925,WA,Western Australia - Outback (South),Remote Australia
6346,-33.31907,120.34901,WA,Western Australia - Outback (South),Very Remote Australia
6348,-33.88131,120.14577,WA,Western Australia - Outback (South),Very Remote Australia
6350,-33.3194,117.76158,WA,Western Australia - Outback (South),Remote Australia
6351,-33.18937,117.92207,WA,Western Australia - Outback (South),Remote Australia
6352,-33.18547,118.08616,WA,Western Australia - Outback (South),Remote Australia
6353,-33.13138,118.51034,WA,Western Australia - Outback (South),Remote Australia
6355,-33.03269,119.09834,WA,Western Australia - Outback (South),Very Remote Australia
6356,-33.04302,119.85282,WA,Western Australia - Outback (South),Very Remote Australia
6357,-32.80966,118.72416,WA,Western Australia - Outback (South),Remote Australia
6358,-32.48392,118.67192,WA,Western Australia - Outback (South),Remote Australia
6359,-32.50578,119.25028,WA,Western Australia - Outback (South),Very Remote Australia
6361,-32.9894,117.7572,WA,Western Australia - Outback (South),Remote Australia
6363,-32.91979,118.00421,WA,Western Australia - Outback (South),Remote Australia
6365,-32.72314,118.28878,WA,Western Australia - Outback (South),Remote Australia
6367,-32.42265,118.35194,WA,Western Australia - Outback (South),Remote Australia
6368,-32.18946,118.33995,WA,Western Australia - Outback (South),Remote Australia
6369,-32.02368,118.80645,WA,Western Australia - Outback (South),Remote Australia
6370,-32.78459,117.59759,WA,Western Australia - Outback (South),Remote Australia
6372,-32.63398,117.72681,WA,Western Australia - Outback (South),Remote Australia
6373,-32.49542,117.7639,WA,Western Australia - Outback (South),Remote Australia
6375,-32.28628,117.87984,WA,Western Australia - Outback (South),Remote Australia
6383,-31.953,117.37688,WA,Western Australia - Outback (South),Outer Regional Australia
6384,-31.95555,117.66621,WA,Western Australia - Outback (South),Outer Regional Australia
6385,-31.90207,117.7473,WA,Western Australia - Outback (South),Remote Australia
6386,-31.95007,117.81514,WA,Western Australia - Outback (South),Remote Australia
6390,-32.80544,116.41337,WA,Western Australia - Outback (South),Outer Regional Australia
6391,-33.0633,116.7732,WA,Western Australia - Outback (South),Outer Regional Australia
6392,-33.33682,116.65711,WA,Western Australia - Outback (South),Outer Regional Australia
6393,-33.53823,116.85396,WA,Western Australia - Outback (South),Outer Regional Australia
6394,-33.80772,116.95572,WA,Western Australia - Outback (South),Outer Regional Australia
6395,-33.88515,117.06528,WA,Western Australia - Outback (South),Outer Regional Australia
6396,-34.35546,117.0315,WA,Western Australia - Outback (South),Outer Regional Australia
6397,-34.54367,116.95536,WA,Western Australia - Outback (South),Outer Regional Australia
6398,-34.78861,116.60404,WA,Western Australia - Outback (South),Remote Australia
6401,-31.63964,116.6755,WA,Western Australia - Outback (South),Outer Regional Australia
6403,-31.6439,116.79748,WA,Western Australia - Wheat Belt,Inner Regional Australia
6405,-31.60582,117.02019,WA,Western Australia - Outback (South),Outer Regional Australia
6407,-31.65114,117.22206,WA,Western Australia - Outback (South),Outer Regional Australia
6409,-31.61169,117.48042,WA,Western Australia - Outback (South),Outer Regional Australia
6410,-31.57999,117.67999,WA,Western Australia - Outback (South),Outer Regional Australia
6411,-31.55053,117.90531,WA,Western Australia - Outback (South),Outer Regional Australia
6412,-31.60108,117.97982,WA,Western Australia - Outback (South),Outer Regional Australia
6413,-31.55564,118.06404,WA,Western Australia - Outback (South),Outer Regional Australia
6414,-31.52676,118.1678,WA,Western Australia - Outback (South),Outer Regional Australia
6415,-31.48122,118.28998,WA,Western Australia - Outback (South),Remote Australia
6418,-31.89554,118.1626,WA,Western Australia - Outback (South),Remote Australia
6419,-32.03118,118.09778,WA,Western Australia - Outback (South),Remote Australia
6420,-31.74834,118.71826,WA,Western Australia - Outback (South),Remote Australia
6421,-31.32754,118.52421,WA,Western Australia - Outback (South),Remote Australia
6422,-31.38412,118.5644,WA,Western Australia - Outback (South),Remote Australia
6423,-31.1255,118.69292,WA,Western Australia - Outback (South),Remote Australia
6424,-31.29634,118.89627,WA,Western Australia - Outback (South),Remote Australia
6425,-31.39815,119.1432,WA,Western Australia - Outback (South),Remote Australia
6426,-30.36131,119.31127,WA,Western Australia - Outback (South),Remote Australia
6427,-30.85057,119.5409,WA,Western Australia - Outback (South),Remote Australia
6428,-32.142,118.02054,WA,Western Australia - Outback (South),Remote Australia
6429,-30.94979,120.89889,WA,Western Australia - Outback (South),Very Remote Australia
6430,-30.61266,121.44655,WA,Western Australia - Outback (South),Very Remote Australia
6431,-30.40364,122.68388,WA,Western Australia - Outback (South),Very Remote Australia
6432,-30.87101,121.54178,WA,Western Australia - Outback (South),Very Remote Australia
6433,-30.75739,121.4791,WA,,
6434,-30.82016,125.67282,WA,Western Australia - Outback (South),Very Remote Australia
6435,-28.21931,120.44875,WA,,
6436,-29.60225,124.85684,WA,Western Australia - Outback (South),Very Remote Australia
6437,-27.68439,120.5298,WA,Western Australia - Outback (South),Very Remote Australia
6438,-28.90003,121.09265,WA,Western Australia - Outback (South),Very Remote Australia
6440,-26.16894,125.73316,WA,Western Australia - Outback (South),Very Remote Australia
6442,-31.24161,121.76074,WA,Western Australia - Outback (South),Very Remote Australia
6443,-32.39502,123.74419,WA,Western Australia - Outback (South),Very Remote Australia
6445,-32.9817,121.63873,WA,Western Australia - Outback (South),Very Remote Australia
6446,-33.22344,121.68232,WA,Western Australia - Outback (South),Remote Australia
6447,-33.45132,121.73221,WA,Western Australia - Outback (South),Very Remote Australia
6448,-33.65055,121.7989,WA,Western Australia - Outback (South),Remote Australia
6450,-33.40115,122.21113,WA,Western Australia - Outback (South),Very Remote Australia
6452,-32.91833,122.895,WA,Western Australia - Outback (South),Very Remote Australia
6460,-31.26665,116.77903,WA,Western Australia - Outback (South),Outer Regional Australia
6461,-31.14072,117.08333,WA,Western Australia - Outback (South),Outer Regional Australia
6462,-31.12529,117.20435,WA,Western Australia - Outback (South),Outer Regional Australia
6463,-31.1265,117.2493,WA,Western Australia - Outback (South),Outer Regional Australia
6465,-30.85998,117.07116,WA,Western Australia - Outback (South),Outer Regional Australia
6466,-30.71909,117.10037,WA,Western Australia - Outback (South),Remote Australia
6467,-30.56131,117.15337,WA,Western Australia - Outback (South),Remote Australia
6468,-30.21456,117.14446,WA,Western Australia - Outback (South),Remote Australia
6470,-30.46643,117.28701,WA,Western Australia - Outback (South),Remote Australia
6472,-30.25183,117.79198,WA,Western Australia - Outback (South),Remote Australia
6473,-30.489,118.13352,WA,Western Australia - Outback (South),Remote Australia
6475,-30.61398,117.44049,WA,Western Australia - Outback (South),Remote Australia
6476,-30.76493,117.67917,WA,Western Australia - Outback (South),Remote Australia
6477,-30.77596,117.93876,WA,Western Australia - Outback (South),Remote Australia
6479,-30.73397,118.4653,WA,Western Australia - Outback (South),Remote Australia
6480,-31.29008,118.22061,WA,Western Australia - Outback (South),Remote Australia
6484,-30.96068,119.07891,WA,Western Australia - Outback (South),Remote Australia
6485,-31.18472,117.38106,WA,Western Australia - Outback (South),Outer Regional Australia
6487,-31.16826,117.66005,WA,Western Australia - Outback (South),Remote Australia
6488,-31.12757,117.73584,WA,Western Australia - Outback (South),Remote Australia
6489,-31.12327,117.94562,WA,Western Australia - Outback (South),Remote Australia
6490,-31.16183,118.10706,WA,Western Australia - Outback (South),Remote Australia
6501,-31.54181,115.9455,WA,Western Australia - Wheat Belt,Inner Regional Australia
6502,-31.29756,116.18427,WA,Western Australia - Outback (South),Outer Regional Australia
6503,-31.23741,115.82111,WA,Western Australia - Outback (South),Outer Regional Australia
6504,-31.31079,116.0423,WA,Western Australia - Outback (South),Outer Regional Australia
6505,-31.16142,116.10443,WA,Western Australia - Outback (South),Outer Regional Australia
6506,-31.07028,116.11028,WA,Western Australia - Outback (South),Outer Regional Australia
6507,-30.72155,115.71871,WA,Western Australia - Outback (South),Outer Regional Australia
6509,-30.91227,116.25262,WA,Western Australia - Outback (South),Outer Regional Australia
6510,-30.70115,116.09027,WA,Western Australia - Outback (South),Outer Regional Australia
6511,-30.56812,115.2502,WA,Western Australia - Outback (South),Outer Regional Australia
6512,-30.44667,116.07017,WA,Western Australia - Outback (South),Outer Regional Australia
6513,-30.27368,116.06062,WA,Western Australia - Outback (South),Remote Australia
6514,-30.02737,115.08715,WA,Western Australia - Outback (South),Remote Australia
6515,-29.96728,115.85642,WA,Western Australia - Outback (South),Remote Australia
6516,-30.22554,115.20926,WA,Western Australia - Outback (South),Outer Regional Australia
6517,-29.74067,115.83942,WA,Western Australia - Outback (South),Remote Australia
6518,-29.77492,115.18074,WA,Western Australia - Outback (South),Remote Australia
6519,-29.5143,115.59771,WA,Western Australia - Outback (South),Remote Australia
6521,-30.34851,115.64092,WA,Western Australia - Outback (South),Outer Regional Australia
6522,-29.13937,115.48557,WA,Western Australia - Outback (South),Outer Regional Australia
6525,-29.32732,115.09807,WA,Western Australia - Outback (South),Outer Regional Australia
6528,-28.98589,114.81518,WA,Western Australia - Outback (South),Outer Regional Australia
6530,-28.79597,114.80773,WA,Western Australia - Outback (South),Very Remote Australia
6531,-30.5261,115.17635,WA,,
6532,-28.44089,115.0046,WA,Western Australia - Outback (South),Very Remote Australia
6535,-27.8322,114.85244,WA,Western Australia - Outback (South),Remote Australia
6536,-27.54184,114.37968,WA,Western Australia - Outback (South),Remote Australia
6537,-26.76589,114.43057,WA,Western Australia - Outback (South),Very Remote Australia
6556,-31.86059,116.31025,WA,Western Australia - Wheat Belt,Inner Regional Australia
6558,-31.77145,116.31339,WA,Western Australia - Wheat Belt,Inner Regional Australia
6560,-31.81767,116.42856,WA,Western Australia - Wheat Belt,Inner Regional Australia
6562,-31.74619,116.47343,WA,Western Australia - Wheat Belt,Inner Regional Australia
6564,-31.72661,116.53897,WA,Western Australia - Wheat Belt,Inner Regional Australia
6566,-31.48485,116.38064,WA,Western Australia - Outback (South),Outer Regional Australia
6567,-31.45921,116.41996,WA,Western Australia - Outback (South),Outer Regional Australia
6568,-31.24658,116.53746,WA,Western Australia - Outback (South),Outer Regional Australia
6569,-31.05591,116.45825,WA,Western Australia - Outback (South),Outer Regional Australia
6571,-30.94045,116.39662,WA,Western Australia - Outback (South),Outer Regional Australia
6572,-30.80467,116.3963,WA,Western Australia - Outback (South),Outer Regional Australia
6574,-30.65091,116.42524,WA,Western Australia - Outback (South),Outer Regional Australia
6575,-30.41087,116.42443,WA,Western Australia - Outback (South),Outer Regional Australia
6603,-30.87424,116.72598,WA,Western Australia - Outback (South),Outer Regional Australia
6605,-30.73016,116.76296,WA,Western Australia - Outback (South),Remote Australia
6606,-30.58072,116.8239,WA,Western Australia - Outback (South),Remote Australia
6608,-30.42933,116.82659,WA,Western Australia - Outback (South),Remote Australia
6609,-30.26649,116.75063,WA,Western Australia - Outback (South),Remote Australia
6612,-29.54514,117.83518,WA,Western Australia - Outback (South),Very Remote Australia
6613,-29.96263,116.52355,WA,Western Australia - Outback (South),Remote Australia
6614,-29.8888,116.55187,WA,Western Australia - Outback (South),Remote Australia
6616,-29.76691,116.43422,WA,Western Australia - Outback (South),Remote Australia
6620,-29.43494,116.66886,WA,Western Australia - Outback (South),Remote Australia
6623,-29.02168,116.12046,WA,Western Australia - Outback (South),Remote Australia
6625,-29.10743,115.94671,WA,Western Australia - Outback (South),Remote Australia
6627,-28.85046,115.90202,WA,Western Australia - Outback (South),Remote Australia
6628,-28.83385,115.7648,WA,Western Australia - Outback (South),Remote Australia
6630,-27.731,115.66607,WA,Western Australia - Outback (South),Very Remote Australia
6631,-28.46368,115.75544,WA,Western Australia - Outback (South),Remote Australia
6632,-28.61989,115.33836,WA,Western Australia - Outback (South),Remote Australia
6635,-28.15073,116.68941,WA,Western Australia - Outback (South),Very Remote Australia
6638,-28.61245,118.15757,WA,Western Australia - Outback (South),Very Remote Australia
6639,-27.68492,119.4098,WA,Western Australia - Outback (South),Very Remote Australia
6640,-27.0032,117.67465,WA,Western Australia - Outback (South),Very Remote Australia
6642,-25.72034,118.57472,WA,Western Australia - Outback (South),Very Remote Australia
6646,-25.91272,121.21491,WA,Western Australia - Outback (South),Very Remote Australia
6701,-24.73455,115.15198,WA,Western Australia - Outback (South),Very Remote Australia
6705,-25.11129,115.01149,WA,Western Australia - Outback (South),Very Remote Australia
6707,-22.26503,113.95479,WA,Western Australia - Outback (South),Very Remote Australia
6710,-22.13346,115.44897,WA,Western Australia - Outback (South),Very Remote Australia
6711,-21.46193,115.00109,WA,,
6712,-20.78581,115.40734,WA,Western Australia - Outback (South),Very Remote Australia
6713,-20.67631,116.70955,WA,Western Australia - Outback (South),Very Remote Australia
6714,-21.14506,116.34993,WA,Western Australia - Outback (South),Very Remote Australia
6716,-21.60532,116.31199,WA,Western Australia - Outback (South),Very Remote Australia
6718,-20.9715,117.74097,WA,Western Australia - Outback (South),Very Remote Australia
6720,-20.69929,117.06761,WA,Western Australia - Outback (South),Very Remote Australia
6721,-20.7108,118.44172,WA,Western Australia - Outback (South),Very Remote Australia
6722,-20.40785,118.60667,WA,Western Australia - Outback (South),Very Remote Australia
6723,-20.2103,119.72749,WA,,
6725,-18.77337,122.75379,WA,Western Australia - Outback (South),Very Remote Australia
6726,-17.95018,122.19642,WA,Western Australia - Outback (South),Remote Australia
6728,-17.19253,124.52668,WA,Western Australia - Outback (South),Very Remote Australia
6731,-16.09862,123.61052,WA,,
6733,-16.13485,123.75396,WA,,
6740,-14.96269,128.39719,WA,Western Australia - Outback (South),Very Remote Australia
6743,-16.99077,129.50325,WA,Western Australia - Outback (South),Very Remote Australia
6751,-22.14125,117.05778,WA,Western Australia - Outback (South),Very Remote Australia
6753,-23.25003,120.26174,WA,Western Australia - Outback (South),Very Remote Australia
6754,-23.30375,117.47663,WA,Western Australia - Outback (South),Very Remote Australia
6758,-22.05558,120.28227,WA,Western Australia - Outback (South),Very Remote Australia
6760,-22.02661,124.38389,WA,Western Australia - Outback (South),Very Remote Australia
6761,-20.4036,120.46997,WA,,
6762,-21.71222,122.2248,WA,Western Australia - Outback (South),Very Remote Australia
6765,-18.79548,125.6034,WA,Western Australia - Outback (South),Very Remote Australia
6770,-18.72287,127.75341,WA,Western Australia - Outback (South),Very Remote Australia
6800,-31.99212,115.76323,WA,,
6803,-31.93927,115.86914,WA,,
6809,-31.99212,115.76323,WA,,
6817,-31.99212,115.76323,WA,,
6820,-31.99212,115.76323,WA,,
6827,-31.99212,115.76323,WA,,
6830,-31.99212,115.76323,WA,,
6831,-31.95505,115.85753,WA,,
6832,-31.95815,115.86673,WA,,
6837,-31.99212,115.76323,WA,,
6838,-31.99212,115.76323,WA,,
6839,-31.99212,115.76323,WA,,
6840,-31.99212,115.76323,WA,,
6841,-31.99212,115.76323,WA,,
6842,-31.99212,115.76323,WA,,
6843,-31.99212,115.76323,WA,,
6844,-31.99212,115.76323,WA,,
6845,-31.99212,115.76323,WA,,
6846,-31.99212,115.76323,WA,,
6847,-31.99212,115.76323,WA,,
6848,-31.99212,115.76323,WA,,
6849,-31.9488,115.864,WA,,
6850,-32.80796,115.59345,WA,,
6865,-31.93927,115.86914,WA,,
6872,-31.94319,115.8764,WA,,
6892,-31.7771,115.81789,WA,,
6900,-31.93567,115.83433,WA,,
6901,-31.94455,115.87592,WA,,
6902,-31.93567,115.83433,WA,,
6903,-31.93567,115.83433,WA,,
6904,-31.94678,115.82931,WA,,
6905,-27.6728,121.628,WA,,
6906,-31.982,115.76096,WA,,
6907,-31.98579,115.80469,WA,,
6909,-31.98579,115.80469,WA,,
6910,-31.98149,115.7745,WA,,
6911,-32.40341,115.76198,WA,,
6912,-32.01175,115.76314,WA,,
6913,-31.93639,115.80817,WA,,
6914,-31.8616,115.81521,WA,,
6915,-31.95413,115.84826,WA,,
6916,-31.88588,115.8048,WA,,
6917,-31.88588,115.8048,WA,,
6918,-31.89196,115.78682,WA,,
6919,-31.76335,115.75641,WA,,
6920,-31.85941,115.77544,WA,,
6921,-31.88233,115.79188,WA,,
6922,-31.90139,115.79501,WA,,
6923,-31.79583,115.75441,WA,,
6924,-32.55982,115.79735,WA,,
6925,-32.10896,116.20826,WA,,
6926,-31.93903,116.01252,WA,,
6929,-31.95413,115.84826,WA,,
6931,-31.93811,115.89959,WA,,
6932,-31.92324,115.88276,WA,,
6933,-31.90715,115.89655,WA,,
6934,-31.9151,115.9211,WA,,
6935,-31.92372,115.92113,WA,,
6936,-31.8918,116.013,WA,,
6937,-31.89675,115.84681,WA,,
6938,-31.89675,115.84681,WA,,
6939,-31.89675,115.84681,WA,,
6940,-31.89675,115.84681,WA,,
6941,-31.84204,115.85519,WA,,
6942,-31.9018,115.94257,WA,,
6943,-31.88792,115.89292,WA,,
6944,-31.86486,115.89553,WA,,
6945,-31.8556,115.893,WA,,
6946,-31.61756,115.71508,WA,,
6947,-31.69444,115.84533,WA,,
6951,-32.06871,115.82172,WA,,
6952,-31.8917,115.81792,WA,,
6953,-32.02436,115.83752,WA,,
6954,-32.04006,115.82599,WA,,
6955,-32.0615,115.89078,WA,,
6956,-31.98806,115.85359,WA,,
6957,-32.03823,115.78373,WA,,
6959,-32.06711,115.9864,WA,,
6960,-32.04,115.816,WA,,
6961,-32.03823,115.78373,WA,,
6963,-32.07695,115.78871,WA,,
6964,-32.02275,115.86018,WA,,
6965,-32.08478,115.79872,WA,,
6966,-32.14319,115.85983,WA,,
6967,-32.28196,115.75773,WA,,
6968,-32.10777,115.78269,WA,,
6969,-32.26402,115.74507,WA,,
6970,-32.0615,115.89078,WA,,
6979,-31.95458,115.8962,WA,,
6980,-32.01766,115.96714,WA,,
6981,-31.95183,115.87696,WA,,
6982,-31.86982,116.16912,WA,,
6983,-32.00564,115.90443,WA,,
6984,-31.96577,115.93346,WA,,
6985,-33.62528,115.60016,WA,,
6986,-31.99208,115.94556,WA,,
6987,-32.01766,115.96714,WA,,
6988,-32.05001,115.96476,WA,,
6989,-32.0396,116.00957,WA,,
6990,-32.06041,116.00846,WA,,
6991,-32.09788,116.09596,WA,,
6992,-31.9645,115.92039,WA,,
6997,-32.09788,116.09596,WA,,
7000,-42.87835,147.308,TAS,South East,Inner Regional Australia
7001,-43.53591,146.35605,TAS,,
7002,-42.89969,147.44635,TAS,,
7004,-42.89015,147.32893,TAS,South East,Inner Regional Australia
7005,-42.9162,147.3368,TAS,South East,Inner Regional Australia
7006,-42.90811,147.34439,TAS,,
7007,-42.92286,147.3195,TAS,South East,Inner Regional Australia
7008,-42.86193,147.29327,TAS,South East,Inner Regional Australia
7009,-42.84261,147.28968,TAS,South East,Inner Regional Australia
7010,-42.85913,147.21237,TAS,South East,Inner Regional Australia
7011,-42.79339,147.23006,TAS,South East,Inner Regional Australia
7012,-42.83372,147.17438,TAS,South East,Inner Regional Australia
7015,-42.83903,147.36017,TAS,South East,Inner Regional Australia
7016,-42.81355,147.34638,TAS,South East,Inner Regional Australia
7017,-42.71927,147.31511,TAS,West and North West,Outer Regional Australia
7018,-42.87759,147.38568,TAS,South East,Inner Regional Australia
7019,-42.89878,147.43334,TAS,South East,Inner Regional Australia
7020,-42.96574,147.47851,TAS,West and North West,Outer Regional Australia
7021,-42.9068,147.48002,TAS,South East,Inner Regional Australia
7022,-43.05316,147.47988,TAS,West and North West,Outer Regional Australia
7023,-42.98831,147.40932,TAS,West and North West,Outer Regional Australia
7024,-42.95041,147.51218,TAS,South East,Inner Regional Australia
7025,-42.73026,147.43967,TAS,West and North West,Outer Regional Australia
7026,-42.64604,147.45136,TAS,West and North West,Outer Regional Australia
7027,-42.53638,147.3835,TAS,West and North West,Outer Regional Australia
7030,-42.31704,146.96714,TAS,West and North West,Remote Australia
7050,-42.9755,147.29818,TAS,South East,Inner Regional Australia
7051,-42.98739,147.32724,TAS,,
7052,-43.00805,147.3093,TAS,South East,Inner Regional Australia
7053,-42.94731,147.3347,TAS,South East,Inner Regional Australia
7054,-43.00658,147.2567,TAS,West and North West,Outer Regional Australia
7055,-42.99471,147.2852,TAS,South East,Inner Regional Australia
7109,-43.57109,146.52406,TAS,West and North West,Remote Australia
7112,-43.28661,147.1362,TAS,West and North West,Outer Regional Australia
7113,-43.09105,146.97049,TAS,West and North West,Outer Regional Australia
7116,-43.26212,147.03435,TAS,West and North West,Remote Australia
7117,-43.33843,147.04013,TAS,West and North West,Outer Regional Australia
7119,-42.43189,147.36537,TAS,West and North West,Outer Regional Australia
7120,-42.31694,147.48727,TAS,West and North West,Outer Regional Australia
7139,-42.71549,145.9253,TAS,West and North West,Remote Australia
7140,-42.54421,146.45502,TAS,West and North West,Remote Australia
7150,-43.07759,147.95844,TAS,West and North West,Outer Regional Australia
7151,-41.51872,146.64266,TAS,,
7155,-43.12887,147.21692,TAS,West and North West,Outer Regional Australia
7162,-43.15865,147.20963,TAS,West and North West,Outer Regional Australia
7163,-43.20977,147.22748,TAS,West and North West,Outer Regional Australia
7170,-42.85132,147.44979,TAS,South East,Inner Regional Australia
7171,-42.78011,147.48828,TAS,South East,Inner Regional Australia
7172,-42.73029,147.6317,TAS,West and North West,Outer Regional Australia
7173,-42.82365,147.63074,TAS,West and North West,Outer Regional Australia
7174,-42.80768,147.74328,TAS,West and North West,Outer Regional Australia
7175,-42.81861,147.82859,TAS,West and North West,Outer Regional Australia
7176,-42.7531,147.83767,TAS,West and North West,Outer Regional Australia
7177,-42.88419,147.97649,TAS,West and North West,Outer Regional Australia
7178,-42.95847,147.90615,TAS,West and North West,Outer Regional Australia
7179,-43.03383,147.94496,TAS,West and North West,Outer Regional Australia
7180,-43.13871,148.00656,TAS,West and North West,Outer Regional Australia
7182,-43.17434,147.86154,TAS,West and North West,Outer Regional Australia
7183,-43.17119,147.75059,TAS,West and North West,Outer Regional Australia
7184,-43.16934,147.72853,TAS,West and North West,Outer Regional Australia
7185,-43.0629,147.75378,TAS,West and North West,Outer Regional Australia
7186,-43.02952,147.66398,TAS,West and North West,Outer Regional Australia
7187,-43.02774,147.84803,TAS,West and North West,Outer Regional Australia
7190,-42.62988,148.0917,TAS,West and North West,Remote Australia
7209,-42.10458,147.61431,TAS,West and North West,Remote Australia
7210,-41.91592,147.41075,TAS,West and North West,Remote Australia
7211,-41.78862,147.31709,TAS,West and North West,Outer Regional Australia
7212,-41.56788,147.48841,TAS,West and North West,Outer Regional Australia
7213,-41.81691,147.7663,TAS,West and North West,Remote Australia
7214,-41.60072,147.8974,TAS,West and North West,Outer Regional Australia
7215,-42.28145,148.27553,TAS,West and North West,Remote Australia
7216,-41.28424,148.0764,TAS,West and North West,Outer Regional Australia
7248,-41.39724,147.13019,TAS,South East,Inner Regional Australia
7249,-41.47243,147.15779,TAS,South East,Inner Regional Australia
7250,-41.43225,147.07759,TAS,South East,Inner Regional Australia
7252,-41.14803,146.99252,TAS,West and North West,Outer Regional Australia
7253,-41.11742,146.83066,TAS,West and North West,Outer Regional Australia
7254,-41.13407,147.19802,TAS,West and North West,Outer Regional Australia
7255,-39.94938,148.32925,TAS,West and North West,Very Remote Australia
7256,-39.83095,144.15978,TAS,West and North West,Very Remote Australia
7257,-40.50598,148.33896,TAS,West and North West,Very Remote Australia
7258,-41.49994,147.20945,TAS,West and North West,Outer Regional Australia
7259,-41.35882,147.35769,TAS,West and North West,Outer Regional Australia
7260,-41.15879,147.50208,TAS,West and North West,Outer Regional Australia
7261,-41.12694,147.56782,TAS,West and North West,Outer Regional Australia
7262,-40.80151,147.63004,TAS,West and North West,Outer Regional Australia
7263,-41.30879,147.70265,TAS,West and North West,Outer Regional Australia
7264,-41.01635,148.05178,TAS,West and North West,Remote Australia
7265,-41.08106,147.82343,TAS,West and North West,Outer Regional Australia
7267,-41.26491,147.0864,TAS,West and North West,Outer Regional Australia
7268,-41.33389,147.15276,TAS,West and North West,Outer Regional Australia
7270,-41.17792,146.78395,TAS,West and North West,Outer Regional Australia
7275,-41.31989,146.83532,TAS,West and North West,Outer Regional Australia
7276,-41.29308,146.97202,TAS,West and North West,Outer Regional Australia
7277,-41.36642,146.99698,TAS,West and North West,Outer Regional Australia
7290,-41.51251,147.0686,TAS,South East,Inner Regional Australia
7291,-41.53063,147.0136,TAS,South East,Inner Regional Australia
7292,-41.4721,146.94473,TAS,West and North West,Outer Regional Australia
7300,-41.61429,147.21929,TAS,West and North West,Outer Regional Australia
7301,-41.60012,147.04648,TAS,West and North West,Outer Regional Australia
7302,-41.70457,146.98829,TAS,West and North West,Outer Regional Australia
7303,-41.59491,146.81508,TAS,West and North West,Outer Regional Australia
7304,-41.71679,146.16889,TAS,West and North West,Remote Australia
7305,-41.35232,146.41213,TAS,West and North West,Outer Regional Australia
7306,-41.46696,146.19611,TAS,West and North West,Remote Australia
7307,-41.21049,146.57356,TAS,West and North West,Outer Regional Australia
7310,-41.23735,146.23941,TAS,West and North West,Outer Regional Australia
7315,-41.30317,146.07241,TAS,West and North West,Outer Regional Australia
7316,-41.26971,145.93178,TAS,West and North West,Outer Regional Australia
7320,-41.08422,145.86208,TAS,West and North West,Outer Regional Australia
7321,-41.45639,145.50373,TAS,West and North West,Remote Australia
7322,-41.04447,145.80453,TAS,West and North West,Outer Regional Australia
7325,-41.10031,145.60756,TAS,West and North West,Outer Regional Australia
7330,-40.78234,145.05762,TAS,West and North West,Remote Australia
7331,-40.75855,145.27542,TAS,West and North West,Outer Regional Australia
7466,-42.29131,145.80745,TAS,West and North West,Remote Australia
7467,-42.09373,145.52969,TAS,West and North West,Remote Australia
7468,-42.70603,145.53767,TAS,West and North West,Remote Australia
7469,-41.78439,145.20163,TAS,West and North West,Remote Australia
7470,-41.90213,145.50057,TAS,West and North West,Remote Australia
8001,-37.81444,144.98258,VIC,,
8002,-37.81444,144.98258,VIC,,
8003,-37.8183,144.957,VIC,,
8004,-36.5588,145.46899,VIC,,
8005,-37.82461,144.95086,VIC,,
8006,-37.8097,144.95931,VIC,,
8007,-37.8183,144.957,VIC,,
8008,-37.84425,144.97016,VIC,,
8009,-37.8172,144.96453,VIC,,
8010,-38.18586,146.29373,VIC,,
8011,-37.81131,144.96175,VIC,,
8012,-37.81472,144.94804,VIC,,
8045,-37.81444,144.98258,VIC,,
8051,-37.81444,144.98258,VIC,,
8066,-37.81444,144.98258,VIC,,
8069,-37.81444,144.98258,VIC,,
8070,-37.81444,144.98258,VIC,,
8071,-37.81444,144.98258,VIC,,
8102,-37.81444,144.98258,VIC,,
8107,-37.81444,144.98258,VIC,,
8111,-37.81444,144.98258,VIC,,
8120,-37.81444,144.98258,VIC,,
8205,-37.81444,144.98258,VIC,,
8383,-37.81444,144.98258,VIC,,
8438,-37.7981,144.81108,VIC,,
8511,-37.7981,144.81108,VIC,,
8785,-38.01611,145.2085,VIC,,
9000,-27.60348,152.82314,QLD,,
9001,-27.60348,152.82314,QLD,,
9002,-27.60348,152.82314,QLD,,
9005,-27.60348,152.82314,QLD,,
9007,-27.60348,152.82314,QLD,,
9009,-27.60348,152.82314,QLD,,
9010,-27.60348,152.82314,QLD,,
9013,-27.60348,152.82314,QLD,,
9015,-27.60348,152.82314,QLD,,
9464,-27.39706,153.07498,QLD,,
9726,-28.00878,153.4122,QLD,,
9999,-37.8174,144.95678,VIC,,
